# Blender 4.0.2
# www.blender.org
mtllib 01-low-poly-rock.mtl
o 01-rock-col
v -0.862829 1.989375 0.333318
v -0.663031 1.186449 1.467943
v -0.480178 1.257663 1.543016
v -0.007915 1.108268 1.577056
v 0.272142 0.992650 1.491568
v 0.837468 0.643759 1.586613
v 1.483712 0.901762 1.312381
v 1.858696 1.067701 0.867206
v 1.977542 1.167482 0.183405
v 2.077983 1.019279 -0.234349
v 1.726461 1.223935 -0.530433
v 1.644253 1.110426 -0.770280
v 1.439654 1.026198 -1.010675
v 0.557718 1.288113 -0.942228
v 0.359953 1.243349 -1.095358
v 0.072177 1.461615 -1.006431
v -0.642426 1.159091 -0.814294
v -1.187402 0.318642 -1.538888
v -1.218054 0.567320 -1.406220
v -1.125139 0.601481 -1.429376
v -1.313708 0.759270 -0.958137
v -0.936312 0.675169 -1.394538
v -0.789472 0.910965 -0.965472
v 1.398647 0.560206 -1.486121
v 1.439595 0.203929 -1.664429
v 1.339162 0.001878 -1.797496
v 1.149351 -0.255356 -1.846123
v 1.021010 -0.456025 -1.836468
v 0.727149 -0.848249 -1.758238
v 0.011466 -0.835053 -1.320568
v -0.086197 -0.789134 -1.270311
v -0.285217 -0.675119 -1.320802
v -0.551919 -0.545209 -1.286879
v -1.232949 -0.795613 0.652914
v -1.601970 -0.813897 0.177964
v -1.721837 -0.831323 -0.059867
v -1.787691 -0.821111 -0.245981
v -1.765936 -0.738567 -0.494390
v -1.619292 -0.640467 -0.781390
v -1.461906 -0.704820 -0.890719
v -1.565322 -0.353100 -1.059990
v -1.105255 -0.327847 -1.358335
v 0.623930 -1.624095 -0.990342
v 0.635782 -1.679574 -0.668558
v 0.506659 -1.690611 -0.550087
v 0.473056 -1.594983 0.588752
v 0.609757 -1.557333 0.742407
v 0.350167 -1.594399 0.832141
v 0.088772 -1.606258 0.985883
v -0.328565 -1.554266 1.165032
v -0.589068 -1.495410 1.174325
v -0.767547 -1.374850 1.177963
v -0.979676 -0.978222 0.931953
v -1.003254 -0.762750 0.864019
v -0.888591 0.815959 1.590751
v -1.098655 0.333089 1.426285
v -1.088991 0.211043 1.404418
v -1.080088 -0.006229 1.236074
v -1.102274 -0.264472 0.966103
v 0.733366 -1.472672 1.178095
v 0.943431 -1.371949 1.274287
v 1.180803 -1.173956 1.513546
v 1.370754 -0.959234 1.617626
v 1.433574 -0.711939 1.733033
v 1.487231 0.071777 1.605165
v 1.310247 0.240041 1.647609
v 0.898970 0.792645 1.499649
v 0.416463 1.085162 1.422547
v 0.883685 0.922251 1.448972
v 0.554896 1.064285 1.387296
v 0.735988 0.969636 1.412706
v 0.271516 1.359738 1.396535
v 0.663723 1.072608 1.370815
v -0.139884 1.785807 1.257694
v -0.085046 1.502675 1.442114
v 0.546187 1.362376 1.283837
v 0.895833 1.147469 1.312563
v -0.817737 1.487242 1.080417
v -0.403718 1.809487 1.128833
v 0.744425 1.263663 1.269747
v 1.165897 0.922338 1.400205
v -0.442971 1.965796 0.968893
v 0.050334 1.937237 1.085079
v 0.719133 1.417388 1.183787
v 1.353056 1.440107 0.880267
v 1.563071 1.193081 1.028813
v 0.383643 1.731589 1.130075
v 1.018430 1.427144 1.071508
v -0.303015 2.136402 0.640455
v -0.004900 2.109256 0.759326
v 0.311623 2.016832 0.750904
v 0.553367 1.887030 0.790922
v 0.945310 1.693641 0.751473
v 1.190416 1.611210 0.647619
v 1.535678 1.422184 0.662669
v 1.812288 1.238426 0.565245
v -0.428951 2.171551 0.457619
v -0.003005 2.163374 0.450272
v 1.751323 1.355463 0.210519
v -0.095534 2.187127 0.308621
v 0.163642 2.107968 0.241466
v 0.760374 1.843938 0.307762
v 1.119798 1.667716 0.112482
v -0.408073 2.185803 0.067909
v -0.127003 2.163047 0.004114
v 1.469261 1.527283 0.108518
v 1.773681 1.325562 -0.153192
v 0.288396 2.009956 0.007597
v 0.435352 1.847475 -0.215932
v -0.021382 2.084859 -0.156471
v 1.367824 1.540489 -0.209381
v 1.559466 1.448904 -0.170548
v -0.880486 1.834389 -0.223538
v -0.356084 2.087692 -0.231279
v -0.361085 1.996426 -0.361874
v -0.545596 1.669701 -0.630394
v -0.095286 2.020898 -0.350936
v -0.332706 1.877215 -0.529863
v -0.107388 1.890242 -0.556779
v 0.133409 1.831599 -0.532686
v 0.557877 1.473019 -0.694899
v -0.691733 1.487701 -0.681787
v -0.201353 1.762077 -0.669818
v 0.227918 1.702627 -0.643038
v 1.307050 1.365949 -0.587159
v -0.061544 1.747728 -0.717826
v -0.657880 1.374233 -0.747287
v 0.103867 1.597132 -0.842771
v -0.178253 1.575036 -0.855332
v -0.061872 1.562203 -0.895732
v 0.326995 1.494514 -0.826760
v 1.125763 1.246634 -0.838338
v -0.495680 1.328076 -0.843688
v -0.402059 1.437135 -0.843852
v -0.074664 1.345671 -1.084540
v 0.107385 1.305043 -1.150462
v 0.883162 1.115351 -1.072354
v 1.313574 1.136828 -0.936428
v 1.069629 0.964333 -1.227726
v -0.021603 1.215282 -1.222523
v 0.639511 1.023925 -1.246226
v -0.496342 1.107977 -0.951580
v -0.324157 1.108383 -1.110163
v 0.073194 1.150441 -1.314626
v 0.319501 1.116704 -1.250529
v 1.452074 0.830411 -1.218522
v -0.290116 0.876900 -1.391045
v -0.228048 0.858755 -1.457713
v -0.019406 0.963906 -1.470876
v 0.166844 1.061941 -1.380134
v 0.488447 0.890089 -1.439245
v 0.811717 0.802128 -1.467642
v 1.172464 0.712459 -1.465162
v -0.537715 0.964547 -1.046928
v 0.072113 0.954216 -1.512998
v 0.314405 0.812318 -1.562670
v 1.015887 0.765731 -1.463536
v -0.440304 0.903337 -1.241442
v -0.148841 0.905592 -1.452255
v -0.045598 0.863121 -1.538953
v 0.515452 0.652767 -1.655226
v -0.119620 0.798322 -1.546223
v 0.223601 0.769062 -1.590835
v 0.348474 0.634767 -1.637368
v 0.758957 0.637781 -1.635441
v 0.927949 0.544550 -1.679864
v -0.325473 0.819389 -1.446040
v -0.229699 0.756630 -1.537007
v 0.685191 0.518464 -1.731069
v -0.637225 0.864182 -1.150210
v -0.403797 0.779364 -1.454033
v -0.301301 0.693920 -1.543135
v 0.807842 0.413679 -1.780541
v 1.103356 0.419223 -1.725859
v -0.370992 0.641625 -1.549557
v 0.473381 0.329091 -1.709869
v 0.874734 0.262337 -1.826635
v 1.218541 0.208969 -1.793857
v -0.536779 0.721797 -1.464658
v -0.460706 0.572202 -1.559392
v 1.005498 0.292567 -1.823543
v -0.736208 0.802293 -1.237497
v -0.178279 0.342663 -1.504986
v 0.041431 0.262746 -1.533145
v 0.104475 0.525669 -1.581191
v 0.996236 -0.053963 -1.860947
v -1.032186 0.634613 -1.404515
v 0.676786 0.093286 -1.798569
v 0.842379 -0.217637 -1.843604
v -0.985745 0.542822 -1.491482
v -0.438608 0.256396 -1.500257
v -0.896300 0.352380 -1.588613
v 0.131460 0.099461 -1.554822
v 0.354800 -0.004579 -1.669324
v 0.456623 -0.149225 -1.721813
v 0.609985 -0.292167 -1.783962
v -1.073057 0.373773 -1.558303
v -0.744162 0.050358 -1.505679
v -0.560499 -0.006667 -1.439763
v -0.248434 -0.017204 -1.373241
v 0.123861 -0.114233 -1.543893
v -0.961773 -0.141741 -1.463667
v 0.694551 -0.543307 -1.800162
v 0.044414 -0.306009 -1.505776
v -0.309435 -0.085476 -1.356578
v -0.228491 -0.114825 -1.357754
v 0.329247 -0.666881 -1.654535
v -0.111111 -0.452431 -1.428449
v -0.471144 -0.272615 -1.343781
v 0.554543 -0.778656 -1.731622
v 0.086899 -0.515214 -1.539625
v 0.137716 -0.638081 -1.540032
v -0.113826 -0.620858 -1.402058
v 0.012664 -0.631355 -1.460918
v -0.625472 -0.366663 -1.339116
v -0.356080 -0.415533 -1.338331
v -0.101041 -0.699472 -1.343397
v 0.323763 -0.934392 -1.540720
v -0.168344 -0.584642 -1.388505
v -1.091191 -0.494813 -1.255929
v -0.059454 -0.898702 -1.226225
v 0.222724 -1.181245 -1.371696
v -0.835746 -0.595801 -1.236514
v -0.418036 -0.740640 -1.263063
v -0.848853 -0.891245 -1.062357
v -0.578586 -0.893743 -1.154955
v -0.182580 -0.890946 -1.166297
v 0.127967 -1.345068 -1.226569
v -0.062165 -1.317567 -1.072406
v 0.502476 -1.375666 -1.410555
v 0.530163 -1.504366 -1.272469
v -1.319002 -0.587381 -1.090081
v -0.318510 -1.118565 -1.035749
v 0.339231 -1.557503 -1.110420
v -1.049840 -0.813319 -1.039658
v -0.736035 -1.103521 -1.008658
v -0.540605 -1.276268 -0.894426
v -1.240664 -0.834931 -0.934340
v -1.207576 -1.036443 -0.807087
v -0.957081 -1.068522 -0.919911
v -0.772830 -1.213992 -0.894312
v -0.139113 -1.426075 -0.899162
v 0.130094 -1.521339 -1.006607
v 0.061758 -1.551012 -0.797071
v -1.527605 -0.839807 -0.719984
v -1.382342 -0.998629 -0.711545
v -1.018036 -1.169080 -0.787777
v -0.916335 -1.269556 -0.520025
v -0.549563 -1.335484 -0.683519
v -1.201144 -1.135602 -0.683191
v -1.092875 -1.233297 -0.454868
v -0.251315 -1.439474 -0.522379
v -1.379446 -1.081777 -0.592793
v -1.268227 -1.193166 -0.358020
v -1.688488 -0.911839 -0.446215
v -1.599254 -0.961384 -0.524483
v -1.446752 -1.106286 -0.357882
v 0.306198 -1.657305 -0.351075
v -1.689366 -0.948952 -0.266884
v -1.556622 -1.075501 -0.150469
v -0.826535 -1.360039 -0.174601
v -1.616697 -0.987400 -0.035631
v -1.345087 -1.232960 -0.007579
v -1.050959 -1.314136 -0.146907
v -0.647854 -1.392951 -0.106995
v -1.429925 -1.143248 0.133461
v -1.247308 -1.266639 0.122959
v -1.120032 -1.291600 0.348899
v -0.817779 -1.341105 0.025928
v -0.465512 -1.427802 0.013598
v -0.052623 -1.492830 0.011444
v -0.889680 -1.332006 0.240712
v -1.288188 -1.172534 0.343426
v -0.537208 -1.371048 0.223563
v -1.181832 -1.187979 0.499245
v -0.458009 -1.417587 0.310335
v -0.333841 -1.473806 0.163515
v 0.567915 -1.660086 -0.122194
v -1.041079 -1.314779 0.472991
v -0.292598 -1.513644 0.281864
v 0.315321 -1.605151 0.164318
v -1.113030 -0.971893 0.701086
v -1.096973 -1.191983 0.635012
v -0.989166 -1.319061 0.554214
v -0.533595 -1.390469 0.343646
v 0.010345 -1.586725 0.469825
v -1.028892 -1.246939 0.706420
v -0.873579 -1.372873 0.545704
v -0.832667 -1.409431 0.708267
v -0.734207 -1.377510 0.454526
v -0.682189 -1.472095 0.752667
v -0.351001 -1.608388 0.840484
v -0.269318 -1.593325 0.576723
v -0.886478 -1.323080 0.955657
v 0.327838 -1.606679 0.624428
v -0.631703 -1.159781 1.443202
v -0.036593 -1.573052 1.166187
v -0.803109 -1.062513 1.310353
v -0.125732 -1.484249 1.305476
v -0.086393 -1.494960 1.315569
v 0.471344 -1.555989 1.057079
v -0.908341 -0.654064 0.987950
v -0.239619 -1.221584 1.464528
v 0.273175 -1.453039 1.527290
v 0.216289 -1.535031 1.330469
v 0.490780 -1.520514 1.261247
v 0.478133 -1.466855 1.507101
v -0.923424 -0.548834 0.968834
v -0.778908 -0.741858 1.335870
v -0.669973 -0.911145 1.512336
v -0.419873 -0.919809 1.674469
v -0.800696 -0.508580 1.331121
v -0.680036 -0.711919 1.524206
v -0.164747 -1.166945 1.538851
v 0.495723 -1.349251 1.755215
v 0.715205 -1.349131 1.680866
v 0.873265 -1.341164 1.541323
v 0.097377 -1.030618 1.886638
v -0.242418 -0.805155 1.881951
v -0.912357 -0.265540 1.281733
v -0.675980 -0.560288 1.576919
v -0.210858 -0.739392 1.956267
v -0.420939 -0.526796 1.874175
v 1.008569 -1.183324 1.733332
v -0.686939 -0.342838 1.693811
v 0.702024 -1.121229 2.014312
v 0.211663 -0.777336 2.135485
v 0.620420 -0.837911 2.202040
v 0.853060 -0.844814 2.154076
v 1.073925 -0.965580 1.900665
v 1.252807 -0.876689 1.844768
v -0.611638 -0.092037 1.946392
v -0.373468 -0.271056 2.015004
v -0.047327 -0.421810 2.113251
v 0.075729 -0.540955 2.163243
v 0.608337 -0.527696 2.208887
v 1.114527 -0.696877 2.015301
v -0.803419 -0.079957 1.696210
v -0.174951 -0.321946 2.086065
v 0.048682 -0.238165 2.144267
v 0.340757 -0.477650 2.213636
v 0.869115 -0.310358 2.045318
v 1.365805 -0.774835 1.794178
v -1.016670 0.096880 1.436909
v -0.672968 0.057894 1.957532
v -0.333602 -0.087541 2.036466
v -0.092249 -0.074213 2.109239
v -1.027002 0.247788 1.561683
v -0.766774 0.167496 1.903308
v -0.540938 0.070653 1.972479
v 0.441875 -0.129094 2.042525
v 1.260399 -0.333110 1.854277
v -0.945862 0.324711 1.735878
v -0.865022 0.259290 1.820510
v -0.571837 0.251720 1.950123
v -0.366574 0.079214 2.018522
v -0.130865 0.161007 1.952657
v 0.795643 -0.085534 1.958667
v -0.999236 0.428330 1.662912
v -0.897253 0.417432 1.816615
v -0.757581 0.362245 1.877837
v 0.414716 0.153103 1.871269
v -0.905216 0.608907 1.688873
v 0.973685 0.092069 1.829098
v 1.183896 -0.093499 1.828336
v -0.735731 0.572282 1.795233
v -0.338751 0.542465 1.824064
v -0.792938 0.710731 1.723934
v -0.581482 0.649997 1.788097
v 0.282885 0.436606 1.698941
v 0.581775 0.277959 1.776939
v -0.164432 0.686574 1.741166
v 0.988903 0.343299 1.702498
v -0.609537 0.930752 1.672223
v 0.062689 0.268188 1.857740
v 0.157742 0.569144 1.669630
v 0.264005 0.592087 1.603218
v 0.501081 0.489844 1.614224
v 0.660621 0.417896 1.681621
v 0.425031 0.628781 1.510312
v 0.619083 0.551962 1.584845
v -0.302029 1.055131 1.658620
v 0.545964 0.663941 1.459036
v 0.217753 0.726396 1.567333
v -0.868912 0.928037 -0.899471
v -0.999326 0.844101 -1.063363
v -1.326148 0.657328 -1.167938
v -1.354228 0.399695 -1.424886
v -1.249467 -0.067659 -1.436400
v -0.835579 0.981372 -0.801923
v -1.467869 0.468577 -1.199649
v -1.483245 0.232714 -1.299752
v -1.446832 0.005802 -1.335345
v -1.148889 0.879096 -0.849992
v -1.554960 0.142070 -1.154142
v -0.750715 1.106271 -0.787264
v -1.001443 0.944806 -0.803113
v -1.459310 0.595707 -1.006771
v -1.463012 -0.246942 -1.228133
v -0.818836 1.057131 -0.761101
v -0.865777 1.007594 -0.748112
v -0.886893 1.067341 -0.713001
v -1.501573 0.644556 -0.747000
v -1.493123 0.604494 -0.860707
v -1.605139 -0.156564 -1.064647
v -1.545011 0.359408 -0.724578
v -0.834022 1.179907 -0.730505
v -1.494480 0.675498 -0.728046
v -1.629695 -0.409662 -0.922124
v -0.784458 1.320112 -0.713671
v -1.100197 1.040684 -0.612509
v -1.226230 0.948573 -0.618712
v -1.557174 0.385902 -0.581172
v -1.669427 -0.265966 -0.830102
v -0.992088 1.202832 -0.597234
v -1.641080 -0.031620 -0.711791
v -1.680070 -0.474535 -0.789050
v -1.024423 1.556569 -0.372695
v -1.035883 1.327743 -0.508762
v -1.483550 0.721386 -0.662026
v -1.633258 0.606397 -0.241778
v -1.235836 1.133886 -0.391339
v -1.396026 0.909958 -0.431876
v -1.709225 0.098191 -0.142713
v -1.655164 0.372417 -0.133711
v -1.599424 0.758033 -0.163249
v -1.765444 -0.251023 -0.368430
v -1.812734 -0.525780 -0.369063
v -1.824482 -0.685888 -0.304432
v -1.113569 1.756269 0.124796
v -1.238681 1.500925 -0.052602
v -1.857588 -0.357523 -0.026344
v -1.849797 -0.451160 -0.183435
v -1.808882 -0.641905 -0.058869
v -1.250214 1.576830 0.184083
v -1.490375 1.060867 0.107770
v -1.661328 0.706478 0.068978
v -1.828904 -0.248674 0.010359
v -1.806247 -0.560523 0.032611
v -1.153589 1.646379 0.491091
v -1.247149 1.545351 0.492210
v -1.394119 1.357851 0.283935
v -1.648013 0.679238 0.308342
v -1.684758 0.559793 0.293010
v -1.694487 0.448576 0.139880
v -1.771792 0.017859 0.071724
v -1.792232 -0.143078 0.086507
v -1.788444 -0.393117 0.177564
v -1.348162 1.432702 0.506759
v -1.378603 1.239403 0.575309
v -1.510270 1.093295 0.358724
v -1.713514 0.388556 0.296188
v -1.745734 0.198867 0.256086
v -1.788050 -0.059454 0.254476
v -1.333566 0.843226 0.742348
v -1.647692 0.390622 0.461135
v -1.723931 0.266773 0.436129
v -1.749562 0.165187 0.395625
v -1.729348 0.026325 0.407461
v -0.741846 1.827346 0.813125
v -1.720473 -0.293875 0.320244
v -1.488940 -0.694445 0.419813
v -1.226312 0.966420 0.936611
v -1.602588 0.283715 0.593157
v -1.588820 0.165775 0.640756
v -1.702918 -0.521260 0.245680
v -1.497304 0.250676 0.755960
v -1.442231 0.155068 0.831481
v -1.298366 -0.491527 0.671758
v -1.290983 0.654757 0.836846
v -1.392763 0.256875 0.904154
v -1.428905 -0.249297 0.660380
v -1.243183 0.296115 1.130043
v -1.180633 0.329422 1.228474
v -1.358122 0.188283 0.963901
v -1.303163 -0.121454 0.849936
v -1.008468 -0.596772 0.848503
v -1.025765 0.956645 1.223339
v -1.204124 -0.338310 0.811943
v -1.203990 0.195722 1.197683
v -1.151062 0.282962 1.333437
v 0.946684 -0.829370 -1.771039
v 1.226787 -0.760941 -1.728577
v 1.317568 -0.478333 -1.787763
v 1.460395 -0.226267 -1.762542
v 1.617105 0.245726 -1.507500
v 1.611135 0.581252 -1.313769
v 1.619243 -0.055855 -1.619440
v 0.779337 -1.448531 -1.354915
v 1.575743 -0.557116 -1.647983
v 1.644402 -0.322358 -1.642804
v 1.855611 -0.050040 -1.321860
v 1.867030 0.209594 -1.228844
v 1.881675 0.470761 -1.103932
v 1.754279 0.790779 -1.021855
v 0.971305 -1.042520 -1.670331
v 1.790133 -0.586809 -1.420416
v 1.826236 -0.309331 -1.408798
v 0.941462 -1.393509 -1.387102
v 1.139707 -1.309444 -1.392045
v 0.773041 -1.556485 -1.145557
v 1.101992 -1.512697 -0.988959
v 1.461268 -1.204784 -1.243667
v 1.723776 -0.924964 -1.265291
v 1.845091 -0.739589 -1.245292
v 1.991364 0.229990 -0.962395
v 1.343608 -1.358922 -1.102915
v 1.940667 -0.636215 -1.028400
v 2.025847 0.406265 -0.849604
v 2.006601 0.687399 -0.776929
v 0.874502 -1.631655 -0.735039
v 1.569712 -1.230809 -1.015918
v 1.846351 -0.924874 -1.040801
v 1.949534 -0.190193 -1.084370
v 1.869685 -0.999808 -0.631966
v 2.041802 -0.134537 -0.711537
v 2.183397 0.062419 -0.266487
v 2.047180 0.862682 -0.573078
v 1.547529 -1.310333 -0.545165
v 1.956304 -0.766501 -0.395605
v 2.018645 -0.484793 -0.435075
v 2.098353 -0.154750 -0.343855
v 2.169754 0.502812 -0.493655
v 1.343974 -1.441412 -0.583325
v 2.223802 0.668217 -0.283988
v 0.785686 -1.643851 -0.243208
v 0.948244 -1.596389 -0.243093
v 1.131339 -1.547702 -0.518670
v 2.134988 -0.180322 -0.068420
v 1.474615 -1.324409 -0.152497
v 1.772435 -1.111580 -0.214599
v 1.892028 -0.935958 -0.121551
v 1.947492 -0.738888 0.002327
v 2.254215 0.084700 -0.043911
v 2.278507 0.541576 -0.091080
v 2.015630 -0.495805 -0.039809
v 2.222820 0.815190 0.125475
v 1.205550 -1.461405 -0.080751
v 1.759057 -1.085608 0.182568
v 1.509295 -1.252800 0.194687
v 1.874066 -0.898502 0.212538
v 2.277442 0.420076 0.291501
v 0.673804 -1.577099 0.366553
v 0.899316 -1.511085 0.371495
v 1.138627 -1.434248 0.228801
v 1.851458 -0.945800 0.463103
v 1.949124 -0.701826 0.259499
v 2.145633 -0.182147 0.292376
v 2.140996 0.690983 0.780836
v 1.458379 -1.220418 0.530275
v 2.238073 0.428656 0.581884
v 1.264102 -1.315413 0.560115
v 1.558317 -1.136230 0.683459
v 1.835838 -0.921395 0.697840
v 1.941401 -0.720537 0.580019
v 2.055786 -0.403937 0.527011
v 2.215689 0.248854 0.703537
v 2.190394 0.293016 0.872552
v 1.858944 0.827654 1.124946
v 2.187967 0.078708 0.668453
v 2.040418 0.451322 1.122583
v 1.769090 -0.964780 0.799849
v 1.940967 -0.716497 0.767512
v 2.044341 -0.111965 1.064561
v 2.064371 0.156994 1.082710
v 1.068664 -1.405237 0.589302
v 1.301902 -1.237413 0.911185
v 1.790363 -0.879512 0.993660
v 1.944452 -0.651926 0.906276
v 1.912000 0.029663 1.281650
v 1.103039 -1.338529 0.957894
v 1.421407 -1.128905 1.088282
v 1.592864 -1.013692 1.068282
v 1.846039 -0.725558 1.160855
v 1.915358 -0.488689 1.186406
v 1.900023 -0.239246 1.234280
v 1.757705 0.196802 1.408488
v 1.678695 0.477528 1.402919
v 0.828988 -1.482659 0.796745
v 1.729079 -0.163845 1.453606
v 1.464998 -1.015250 1.354664
v 1.733271 -0.753707 1.369313
v 0.964518 -1.407460 0.936808
v 1.590254 -0.759218 1.505105
v 1.656085 -0.516523 1.515701
v 1.534273 -0.166159 1.621563
v 1.224538 -1.213557 1.280816
v 0.151282 0.846337 1.572273
v 2.158780 0.314593 0.839597
vn 0.1908 0.3510 0.9167
vn 0.3707 0.2334 0.8989
vn 0.2891 0.2404 0.9266
vn -0.5120 0.5599 0.6515
vn -0.1781 0.6064 0.7750
vn 0.3626 0.2758 0.8902
vn -0.0430 0.5193 0.8535
vn 0.1467 0.5067 0.8496
vn 0.1028 0.4308 0.8966
vn 0.3285 0.4827 0.8118
vn 0.3999 0.3109 0.8622
vn 0.0237 0.4909 0.8709
vn 0.0833 0.4383 0.8950
vn -0.5066 0.5512 0.6630
vn -0.0942 0.7975 0.5959
vn 0.2264 0.5771 0.7847
vn 0.2411 0.6424 0.7274
vn 0.3195 0.4807 0.8166
vn 0.5587 0.7212 0.4095
vn -0.5022 0.8362 0.2204
vn 0.2652 0.8705 0.4147
vn 0.3333 0.7828 0.5255
vn 0.4892 0.8658 0.1056
vn -0.4259 0.8192 0.3840
vn 0.6427 0.7535 0.1382
vn 0.2660 0.9584 -0.1033
vn 0.3392 0.9183 -0.2043
vn 0.0065 0.9505 -0.3106
vn 0.3326 0.9198 -0.2081
vn 0.0939 0.9180 -0.3852
vn 0.1345 0.8098 -0.5711
vn 0.3726 0.8498 -0.3728
vn 0.3424 0.8599 -0.3787
vn 0.3750 0.8366 -0.3994
vn 0.1815 0.9197 -0.3481
vn 0.3119 0.8130 -0.4917
vn 0.2151 0.5525 -0.8053
vn 0.2749 0.7334 -0.6217
vn 0.2006 0.8209 -0.5347
vn 0.3687 0.7076 -0.6028
vn -0.4313 0.2775 -0.8585
vn -0.4046 0.3461 -0.8465
vn -0.0146 0.6289 -0.7774
vn -0.2742 0.0713 -0.9590
vn 0.3598 0.6832 -0.6354
vn 0.6953 0.7136 -0.0860
vn 0.3230 0.7107 -0.6249
vn 0.3447 0.7064 -0.6182
vn -0.1223 0.6564 -0.7445
vn -0.5594 0.4428 -0.7007
vn -0.4886 0.5771 -0.6544
vn -0.4924 0.5813 0.6478
vn 0.2559 0.7226 -0.6422
vn -0.6374 0.3407 -0.6911
vn 0.3112 0.6949 -0.6483
vn 0.1349 0.7865 -0.6026
vn -0.4107 0.5132 -0.7536
vn 0.2714 0.6718 -0.6892
vn 0.2195 0.7270 -0.6506
vn 0.2643 0.7099 -0.6529
vn -0.2886 0.6380 -0.7139
vn 0.0487 0.6270 -0.7775
vn 0.2732 0.7276 -0.6292
vn 0.1318 0.7497 -0.6485
vn 0.2664 0.7165 -0.6447
vn 0.5185 0.6489 0.5569
vn -0.4763 0.6494 -0.5929
vn 0.2183 0.6568 -0.7217
vn 0.3539 0.6219 -0.6986
vn 0.0710 0.4354 -0.8975
vn 0.2050 0.6714 -0.7121
vn 0.1009 0.6759 -0.7301
vn 0.1247 0.6889 -0.7140
vn -0.1875 -0.9771 0.1005
vn -0.2050 0.4471 -0.8707
vn 0.0917 0.4011 -0.9115
vn 0.1334 0.6654 -0.7345
vn 0.2100 0.6397 -0.7394
vn -0.2614 0.0899 -0.9610
vn 0.3246 0.5846 -0.7436
vn -0.3246 0.7503 -0.5759
vn -0.6103 -0.2620 -0.7475
vn -0.2598 0.7190 -0.6446
vn -0.0273 0.1576 -0.9871
vn -0.2717 0.1156 -0.9554
vn -0.2411 0.1526 -0.9584
vn 0.4492 0.4881 -0.7483
vn -0.1746 -0.1363 -0.9752
vn 0.0421 -0.1810 -0.9826
vn -0.1764 0.8628 -0.4737
vn -0.4156 0.0373 -0.9088
vn -0.0190 -0.0877 -0.9960
vn -0.4034 -0.1017 -0.9093
vn -0.3545 0.0260 -0.9347
vn -0.1904 -0.2169 -0.9574
vn 0.2311 -0.3185 -0.9193
vn -0.4669 -0.0286 -0.8839
vn -0.4666 -0.0286 -0.8840
vn -0.0853 -0.0936 -0.9919
vn -0.4875 0.0285 -0.8727
vn -0.4487 0.0084 -0.8936
vn 0.0331 -0.2491 -0.9679
vn -0.3525 -0.0585 -0.9340
vn 0.2286 -0.2616 -0.9377
vn -0.4634 0.0244 -0.8858
vn -0.0299 -0.0425 -0.9987
vn -0.3334 0.0808 -0.9393
vn 0.1691 -0.3237 -0.9309
vn -0.0215 -0.0554 -0.9982
vn 0.1190 -0.3389 -0.9333
vn -0.5302 -0.2166 -0.8197
vn -0.0047 -0.0419 -0.9991
vn -0.3799 -0.5921 -0.7107
vn -0.4044 -0.4056 -0.8197
vn -0.3590 -0.1241 -0.9251
vn -0.5680 -0.4647 -0.6793
vn -0.6106 -0.3818 -0.6939
vn 0.3110 0.6804 -0.6636
vn 0.2236 0.8191 -0.5282
vn -0.3950 -0.4034 -0.8253
vn -0.0743 -0.4626 -0.8835
vn -0.1825 -0.3740 -0.9093
vn -0.3567 0.3972 -0.8456
vn -0.2161 0.8965 -0.3867
vn -0.1344 -0.2101 -0.9684
vn -0.4176 -0.4251 -0.8031
vn -0.3270 -0.5596 -0.7615
vn -0.2795 -0.4783 -0.8325
vn -0.6398 -0.2681 -0.7203
vn -0.6302 -0.2641 -0.7301
vn -0.3715 -0.3179 -0.8723
vn -0.2400 -0.3560 -0.9031
vn -0.4074 -0.5051 -0.7609
vn -0.3777 -0.6022 -0.7033
vn -0.1929 -0.4901 -0.8501
vn -0.1594 -0.9738 -0.1620
vn -0.3396 -0.9017 -0.2676
vn -0.1914 -0.9612 -0.1985
vn -0.1013 -0.9743 -0.2012
vn -0.2762 -0.9296 -0.2439
vn -0.4579 -0.8731 -0.1674
vn -0.3088 -0.9186 -0.2466
vn -0.2802 -0.9289 -0.2422
vn -0.5316 -0.6999 -0.4771
vn -0.3892 -0.8899 -0.2378
vn -0.3365 -0.9129 -0.2310
vn -0.2525 -0.9501 -0.1832
vn -0.2581 -0.9560 -0.1393
vn -0.5221 -0.8198 -0.2351
vn -0.4276 -0.8783 -0.2141
vn -0.5665 -0.8040 -0.1807
vn -0.7388 -0.6628 0.1220
vn -0.4294 -0.8820 -0.1943
vn -0.2704 -0.9396 -0.2098
vn -0.2195 -0.9563 -0.1934
vn -0.3761 -0.9253 0.0475
vn -0.7753 -0.4630 0.4296
vn -0.7115 -0.6857 0.1539
vn -0.6375 -0.7636 0.1023
vn -0.3286 -0.9391 0.1008
vn -0.2628 -0.9648 0.0072
vn -0.7643 -0.4603 0.4517
vn -0.5328 -0.8095 0.2467
vn -0.1814 -0.9832 -0.0191
vn -0.7402 -0.3975 0.5423
vn -0.5671 -0.7902 0.2322
vn -0.2242 -0.9603 -0.1659
vn 0.1053 -0.9889 0.1046
vn -0.1543 -0.9877 -0.0273
vn -0.0746 -0.9642 -0.2547
vn -0.2098 -0.9777 0.0025
vn -0.2084 -0.9398 -0.2708
vn -0.4437 -0.8342 -0.3276
vn -0.4988 -0.8427 -0.2026
vn -0.8634 0.0633 0.5005
vn -0.3130 -0.9197 -0.2372
vn -0.0143 -0.9950 -0.0990
vn -0.2581 -0.2892 -0.9218
vn 0.0080 -0.9196 -0.3929
vn 0.0751 -0.9959 0.0508
vn -0.2110 -0.9617 0.1750
vn -0.7012 -0.4838 -0.5237
vn -0.5473 -0.4881 -0.6798
vn 0.0207 -0.9806 0.1950
vn 0.1672 -0.9829 0.0778
vn -0.1394 -0.8959 0.4219
vn 0.0979 -0.9812 0.1666
vn -0.7927 -0.0029 0.6096
vn -0.3611 -0.5822 0.7285
vn -0.1395 -0.8991 0.4149
vn -0.9329 0.0419 0.3576
vn -0.6838 -0.2913 0.6690
vn -0.2438 -0.6478 0.7218
vn 0.2604 -0.9404 0.2186
vn -0.9412 -0.0812 0.3279
vn -0.4300 -0.6821 0.5915
vn -0.8668 -0.1429 0.4778
vn -0.5442 -0.0773 0.8354
vn -0.0186 -0.9030 0.4293
vn 0.3489 -0.9161 0.1973
vn -0.8800 -0.3361 0.3355
vn -0.4487 -0.6638 0.5984
vn -0.6237 -0.4348 0.6496
vn -0.7310 -0.2066 0.6504
vn -0.6402 -0.3733 0.6714
vn -0.4034 -0.5935 0.6965
vn 0.4731 -0.8144 0.3361
vn -0.8650 -0.2707 0.4224
vn -0.5018 -0.1617 0.8498
vn -0.2140 -0.5816 0.7848
vn 0.6110 -0.6506 0.4511
vn 0.4506 -0.4071 0.7945
vn -0.7518 -0.3491 0.5594
vn 0.3836 0.1731 0.9072
vn -0.3072 -0.0444 0.9506
vn -0.2858 -0.0498 0.9570
vn -0.2493 -0.0074 0.9684
vn 0.1623 0.3965 0.9036
vn -0.8234 -0.3941 0.4084
vn -0.2530 -0.0450 0.9664
vn -0.2751 0.5011 0.8205
vn 0.1642 0.4010 0.9012
vn 0.1344 0.5256 0.8401
vn 0.1196 0.5041 0.8553
vn 0.3053 0.3422 0.8886
vn -0.7766 0.3269 0.5385
vn 0.0172 0.3861 0.9223
vn -0.1439 0.3699 0.9179
vn 0.1533 0.5644 0.8112
vn 0.0686 0.5413 0.8380
vn 0.0918 0.4437 0.8915
vn 0.1245 0.3772 0.9177
vn -0.5761 0.3874 0.7198
vn -0.0739 0.5895 0.8044
vn -0.0048 0.3074 0.9516
vn -0.1811 0.6800 0.7105
vn 0.4340 0.3690 0.8219
vn 0.3883 0.1780 0.9042
vn -0.6896 -0.3478 0.6352
vn 0.2633 -0.9604 0.0912
vn 0.5301 0.2568 0.8081
vn 0.2692 0.3798 0.8851
vn 0.5105 0.2955 0.8075
vn -0.8867 0.2542 0.3862
vn 0.9668 0.2003 0.1587
vn 0.9557 0.1734 0.2377
vn -0.7151 0.5978 -0.3623
vn -0.3936 -0.4574 -0.7974
vn -0.8937 0.4084 -0.1859
vn -0.1815 0.8401 -0.5112
vn -0.4658 0.6451 -0.6057
vn -0.1655 0.8880 -0.4290
vn -0.3278 0.8156 -0.4767
vn -0.9673 0.2345 -0.0962
vn -0.3892 0.2442 -0.8882
vn -0.4536 0.1623 -0.8763
vn -0.1794 0.8384 -0.5147
vn -0.5853 0.7016 -0.4065
vn -0.2814 0.8890 -0.3612
vn -0.5262 0.2781 -0.8036
vn -0.5774 0.7254 -0.3748
vn -0.5818 0.3243 -0.7459
vn -0.4336 0.3666 -0.8231
vn -0.9545 0.2451 -0.1702
vn -0.9789 0.0098 -0.2039
vn -0.9150 0.3267 -0.2366
vn -0.7880 0.4142 -0.4555
vn -0.6035 0.5382 -0.5883
vn -0.8808 0.4498 -0.1482
vn -0.8861 0.4425 -0.1380
vn -0.9401 0.3015 -0.1594
vn -0.9831 -0.1217 0.1366
vn -0.8920 0.4339 -0.1268
vn -0.9577 0.2040 -0.2030
vn -0.7208 0.6695 0.1793
vn -0.9843 0.1739 -0.0316
vn -0.9257 0.1169 0.3597
vn -0.7999 -0.2419 0.5493
vn -0.8783 0.0975 0.4681
vn -0.8115 0.1782 0.5565
vn -0.7495 -0.3834 0.5397
vn -0.6359 0.6134 0.4684
vn -0.7919 0.3258 0.5165
vn -0.7576 0.3559 0.5471
vn -0.8338 -0.0748 0.5469
vn -0.8939 0.0840 0.4403
vn -0.7838 -0.1882 0.5918
vn -0.7247 -0.2494 0.6424
vn -0.6261 -0.3037 0.7182
vn -0.6837 0.4274 0.5915
vn -0.7750 0.3068 0.5525
vn -0.6118 -0.2952 0.7339
vn -0.6757 0.4268 0.6010
vn -0.8198 0.2929 0.4920
vn -0.8526 0.2579 0.4545
vn -0.5573 -0.1702 0.8127
vn -0.8760 0.2198 0.4294
vn -0.9466 0.0943 0.3084
vn -0.1165 0.9185 -0.3778
vn -0.3742 0.7953 -0.4769
vn -0.7154 -0.4624 -0.5238
vn -0.6597 -0.4103 0.6297
vn -0.6739 -0.6189 0.4034
vn -0.8763 0.2387 0.4185
vn -0.6077 0.6933 0.3874
vn -0.5706 0.7957 -0.2034
vn 0.5863 0.1255 -0.8003
vn 0.7424 0.1968 -0.6404
vn 0.6579 0.2946 -0.6931
vn 0.6570 0.4218 -0.6249
vn 0.4701 0.6563 -0.5901
vn 0.0601 -0.6299 -0.7743
vn 0.5096 -0.6491 -0.5648
vn 0.7763 0.1196 -0.6189
vn 0.9328 0.0150 -0.3600
vn 0.8299 0.4235 -0.3631
vn 0.9289 -0.0642 -0.3648
vn 0.8764 0.1260 -0.4648
vn 0.4582 -0.7642 -0.4539
vn 0.9713 -0.0281 -0.2362
vn 0.6178 0.6065 -0.5004
vn 0.5603 -0.7496 -0.3524
vn 0.8975 0.1669 -0.4081
vn 0.6178 0.6075 -0.4993
vn 0.9462 -0.3044 -0.1098
vn 0.9575 -0.0445 -0.2849
vn 0.5270 -0.8393 -0.1336
vn 0.6782 -0.7291 -0.0912
vn 0.9535 -0.2230 -0.2027
vn 0.2801 -0.9596 0.0268
vn 0.9375 -0.3124 -0.1537
vn 0.9230 0.3847 -0.0092
vn 0.5906 -0.8029 0.0809
vn 0.9629 -0.2699 -0.0002
vn 0.9352 -0.3541 -0.0027
vn 0.4717 -0.8766 0.0950
vn 0.9984 -0.0546 -0.0146
vn 0.9007 -0.3827 0.2055
vn 0.9340 -0.3560 -0.0294
vn 0.9859 0.1586 0.0531
vn 0.4458 -0.8782 0.1734
vn 0.9355 -0.3516 -0.0341
vn 0.8052 0.5561 0.2059
vn 0.5543 -0.8162 0.1629
vn 0.4530 -0.8782 0.1535
vn 0.9406 -0.3394 0.0029
vn 0.9762 -0.2136 0.0383
vn 0.9874 -0.1520 -0.0430
vn 0.4316 -0.8886 0.1553
vn 0.9531 -0.2882 0.0926
vn 0.6000 0.2847 0.7476
vn 0.9598 -0.2376 0.1495
vn 0.9494 -0.0910 0.3005
vn 0.9264 0.0245 0.3757
vn 0.4721 0.3861 0.7925
vn 0.4816 -0.8618 0.1594
vn 0.4029 -0.9064 0.1272
vn 0.4749 -0.8685 0.1418
vn 0.2776 -0.9557 0.0976
vn 0.4272 -0.8959 0.1223
vn 0.7743 -0.0730 0.6286
vn 0.7314 -0.6054 0.3139
vn 0.8799 -0.0069 0.4751
vn 0.6521 0.0429 0.7569
vn 0.5289 0.1654 0.8324
vn 0.5199 -0.8385 0.1629
vn 0.6769 -0.2144 0.7042
vn 0.5302 0.1622 0.8322
vn 0.4299 0.2321 0.8725
vn 0.0205 -0.5564 -0.8307
vn -0.0158 -0.4286 -0.9033
vn 0.1959 -0.2070 -0.9585
vn 0.1499 -0.1430 -0.9783
vn 0.5534 0.1691 -0.8156
vn 0.5438 0.4269 -0.7225
vn 0.8202 0.5720 -0.0057
vn 0.5724 -0.7838 0.2409
vn 0.4825 -0.8626 0.1523
vn 0.4274 -0.8959 0.1210
vn 0.2166 -0.9692 0.1176
vn 0.1218 -0.9917 0.0404
vn -0.0566 0.4569 0.8877
vn 0.2425 0.6424 0.7270
vn 0.1577 0.3757 0.9132
vn -0.3558 0.4607 0.8131
vn 0.2504 0.5620 0.7883
vn 0.0879 0.4277 0.8997
vn -0.5712 0.5822 0.5786
vn 0.2495 0.5749 0.7793
vn 0.2223 0.5788 0.7846
vn 0.3872 0.5799 0.7168
vn 0.5689 0.4888 0.6614
vn 0.2891 0.5030 0.8145
vn 0.6009 0.6971 0.3912
vn 0.5233 0.7737 0.3570
vn -0.0892 0.8989 0.4289
vn 0.4052 0.7659 0.4992
vn 0.4000 0.7702 0.4968
vn 0.1997 0.7749 0.5997
vn 0.4595 0.7313 0.5040
vn -0.1590 0.9641 -0.2128
vn 0.5849 0.7948 0.1617
vn 0.4702 0.8823 0.0212
vn 0.4796 0.8723 0.0956
vn 0.3389 0.9392 0.0544
vn 0.0209 0.9848 0.1726
vn -0.4525 0.7647 0.4587
vn 0.0295 0.9852 0.1691
vn 0.5505 0.8330 -0.0555
vn 0.3053 0.9511 0.0460
vn 0.4764 0.8300 -0.2901
vn 0.3485 0.9123 -0.2150
vn 0.3709 0.9252 -0.0799
vn 0.4461 0.8888 -0.1054
vn -0.3776 0.7657 -0.5207
vn -0.3918 0.6944 -0.6036
vn 0.4957 0.8210 -0.2832
vn -0.0762 0.9554 -0.2853
vn 0.4586 0.7763 -0.4324
vn -0.0652 0.9098 -0.4099
vn -0.3793 0.7231 -0.5772
vn -0.0506 0.8104 -0.5837
vn 0.4321 0.7608 -0.4842
vn -0.1117 0.8420 -0.5279
vn 0.2504 0.8107 -0.5293
vn 0.4619 0.7473 -0.4778
vn 0.4510 0.7555 -0.4752
vn 0.3368 0.7902 -0.5121
vn -0.0359 0.9240 -0.3808
vn 0.2690 0.7726 -0.5751
vn 0.3996 0.7062 -0.5845
vn -0.2347 0.6976 -0.6769
vn 0.1943 0.8243 -0.5318
vn 0.3395 0.7594 -0.5550
vn -0.0512 0.8998 -0.4333
vn -0.3831 0.5606 -0.7341
vn 0.0439 0.7653 -0.6422
vn 0.3846 0.7392 -0.5529
vn 0.1657 0.7898 -0.5906
vn 0.1492 0.7883 -0.5969
vn 0.3021 0.4934 0.8157
vn 0.4363 0.6587 0.6130
vn 0.1680 0.7752 -0.6090
vn -0.3838 0.3731 -0.8447
vn -0.4853 0.5953 -0.6404
vn -0.5671 0.3639 -0.7389
vn -0.5304 0.4542 -0.7158
vn -0.0974 0.7044 -0.7031
vn -0.1412 0.7352 -0.6630
vn -0.4800 0.6239 -0.6167
vn 0.2628 0.7381 -0.6214
vn 0.2162 0.7149 -0.6649
vn -0.5314 0.6210 -0.5762
vn 0.2367 0.7159 -0.6569
vn -0.2074 0.6866 -0.6968
vn 0.1490 0.7542 -0.6396
vn 0.1452 0.7402 -0.6565
vn -0.1651 0.8204 -0.5475
vn -0.5599 0.5646 -0.6064
vn 0.2422 0.6619 -0.7094
vn -0.5815 0.6460 -0.4945
vn -0.3349 0.6463 -0.6857
vn -0.2867 0.5863 -0.7577
vn -0.0601 0.3446 -0.9368
vn -0.3999 0.5399 -0.7407
vn -0.2929 0.5836 -0.7573
vn -0.1376 0.3616 -0.9221
vn -0.1062 0.2298 -0.9674
vn 0.1829 0.6730 -0.7167
vn -0.3673 0.8186 -0.4416
vn -0.2868 0.5904 -0.7544
vn -0.1003 0.0451 -0.9939
vn -0.1238 0.1808 -0.9757
vn -0.1269 0.0228 -0.9916
vn 0.1079 0.5803 -0.8073
vn -0.3870 0.5165 -0.7638
vn 0.2403 0.6127 -0.7529
vn -0.2116 0.5723 -0.7923
vn -0.0358 0.1376 -0.9898
vn -0.2438 0.1657 -0.9556
vn -0.2680 0.1941 -0.9436
vn 0.1466 0.5151 -0.8445
vn 0.1191 0.5344 -0.8368
vn 0.4278 0.4434 -0.7877
vn -0.2966 0.4955 -0.8164
vn -0.1655 0.5351 -0.8284
vn 0.2893 0.4344 -0.8530
vn 0.1638 0.3530 -0.9212
vn -0.1375 0.6693 -0.7301
vn -0.2377 0.4305 -0.8707
vn -0.2080 0.8936 -0.3977
vn 0.1482 -0.0517 -0.9876
vn -0.1182 -0.2205 -0.9682
vn -0.1109 0.9152 -0.3873
vn -0.3284 0.0019 -0.9445
vn -0.1894 0.4886 -0.8517
vn -0.0013 0.1073 -0.9942
vn 0.4873 0.2983 -0.8207
vn -0.3692 -0.0807 -0.9258
vn -0.3641 0.0360 -0.9307
vn -0.1793 0.0468 -0.9827
vn -0.1597 0.0456 -0.9861
vn 0.1724 0.0587 -0.9833
vn 0.1342 -0.1733 -0.9757
vn 0.2175 0.5226 -0.8244
vn 0.1023 -0.3595 -0.9275
vn -0.1999 0.4477 -0.8715
vn -0.2265 -0.2956 -0.9281
vn -0.2506 0.0067 -0.9681
vn -0.0131 -0.0397 -0.9991
vn -0.0720 -0.1951 -0.9781
vn 0.1889 -0.3024 -0.9343
vn -0.3655 -0.2182 -0.9049
vn -0.2428 -0.0192 -0.9699
vn 0.1803 -0.3823 -0.9063
vn -0.0764 -0.1714 -0.9822
vn -0.0714 -0.1433 -0.9871
vn -0.3935 -0.0226 -0.9190
vn -0.4671 0.0178 -0.8841
vn -0.4957 0.0397 -0.8676
vn -0.4337 -0.0104 -0.9010
vn 0.2572 -0.2504 -0.9333
vn -0.3510 -0.0632 -0.9342
vn -0.4783 0.0448 -0.8771
vn -0.5247 -0.2143 -0.8238
vn -0.4515 -0.3415 -0.8244
vn -0.3046 -0.4304 -0.8497
vn -0.3262 -0.1412 -0.9347
vn -0.5208 -0.3252 -0.7893
vn -0.4835 -0.4947 -0.7221
vn -0.0516 -0.3000 -0.9526
vn -0.2558 0.0028 -0.9667
vn -0.5305 -0.5607 -0.6358
vn -0.1228 0.6568 -0.7440
vn -0.3464 -0.6265 -0.6982
vn -0.0434 -0.1641 -0.9855
vn -0.1506 -0.2308 -0.9613
vn -0.2733 -0.3246 -0.9055
vn 0.2304 -0.1846 -0.9554
vn -0.0556 -0.4590 -0.8867
vn -0.3411 0.4094 -0.8462
vn -0.1854 0.6248 -0.7585
vn -0.0529 -0.5978 -0.7999
vn -0.1641 -0.6246 -0.7635
vn -0.2006 -0.4160 -0.8870
vn -0.1635 -0.5686 -0.8062
vn -0.2889 -0.4766 -0.8303
vn -0.0676 -0.5273 -0.8470
vn 0.0279 -0.5098 -0.8598
vn -0.3175 -0.7246 -0.6117
vn -0.4229 -0.4514 -0.7857
vn -0.3442 -0.5756 -0.7418
vn -0.3027 -0.3818 -0.8733
vn -0.0591 -0.9258 -0.3733
vn -0.1163 -0.5670 -0.8155
vn -0.4372 -0.2366 -0.8677
vn -0.3611 -0.6975 -0.6190
vn -0.4061 -0.7150 -0.5691
vn -0.0158 -0.5639 -0.8257
vn -0.5253 -0.6665 -0.5290
vn -0.4690 -0.5719 -0.6731
vn -0.3591 -0.5398 -0.7614
vn -0.3894 -0.5034 -0.7713
vn -0.5401 -0.5842 -0.6058
vn -0.4039 -0.6286 -0.6647
vn -0.1956 -0.7897 -0.5815
vn -0.6402 -0.7036 -0.3084
vn -0.3817 -0.6422 -0.6648
vn -0.2494 -0.9295 -0.2716
vn -0.2425 -0.9577 -0.1550
vn -0.4421 -0.7113 -0.5464
vn -0.2758 -0.9298 -0.2438
vn -0.5904 -0.5704 -0.5711
vn -0.3565 -0.9339 -0.0272
vn -0.1603 -0.9861 -0.0426
vn -0.2513 -0.9635 -0.0919
vn -0.1353 -0.9834 -0.1211
vn -0.5415 -0.8179 0.1946
vn -0.5221 -0.8393 -0.1520
vn -0.3218 -0.9256 -0.1992
vn -0.0829 -0.9931 0.0827
vn -0.3398 -0.9232 -0.1794
vn -0.1557 -0.9870 -0.0407
vn -0.2171 -0.9709 0.1012
vn 0.6014 0.7571 -0.2551
vn -0.0997 -0.9898 0.1019
vn -0.2358 -0.9688 0.0765
vn -0.2291 -0.9566 0.1803
vn -0.1098 -0.9939 0.0053
vn -0.6202 -0.7415 0.2561
vn -0.4257 -0.8996 0.0978
vn -0.4626 -0.8850 -0.0524
vn -0.1991 -0.9477 -0.2496
vn -0.7740 -0.4030 0.4884
vn -0.5571 -0.7729 0.3037
vn -0.1162 -0.9810 -0.1552
vn -0.3871 -0.9120 -0.1359
vn -0.5131 -0.8515 -0.1078
vn -0.1217 -0.9755 -0.1831
vn -0.5971 -0.7249 0.3434
vn -0.5909 -0.7279 0.3478
vn -0.7081 -0.6915 0.1429
vn -0.4001 -0.8924 0.2087
vn -0.6377 -0.7702 -0.0127
vn -0.2084 -0.9409 -0.2671
vn -0.5171 -0.8357 -0.1850
vn -0.7866 -0.2295 0.5733
vn -0.1505 -0.9720 -0.1807
vn -0.2063 -0.9425 -0.2630
vn -0.3052 -0.9140 -0.2673
vn -0.0619 -0.9981 -0.0016
vn -0.6796 0.0471 0.7321
vn -0.6393 -0.2348 0.7322
vn -0.8418 -0.2482 0.4794
vn -0.6332 -0.7632 0.1287
vn -0.8754 -0.2065 0.4371
vn -0.3882 -0.9209 0.0348
vn 0.0215 -0.9985 -0.0504
vn -0.0213 -0.9997 -0.0129
vn 0.0921 -0.9945 0.0489
vn -0.5639 -0.4230 -0.7093
vn 0.2111 -0.6936 -0.6888
vn 0.1707 -0.9813 0.0886
vn -0.0507 -0.9845 0.1677
vn -0.7032 -0.3368 0.6261
vn -0.7155 -0.4648 -0.5215
vn -0.7064 -0.4552 -0.5420
vn -0.6245 -0.4776 -0.6179
vn -0.3615 -0.5094 -0.7809
vn -0.8893 0.1194 0.4415
vn -0.9021 -0.2182 0.3723
vn -0.1421 -0.6410 0.7543
vn -0.3136 -0.5876 0.7459
vn -0.3285 -0.8776 0.3492
vn 0.1094 -0.9879 0.1098
vn -0.8418 0.0206 0.5394
vn -0.8214 0.0274 0.5696
vn -0.3157 -0.5843 0.7476
vn 0.2388 -0.9603 0.1441
vn 0.0928 -0.9824 0.1619
vn -0.1398 -0.6204 0.7717
vn 0.1414 -0.8984 0.4158
vn -0.9406 -0.0747 0.3311
vn -0.5259 -0.3020 0.7951
vn -0.8783 -0.0725 0.4726
vn -0.8955 -0.0747 0.4387
vn -0.3378 -0.6875 0.6429
vn -0.6420 -0.2905 0.7096
vn -0.3189 -0.6873 0.6526
vn -0.2495 -0.6191 0.7447
vn -0.8695 -0.3237 0.3731
vn 0.4811 -0.8476 0.2241
vn 0.1898 -0.8071 0.5591
vn -0.2503 -0.6192 0.7443
vn -0.8117 -0.4621 0.3573
vn -0.2678 -0.4828 0.8338
vn -0.5854 -0.4182 0.6945
vn -0.5323 -0.2093 0.8203
vn -0.3812 -0.2444 0.8916
vn 0.1587 -0.5132 0.8435
vn 0.4973 -0.6176 0.6094
vn -0.5633 -0.4962 0.6607
vn -0.7544 -0.3394 0.5619
vn -0.0279 -0.2410 0.9701
vn -0.6599 -0.2647 0.7032
vn -0.3969 -0.3851 0.8331
vn -0.1384 -0.1937 0.9713
vn -0.1647 -0.0282 0.9859
vn 0.5941 -0.3899 0.7036
vn 0.1105 0.5096 0.8533
vn 0.5035 -0.6945 0.5139
vn -0.2377 -0.0396 0.9705
vn -0.3537 0.0270 0.9350
vn -0.1967 0.0438 0.9795
vn 0.4188 0.1690 0.8922
vn 0.5867 -0.2721 0.7627
vn -0.3318 0.0225 0.9431
vn 0.6850 -0.4941 0.5353
vn 0.4388 0.2107 0.8735
vn -0.1008 -0.1147 0.9883
vn -0.3085 0.0413 0.9503
vn -0.8771 -0.1252 0.4638
vn 0.2185 0.1470 0.9647
vn 0.1592 0.5650 0.8096
vn -0.7964 -0.3209 0.5127
vn -0.3084 0.1965 0.9307
vn 0.2957 0.4262 0.8549
vn -0.8339 -0.0420 0.5503
vn -0.5629 0.1333 0.8157
vn -0.1340 0.3747 0.9174
vn 0.1341 0.5101 0.8496
vn 0.1333 0.5214 0.8428
vn -0.2429 0.3768 0.8939
vn 0.1253 0.3776 0.9175
vn -0.3790 0.5026 0.7770
vn 0.0300 0.3773 0.9256
vn 0.1188 0.4924 0.8622
vn 0.2731 0.4464 0.8521
vn 0.2319 0.3758 0.8972
vn 0.3174 0.3560 0.8789
vn 0.1395 0.6360 0.7590
vn -0.1744 0.3607 0.9162
vn 0.3332 0.5233 0.7843
vn 0.1372 0.6403 0.7557
vn -0.0925 0.5638 0.8207
vn 0.5604 0.3044 0.7702
vn 0.1136 0.3234 0.9394
vn -0.1088 0.3699 0.9227
vn 0.2075 0.2869 0.9352
vn 0.1348 0.6397 0.7567
vn 0.3622 0.2434 0.8998
vn -0.2265 0.5230 0.8217
vn 0.0252 0.3708 0.9284
vn 0.2724 0.3771 0.8852
vn -0.3943 -0.6046 0.6921
vn -0.8258 0.0854 0.5575
vn -0.8736 -0.2708 0.4043
vn -0.1149 -0.6299 0.7681
vn 0.2902 -0.9479 0.1317
vn 0.7908 -0.4121 0.4526
vn 0.6322 0.0414 0.7737
vn 0.5262 0.1616 0.8349
vn 0.4661 0.2784 0.8398
vn -0.9034 -0.0954 0.4180
vn -0.8809 0.4304 0.1969
vn -0.7564 -0.4714 0.4535
vn -0.8258 0.2651 -0.4977
vn -0.1926 0.8872 -0.4193
vn -0.8781 -0.0666 -0.4739
vn -0.5215 -0.3047 -0.7970
vn 0.9920 -0.0350 -0.1214
vn -0.7200 0.5403 -0.4356
vn -0.6696 0.6829 -0.2921
vn -0.8612 -0.0076 -0.5082
vn -0.7911 -0.1953 -0.5797
vn -0.7005 0.6841 -0.2033
vn -0.3972 0.6376 -0.6601
vn -0.3596 0.5863 -0.7259
vn -0.5638 0.8241 -0.0539
vn -0.7098 0.6462 -0.2804
vn -0.9702 0.0780 -0.2293
vn -0.9821 0.1221 -0.1433
vn -0.9826 0.1401 -0.1224
vn -0.4628 0.6722 -0.5779
vn -0.9761 0.2169 0.0111
vn -0.6308 0.1133 -0.7676
vn -0.4354 0.3367 -0.8349
vn -0.9839 0.1413 -0.1095
vn -0.9644 0.2024 -0.1699
vn -0.5971 0.3004 -0.7438
vn -0.9645 0.2329 -0.1248
vn -0.4660 0.6761 -0.5707
vn -0.5577 0.4447 -0.7009
vn -0.6407 0.4834 -0.5966
vn -0.6649 0.2622 -0.6994
vn -0.7150 0.3834 -0.5846
vn -0.8158 0.4502 -0.3631
vn -0.9592 0.1958 -0.2041
vn -0.9538 0.2191 -0.2055
vn -0.9463 0.1635 -0.2790
vn -0.9521 -0.0301 -0.3044
vn -0.9768 -0.0074 -0.2141
vn -0.7208 0.5785 -0.3819
vn -0.9551 0.2313 -0.1852
vn -0.9484 0.2652 -0.1741
vn -0.9581 -0.0440 -0.2831
vn -0.7223 0.5967 -0.3495
vn -0.9610 -0.2625 -0.0863
vn -0.9354 0.3030 -0.1821
vn -0.8806 0.4370 -0.1831
vn -0.9615 0.1959 -0.1927
vn -0.8944 0.4205 -0.1524
vn -0.9716 -0.2214 0.0838
vn -0.7311 0.6779 0.0765
vn -0.8197 0.5689 0.0663
vn -0.6212 0.0517 -0.7819
vn -0.9381 0.3262 -0.1165
vn -0.9553 0.2829 0.0853
vn -0.9437 0.1005 0.3152
vn -0.9316 0.1313 0.3388
vn -0.8665 0.4446 0.2269
vn -0.7471 0.6612 -0.0680
vn -0.9707 0.2000 0.1330
vn -0.9848 0.1643 -0.0568
vn -0.9817 0.1839 -0.0489
vn -0.9918 0.1226 -0.0364
vn -0.9866 0.1617 -0.0193
vn -0.9610 -0.2372 0.1420
vn -0.8277 0.2121 0.5195
vn -0.9174 0.1608 0.3641
vn -0.8329 0.4467 0.3268
vn -0.7902 0.1478 0.5947
vn -0.8362 -0.0077 0.5484
vn -0.7908 -0.1812 0.5846
vn -0.7317 -0.2627 0.6289
vn -0.7623 0.3196 0.5628
vn -0.6340 0.5603 0.5330
vn -0.8839 0.0341 0.4664
vn -0.7776 0.2848 0.5606
vn -0.7013 -0.1934 0.6862
vn -0.7870 0.2932 0.5429
vn -0.7684 -0.3366 0.5443
vn -0.7828 -0.2642 0.5635
vn -0.6160 -0.4002 0.6785
vn -0.8368 0.0522 0.5450
vn -0.5759 -0.3301 0.7479
vn -0.8347 0.0440 0.5489
vn -0.8196 -0.0133 0.5728
vn -0.7691 -0.3732 0.5189
vn -0.6577 -0.4110 0.6313
vn -0.8477 0.0261 0.5299
vn -0.9015 0.2256 0.3694
vn -0.8944 0.2574 0.3659
vn -0.3795 0.7912 -0.4795
vn -0.2856 0.8685 -0.4051
vn -0.3770 0.3994 -0.8357
vn -0.5978 -0.1145 -0.7934
vn -0.3938 -0.4836 -0.7817
vn -0.5594 -0.5036 -0.6583
vn -0.7969 -0.3157 -0.5151
vn -0.9229 -0.3340 -0.1918
vn -0.8157 -0.3771 0.4387
vn -0.6592 -0.4086 0.6312
vn -0.7444 -0.3855 0.5451
vn -0.8188 -0.1634 0.5504
vn -0.7285 0.6740 0.1226
vn -0.3487 0.2553 -0.9018
vn 0.2311 -0.3937 -0.8897
vn 0.3798 -0.3049 -0.8734
vn 0.4397 -0.5464 -0.7128
vn 0.7597 0.2310 -0.6079
vn 0.7178 0.3577 -0.5974
vn 0.4997 0.5688 -0.6533
vn 0.2449 -0.6214 -0.7442
vn 0.5305 -0.4818 -0.6975
vn 0.9418 -0.1092 -0.3178
vn 0.7798 0.1274 -0.6130
vn 0.4094 -0.4456 -0.7962
vn 0.4583 0.6417 -0.6149
vn 0.9263 -0.0871 -0.3667
vn 0.4911 -0.4609 -0.7392
vn 0.7115 -0.4035 -0.5753
vn 0.8369 -0.5354 -0.1136
vn 0.9693 -0.0336 -0.2438
vn 0.7084 0.4593 -0.5359
vn 0.6574 -0.6466 -0.3869
vn 0.6746 -0.6399 -0.3681
vn 0.9371 -0.3096 -0.1612
vn 0.3787 -0.9209 -0.0922
vn 0.4223 -0.9016 -0.0935
vn 0.4849 -0.8637 -0.1375
vn 0.7250 -0.6689 -0.1640
vn 0.9303 -0.1449 -0.3368
vn 0.5529 -0.8255 -0.1134
vn 0.9582 -0.2745 -0.0802
vn 0.8911 0.2153 -0.3996
vn 0.9688 -0.1899 -0.1594
vn 0.9780 -0.0709 -0.1962
vn 0.2000 -0.9797 0.0118
vn 0.2916 -0.9562 0.0248
vn 0.6889 -0.7241 -0.0334
vn 0.9700 -0.1936 -0.1470
vn 0.9461 -0.0722 -0.3157
vn 0.5310 -0.8446 0.0683
vn 0.8923 -0.3787 -0.2460
vn 0.9521 -0.0811 -0.2948
vn 0.9249 0.3333 -0.1832
vn 0.4065 -0.9070 0.1098
vn 0.4678 -0.8788 0.0939
vn 0.5926 -0.7985 0.1055
vn 0.4774 -0.8688 0.1315
vn 0.8548 -0.5111 -0.0895
vn 0.9126 -0.4079 -0.0290
vn 0.9667 -0.2114 0.1444
vn 0.8172 0.5328 0.2198
vn 0.8533 -0.5211 -0.0214
vn 0.9848 -0.1072 0.1367
vn 0.9347 -0.3548 0.0225
vn 0.7644 0.4722 0.4390
vn 0.4458 -0.8829 0.1478
vn 0.5216 -0.8442 0.1237
vn 0.6249 -0.7612 0.1735
vn 0.9880 -0.0195 0.1530
vn 0.7844 0.3752 0.4939
vn 0.3810 -0.9128 0.1474
vn 0.6089 -0.7908 0.0621
vn -0.6333 -0.7667 0.1055
vn 0.9410 -0.3384 0.0095
vn 0.9238 -0.2157 0.3164
vn 0.9317 -0.3104 0.1884
vn 0.7256 -0.0340 0.6872
vn 0.6102 0.1870 0.7699
vn 0.4526 -0.8796 0.1467
vn 0.8452 -0.4924 0.2079
vn 0.8196 -0.0991 0.5643
vn 0.7280 0.1675 0.6648
vn 0.4295 -0.8948 0.1219
vn 0.4976 -0.8477 0.1836
vn 0.8453 -0.5026 0.1814
vn 0.9164 -0.2971 0.2683
vn 0.7792 -0.0505 0.6247
vn 0.1780 -0.9806 0.0819
vn 0.2953 -0.9488 0.1123
vn 0.3916 -0.9134 0.1115
vn 0.7645 -0.2860 0.5777
vn 0.7868 -0.0546 0.6148
vn 0.5602 -0.7910 0.2458
vn 0.4765 -0.8653 0.1556
vn 0.5599 -0.6060 0.5651
vn 0.6530 -0.0018 0.7574
vn 0.5725 -0.7838 0.2407
vn 0.3838 -0.9156 0.1202
vn 0.7772 -0.2363 0.5832
vn 0.6892 0.0208 0.7243
vn -0.1527 -0.5603 -0.8141
vn 0.1391 -0.2456 -0.9593
vn 0.2638 -0.0531 -0.9631
vn 0.5412 0.4253 -0.7254
vn 0.4853 0.5649 -0.6673
vn 0.6014 -0.7098 0.3667
vn 0.4732 -0.8495 0.2335
vn 0.3839 -0.9155 0.1203
vn 0.1477 -0.9799 0.1344
vn -0.1393 -0.8784 -0.4571
vn 0.3931 0.6676 0.6323
vn 0.2789 0.3221 0.9047
vn -0.2859 0.6493 0.7047
vn -0.0608 0.8783 0.4741
vn 0.3344 0.9364 0.1065
vn 0.4261 0.9011 0.0801
vn 0.4488 0.8864 0.1132
vn 0.1295 0.9883 0.0811
vn 0.0067 0.9999 -0.0143
vn -0.3902 0.9206 0.0128
vn 0.5198 0.8527 -0.0526
vn -0.4260 0.8750 -0.2300
vn 0.6372 0.7703 -0.0242
vn -0.2057 0.6522 -0.7296
vn 0.4185 0.8035 -0.4233
vn -0.3710 0.4601 -0.8066
vn -0.2319 0.5107 -0.8279
vn -0.3520 0.5057 -0.7876
vn -0.1834 0.6522 -0.7355
vn -0.3818 0.6320 -0.6744
vn 0.7687 0.6001 0.2212
vn 0.6453 0.7135 -0.2730
vn 0.1476 0.7919 -0.5925
vn 0.2050 0.7183 -0.6649
vn -0.3438 0.6499 -0.6778
vn -0.3125 0.8454 -0.4332
vn -0.1552 0.8804 -0.4482
vn 0.1014 0.5833 -0.8059
vn -0.0438 0.6753 -0.7362
vn -0.3523 0.7948 -0.4941
vn -0.2762 0.1662 -0.9466
vn 0.1695 0.1067 -0.9797
vn 0.1590 -0.1862 -0.9696
vn -0.4855 -0.0846 -0.8701
vn -0.1829 0.8650 -0.4671
vn -0.4884 -0.1830 -0.8532
vn -0.1053 0.4121 -0.9050
vn -0.2114 -0.1553 -0.9650
vn -0.1727 -0.5440 -0.8211
vn -0.6558 -0.2977 -0.6938
vn -0.4954 -0.5461 -0.6755
vn -0.1820 -0.6773 -0.7129
vn -0.4610 -0.7179 -0.5216
vn -0.4935 -0.5209 -0.6965
vn -0.2712 -0.9557 -0.1147
vn -0.5943 -0.7860 -0.1700
vn -0.1341 -0.9906 0.0263
vn -0.5440 -0.8351 0.0818
vn -0.1543 -0.9744 -0.1635
vn -0.1982 -0.9785 -0.0566
vn -0.7273 -0.3304 0.6016
vn -0.8311 -0.2147 0.5131
vn -0.3819 -0.8698 0.3125
vn -0.4285 -0.8780 0.2132
vn -0.8292 -0.5318 0.1721
vn -0.1443 -0.5262 -0.8380
vn -0.7795 -0.4589 0.4265
vn -0.7962 -0.5917 -0.1264
vn 0.0550 -0.9562 0.2875
vn -0.3477 -0.5913 0.7276
vn 0.2755 -0.9312 0.2388
vn 0.3579 -0.7905 0.4971
vn -0.6833 -0.3721 0.6282
vn 0.4533 -0.6052 0.6544
vn -0.8233 -0.3621 0.4370
vn 0.1502 0.3284 0.9325
vn 0.2015 -0.0138 0.9794
vn -0.7880 -0.3223 0.5245
vn 0.6697 0.0591 0.7402
vn -0.2580 0.0749 0.9632
vn -0.7772 -0.3779 0.5032
vn -0.4216 -0.0637 0.9045
vn 0.4375 0.2337 0.8683
vn -0.3147 0.3286 0.8905
vn -0.2871 0.1375 0.9480
vn -0.4903 0.5283 0.6932
vn 0.3695 0.5193 0.7706
vn 0.2819 0.4181 0.8636
vn -0.4314 0.5310 0.7294
vn 0.0681 0.5352 0.8420
vn -0.0621 -0.9456 0.3193
vn -0.1246 0.4069 0.9049
vn 0.1407 0.4306 0.8915
vn 0.6433 0.0496 0.7640
vn -0.8679 -0.2829 0.4082
vn -0.6489 0.5716 -0.5022
vn -0.5576 -0.0572 -0.8282
vn -0.2213 0.9089 -0.3535
vn -0.9792 0.1627 -0.1216
vn -0.5952 0.3781 -0.7090
vn -0.4938 0.6945 -0.5233
vn -0.5940 0.4794 -0.6461
vn -0.3595 0.8473 -0.3909
vn -0.7888 -0.1738 -0.5896
vn -0.9207 -0.1199 -0.3715
vn -0.8006 0.5982 -0.0347
vn -0.9761 0.2168 0.0109
vn -0.9310 -0.0242 -0.3642
vn -0.9445 0.1351 -0.2995
vn -0.6656 0.5645 -0.4882
vn -0.7537 0.6191 -0.2206
vn -0.9525 0.1645 -0.2563
vn -0.9947 0.0918 0.0467
vn -0.9892 0.0624 -0.1329
vn -0.9646 0.1001 -0.2439
vn -0.9005 0.4236 0.0983
vn -0.9924 0.1208 -0.0247
vn -0.8990 -0.2281 0.3739
vn -0.8058 -0.3983 0.4382
vn -0.9822 0.1811 0.0507
vn -0.8228 0.0950 0.5603
vn -0.6921 0.4269 0.5821
vn -0.9334 -0.0011 0.3588
vn -0.9868 -0.1490 -0.0630
vn -0.8075 0.0769 0.5848
vn -0.6935 -0.3000 0.6550
vn -0.8302 0.0055 0.5574
vn -0.6968 -0.3961 -0.5980
vn -0.6456 -0.3620 0.6724
vn -0.6763 0.5674 0.4698
vn -0.4056 0.7790 -0.4782
vn -0.9385 -0.1145 0.3258
vn -0.8164 -0.3238 0.4781
vn -0.7944 -0.4006 0.4565
vn 0.4579 -0.1441 -0.8773
vn 0.3502 -0.8491 -0.3954
vn 0.7021 -0.1902 -0.6862
vn 0.9208 0.0502 -0.3869
vn 0.2767 -0.8749 -0.3974
vn 0.8907 0.1545 -0.4275
vn 0.3537 -0.8481 -0.3945
vn 0.9718 -0.2249 -0.0703
vn 0.7243 0.2186 -0.6539
vn 0.2357 -0.9440 -0.2311
vn 0.8482 -0.2572 -0.4630
vn 0.9005 0.2245 -0.3723
vn 0.8170 -0.5755 0.0362
vn 0.8765 0.4016 -0.2654
vn 0.6766 0.6430 -0.3588
vn 0.9627 -0.2706 -0.0006
vn 0.6702 -0.7388 0.0709
vn 0.3855 -0.9093 0.1569
vn 0.9500 -0.3098 0.0386
vn 0.2768 -0.9485 0.1537
vn 0.9574 0.2617 0.1221
vn 0.9329 -0.3599 0.0162
vn 0.9200 -0.3895 0.0427
vn 0.6036 -0.7879 0.1221
vn 0.8911 0.2040 0.4053
vn 0.8625 -0.4880 0.1338
vn 0.5530 -0.8070 0.2073
vn 0.8219 -0.5492 0.1514
vn 0.6608 0.0413 0.7494
vn 0.6082 -0.7490 0.2628
vn 0.6384 -0.7043 0.3105
vn 0.3529 0.3476 0.8687
vn 0.5757 0.2641 -0.7738
vn 0.2603 -0.0096 -0.9655
vn 0.7134 -0.5166 0.4734
vn 0.1050 -0.9929 0.0558
vn 0.1472 -0.9738 -0.1733
vn 0.1994 -0.9540 -0.2240
vn 0.1346 0.1719 0.9759
vn 0.3253 0.1845 0.9274
vn 0.3379 0.1839 0.9230
vn 0.2666 0.1642 0.9497
vn -0.1830 0.2576 0.9488
vn -0.1572 0.2428 0.9573
vn -0.2262 0.3315 0.9159
vn -0.2960 0.5700 0.7665
vn -0.2726 0.6346 0.7232
vn 0.3616 0.2032 0.9099
vn 0.5699 0.2841 0.7710
vn 0.7852 -0.0698 0.6153
vn 0.9396 -0.2441 0.2398
vn 0.9772 -0.2010 0.0690
vn 0.7743 -0.1978 0.6011
vn 0.1206 0.4091 0.9045
vn -0.7450 -0.3598 0.5617
vn -0.9005 -0.4145 0.1315
vn -0.7522 -0.6166 0.2323
vn -0.8647 -0.4491 -0.2249
vn -0.9675 0.2275 -0.1109
vn -0.1216 0.1012 0.9874
vn -0.7681 -0.1412 0.6246
vn -0.6400 0.5765 -0.5081
vn 0.2745 -0.9491 0.1543
vn 0.3767 -0.9122 0.1615
vn 0.9365 -0.3506 0.0029
vn 0.9740 -0.2010 0.1042
vn -0.5348 0.7710 -0.3458
vn -0.4205 0.4725 0.7745
vn 0.2581 0.3575 0.8975
vn 0.7894 -0.0772 -0.6091
vt 0.410702 0.004908
vt 0.425101 0.015527
vt 0.421114 0.048887
vt 0.452993 0.013656
vt 0.448598 0.053857
vt 0.467389 0.042559
vt 0.395840 0.005798
vt 0.424562 0.077881
vt 0.383944 0.062197
vt 0.481906 0.075423
vt 0.576046 0.040344
vt 0.551736 0.070724
vt 0.548042 0.056226
vt 0.590626 0.044698
vt 0.516278 0.062273
vt 0.520659 0.078860
vt 0.489863 0.054000
vt 0.461315 0.092256
vt 0.505080 0.088229
vt 0.430457 0.094171
vt 0.429688 0.076643
vt 0.437721 0.093031
vt 0.542868 0.093003
vt 0.618104 0.065539
vt 0.597693 0.085938
vt 0.577392 0.094070
vt 0.583502 0.096069
vt 0.421725 0.115134
vt 0.377491 0.083293
vt 0.452777 0.101563
vt 0.436604 0.102372
vt 0.474636 0.101626
vt 0.602598 0.114194
vt 0.579857 0.120681
vt 0.384260 0.125932
vt 0.609285 0.094683
vt 0.622391 0.115747
vt 0.440196 0.126757
vt 0.421875 0.142800
vt 0.421875 0.125000
vt 0.544754 0.125783
vt 0.468307 0.160180
vt 0.500619 0.114037
vt 0.418783 0.151761
vt 0.413903 0.132812
vt 0.450729 0.144585
vt 0.429688 0.156876
vt 0.424486 0.164260
vt 0.430750 0.172205
vt 0.593886 0.145262
vt 0.619744 0.174576
vt 0.587606 0.193865
vt 0.445973 0.195846
vt 0.501935 0.218044
vt 0.620942 0.206884
vt 0.604856 0.237172
vt 0.437500 0.205106
vt 0.437500 0.190218
vt 0.454799 0.209659
vt 0.445312 0.211922
vt 0.579196 0.226552
vt 0.476776 0.231817
vt 0.457996 0.230013
vt 0.392223 0.214814
vt 0.412292 0.243473
vt 0.379804 0.226313
vt 0.425834 0.235814
vt 0.447426 0.227044
vt 0.391317 0.250074
vt 0.461712 0.247865
vt 0.625000 0.143070
vt 0.612865 0.141161
vt 0.512539 0.246201
vt 0.494676 0.259845
vt 0.459923 0.259273
vt 0.453125 0.235345
vt 0.375000 0.179688
vt 0.387253 0.196973
vt 0.375000 0.197723
vt 0.375000 0.160973
vt 0.411124 0.192037
vt 0.381144 -0.000769
vt 0.621146 0.245263
vt 0.586450 0.277160
vt 0.440004 0.288362
vt 0.420239 0.278711
vt 0.496598 0.281211
vt 0.471248 0.266367
vt 0.534873 0.282631
vt 0.559628 0.256277
vt 0.476563 0.287344
vt 0.618735 0.293070
vt 0.468750 0.278135
vt 0.460938 0.328540
vt 0.486175 0.293745
vt 0.476563 0.312103
vt 0.528200 0.304024
vt 0.561129 0.308220
vt 0.598623 0.311656
vt 0.449399 0.325552
vt 0.435237 0.326549
vt 0.511619 0.315416
vt 0.617268 0.324363
vt 0.505287 0.320428
vt 0.484184 0.311978
vt 0.538719 0.327352
vt 0.560890 0.327972
vt 0.461958 0.629860
vt 0.453906 0.650793
vt 0.435928 0.632526
vt 0.438274 0.363276
vt 0.398858 0.388258
vt 0.432930 0.356380
vt 0.526569 0.328428
vt 0.580679 0.307844
vt 0.578264 0.335444
vt 0.503529 0.343738
vt 0.594802 0.343017
vt 0.453125 0.335938
vt 0.445313 0.343750
vt 0.595432 0.484403
vt 0.591183 0.527784
vt 0.552808 0.498314
vt 0.447780 0.351562
vt 0.454878 0.343750
vt 0.552866 0.355220
vt 0.575507 0.343694
vt 0.577922 0.371486
vt 0.623106 0.356036
vt 0.607880 0.357142
vt 0.506357 0.372851
vt 0.474401 0.370649
vt 0.445899 0.386592
vt 0.404908 0.360030
vt 0.379646 0.371170
vt 0.572117 0.403747
vt 0.556862 0.393791
vt 0.605854 0.374853
vt 0.621027 0.385859
vt 0.603167 0.395292
vt 0.527918 0.393036
vt 0.477394 0.415580
vt 0.590047 0.411493
vt 0.398464 0.398150
vt 0.398922 0.460954
vt 0.385746 0.406250
vt 0.433700 0.431971
vt 0.416411 0.429677
vt 0.538345 0.416735
vt 0.490700 0.437567
vt 0.621138 0.408380
vt 0.605527 0.432897
vt 0.537108 0.441473
vt 0.551006 0.464487
vt 0.582398 0.459676
vt 0.468731 0.435588
vt 0.458658 0.470286
vt 0.518535 0.471830
vt 0.483738 0.479555
vt 0.443295 0.486637
vt 0.559010 0.468793
vt 0.543244 0.476897
vt 0.524582 0.482683
vt 0.525296 0.489717
vt 0.604772 0.454608
vt 0.622223 0.491304
vt 0.515353 0.484630
vt 0.529971 0.500835
vt 0.622706 0.535368
vt 0.464628 0.502393
vt 0.429825 0.519461
vt 0.388683 0.488451
vt 0.375000 0.449567
vt 0.384191 0.398438
vt 0.375000 0.406250
vt 0.375000 0.390625
vt 0.383118 0.393565
vt 0.487349 0.512966
vt 0.541492 0.519688
vt 0.518406 0.525784
vt 0.397228 0.518600
vt 0.423892 0.551296
vt 0.387978 0.548175
vt 0.448456 0.548182
vt 0.577440 0.556968
vt 0.545606 0.560832
vt 0.510687 0.554232
vt 0.468165 0.561976
vt 0.446415 0.570312
vt 0.422474 0.581838
vt 0.466494 0.569975
vt 0.538846 0.572649
vt 0.489489 0.570419
vt 0.595081 0.555847
vt 0.617487 0.556275
vt 0.619901 0.582828
vt 0.489558 0.583377
vt 0.571675 0.562632
vt 0.608754 0.594975
vt 0.564217 0.571547
vt 0.450304 0.599046
vt 0.442873 0.580078
vt 0.524677 0.593319
vt 0.433359 0.605701
vt 0.425787 0.589838
vt 0.407592 0.591275
vt 0.409687 0.598125
vt 0.391160 0.603360
vt 0.417808 0.614362
vt 0.478066 0.632934
vt 0.402220 0.613924
vt 0.393967 0.627727
vt 0.388018 0.630603
vt 0.382813 0.617188
vt 0.410950 0.639831
vt 0.592679 0.614319
vt 0.553029 0.655664
vt 0.404602 0.647265
vt 0.375076 0.641665
vt 0.591587 0.673902
vt 0.425547 0.674446
vt 0.413086 0.665826
vt 0.414063 0.653150
vt 0.443150 0.668846
vt 0.366445 0.662123
vt 0.553278 0.712474
vt 0.622137 0.723911
vt 0.596325 0.726740
vt 0.620588 0.636051
vt 0.484875 0.690653
vt 0.431225 0.687637
vt 0.519763 0.687414
vt 0.523904 0.720074
vt 0.465952 0.707757
vt 0.445312 0.703125
vt 0.501657 0.686553
vt 0.475846 0.731138
vt 0.510749 0.738011
vt 0.412199 0.705997
vt 0.435127 0.736744
vt 0.399495 0.760696
vt 0.449542 0.713786
vt 0.501613 0.501409
vt 0.615284 0.546942
vt 0.631531 0.547446
vt 0.594732 0.750317
vt 0.555810 0.755509
vt 0.509527 0.750583
vt 0.485295 0.749513
vt 0.375000 0.583230
vt 0.389184 0.590054
vt 0.374364 0.607235
vt 0.359733 0.552414
vt 0.386170 0.572141
vt 0.564953 0.782145
vt 0.541080 0.759097
vt 0.632639 0.744350
vt 0.598129 0.774716
vt 0.539296 0.765883
vt 0.412448 0.779613
vt 0.394373 0.794624
vt 0.569777 0.797562
vt 0.519600 0.799765
vt 0.467171 0.769522
vt 0.448548 0.801686
vt 0.475973 0.775310
vt 0.468526 0.798754
vt 0.508312 0.780736
vt 0.481486 0.815897
vt 0.611781 0.801407
vt 0.580503 0.805201
vt 0.589809 0.791657
vt 0.423944 0.827233
vt 0.535483 0.837616
vt 0.457852 0.818272
vt 0.446532 0.837582
vt 0.578260 0.826242
vt 0.621168 0.824214
vt 0.604074 0.833784
vt 0.401019 0.844695
vt 0.501103 0.843865
vt 0.497185 0.855155
vt 0.465418 0.863622
vt 0.621171 0.855785
vt 0.602609 0.855651
vt 0.437768 0.865045
vt 0.506495 0.874391
vt 0.494106 0.873082
vt 0.578472 0.857730
vt 0.567962 0.867188
vt 0.532110 0.866042
vt 0.609375 0.874588
vt 0.597390 0.875844
vt 0.601249 0.867188
vt 0.440324 0.890589
vt 0.429632 0.897543
vt 0.415827 0.880708
vt 0.579109 0.867632
vt 0.575379 0.888845
vt 0.465402 0.882504
vt 0.459915 0.890625
vt 0.475124 0.890625
vt 0.500598 0.882813
vt 0.483268 0.882328
vt 0.532239 0.875714
vt 0.533850 0.895142
vt 0.386158 0.898438
vt 0.383813 0.883029
vt 0.450257 0.898927
vt 0.437500 0.898438
vt 0.466122 0.906624
vt 0.567484 0.902453
vt 0.587779 0.924192
vt 0.524514 0.918133
vt 0.604636 0.913660
vt 0.388307 0.911654
vt 0.398438 0.914939
vt 0.390684 0.928458
vt 0.426979 0.938701
vt 0.425377 0.906609
vt 0.405048 0.939566
vt 0.399365 0.928760
vt 0.509035 0.935416
vt 0.480466 0.923574
vt 0.544024 0.935258
vt 0.592879 0.950287
vt 0.434308 0.956980
vt 0.390625 0.938928
vt 0.381830 0.948546
vt 0.554561 0.949605
vt 0.523864 0.951593
vt 0.409043 0.986976
vt 0.546363 0.960197
vt 0.524005 0.969391
vt 0.480023 0.958099
vt 0.460068 0.977581
vt 0.460930 0.951571
vt 0.453190 0.997660
vt 0.457060 0.974616
vt 0.477139 0.750318
vt 0.625000 0.785962
vt 0.610433 0.895394
vt 0.625000 0.909989
vt 0.621868 0.990022
vt 0.606936 1.000000
vt 0.424790 0.994164
vt 0.375000 0.898147
vt 0.860271 0.632979
vt 0.857092 0.671156
vt 0.850122 0.655227
vt 0.846660 0.668965
vt 0.843750 0.679688
vt 0.278330 0.518277
vt 0.289062 0.515443
vt 0.274951 0.530226
vt 0.370493 0.502584
vt 0.349572 0.534173
vt 0.330776 0.506933
vt 0.303781 0.515617
vt 0.319171 0.524469
vt 0.289736 0.556081
vt 0.218797 0.519717
vt 0.232543 0.537674
vt 0.206979 0.548789
vt 0.228288 0.500000
vt 0.138881 0.533655
vt 0.232146 0.510792
vt 0.412544 0.342473
vt 0.419673 0.314141
vt 0.328984 0.568502
vt 0.154065 0.559353
vt 0.133552 0.554177
vt 0.177279 0.552690
vt 0.208967 0.571628
vt 0.259349 0.554125
vt 0.227644 0.571007
vt 0.245433 0.539004
vt 0.191414 0.560056
vt 0.176442 0.576075
vt 0.250747 0.569846
vt 0.230768 0.589332
vt 0.164686 0.589691
vt 0.302369 0.622508
vt 0.279331 0.578916
vt 0.365229 0.579357
vt 0.343556 0.611222
vt 0.355065 0.566830
vt 0.250000 0.609645
vt 0.241983 0.615834
vt 0.198456 0.594006
vt 0.162998 0.620254
vt 0.142042 0.600845
vt 0.208022 0.631710
vt 0.241909 0.632812
vt 0.335938 0.633107
vt 0.328125 0.632813
vt 0.349211 0.625000
vt 0.360696 0.625704
vt 0.352884 0.632813
vt 0.201544 0.641497
vt 0.160211 0.632812
vt 0.305948 0.640625
vt 0.260764 0.640520
vt 0.163666 0.640625
vt 0.171618 0.649846
vt 0.149821 0.642273
vt 0.282409 0.648438
vt 0.266700 0.648438
vt 0.336679 0.640625
vt 0.323832 0.650069
vt 0.319575 0.640316
vt 0.346746 0.645940
vt 0.201984 0.670638
vt 0.179861 0.648921
vt 0.239934 0.640433
vt 0.251468 0.642800
vt 0.215732 0.688206
vt 0.131110 0.664146
vt 0.265581 0.669410
vt 0.265625 0.656250
vt 0.273438 0.657247
vt 0.291770 0.656250
vt 0.273623 0.674955
vt 0.281250 0.656250
vt 0.179688 0.689551
vt 0.265159 0.695687
vt 0.311781 0.687677
vt 0.341463 0.699508
vt 0.174558 0.722669
vt 0.129004 0.686142
vt 0.321448 0.718815
vt 0.146923 0.742058
vt 0.254960 0.702391
vt 0.242705 0.724983
vt 0.233012 0.732486
vt 0.382784 0.698319
vt 0.358845 0.742338
vt 0.245951 0.733370
vt 0.234375 0.742188
vt 0.247361 0.509566
vt 0.257813 0.500000
vt 0.265925 0.535420
vt 0.362875 0.564867
vt 0.332453 0.750000
vt 0.296305 0.742304
vt 0.273438 0.750000
vt 0.291230 0.711858
vt 0.227098 0.749162
vt 0.175485 0.748812
vt 0.125000 0.624623
vt 0.127371 0.610020
vt 0.140392 0.625000
vt 0.745381 0.511173
vt 0.753608 0.514078
vt 0.742188 0.523438
vt 0.775817 0.511525
vt 0.783991 0.529881
vt 0.760736 0.530720
vt 0.809068 0.511513
vt 0.805312 0.537268
vt 0.834003 0.533918
vt 0.866934 0.511351
vt 0.835228 0.505587
vt 0.653650 0.537871
vt 0.638519 0.539351
vt 0.672097 0.514724
vt 0.733185 0.523438
vt 0.734042 0.536481
vt 0.705818 0.515713
vt 0.744115 0.531250
vt 0.755374 0.539209
vt 0.813266 0.547399
vt 0.727891 0.555880
vt 0.796099 0.542248
vt 0.691448 0.554468
vt 0.678611 0.556726
vt 0.664410 0.538361
vt 0.768639 0.564661
vt 0.868832 0.544857
vt 0.849296 0.578724
vt 0.701126 0.564423
vt 0.831934 0.558878
vt 0.836945 0.576922
vt 0.871174 0.574437
vt 0.716590 0.590793
vt 0.718192 0.562527
vt 0.811255 0.596615
vt 0.679953 0.593370
vt 0.699267 0.596636
vt 0.740806 0.597362
vt 0.638884 0.578714
vt 0.652000 0.623238
vt 0.636743 0.623706
vt 0.787181 0.595302
vt 0.790362 0.619233
vt 0.851558 0.599444
vt 0.862135 0.604523
vt 0.850716 0.620755
vt 0.716525 0.624651
vt 0.699245 0.628100
vt 0.750596 0.634858
vt 0.734375 0.639468
vt 0.675767 0.635084
vt 0.812918 0.624428
vt 0.726563 0.628360
vt 0.726563 0.652837
vt 0.791330 0.659863
vt 0.709643 0.654850
vt 0.677583 0.666296
vt 0.742187 0.662605
vt 0.872015 0.663830
vt 0.714979 0.683657
vt 0.699248 0.692075
vt 0.771613 0.685289
vt 0.753606 0.683293
vt 0.823128 0.687303
vt 0.836487 0.679138
vt 0.681258 0.701234
vt 0.867905 0.672217
vt 0.844154 0.706592
vt 0.844875 0.686638
vt 0.801498 0.701733
vt 0.759366 0.695312
vt 0.821464 0.695313
vt 0.839211 0.681573
vt 0.870768 0.692679
vt 0.730451 0.691627
vt 0.714962 0.716452
vt 0.665248 0.729304
vt 0.658882 0.688179
vt 0.701127 0.727505
vt 0.636750 0.693370
vt 0.685145 0.733137
vt 0.793490 0.710938
vt 0.791972 0.721446
vt 0.774314 0.710938
vt 0.765625 0.712420
vt 0.765406 0.726562
vt 0.757813 0.705379
vt 0.770550 0.729731
vt 0.819971 0.710447
vt 0.788824 0.739210
vt 0.808272 0.737816
vt 0.731563 0.722683
vt 0.723011 0.739723
vt 0.757812 0.736570
vt 0.826351 0.745561
vt 0.658752 0.500000
vt 0.680904 0.505956
vt 0.716551 0.500000
vt 0.739102 0.500000
vt 0.729799 0.512255
vt 0.757306 0.500000
vt 0.800748 0.500000
vt 0.873638 0.634013
vt 0.746401 0.734985
vt 0.730824 0.750000
vt 0.699279 0.750000
vt 0.590876 0.016604
vt 0.616931 0.085760
vt 0.549138 0.101563
vt 0.522065 0.101563
vt 0.430769 0.116739
vt 0.414062 0.124921
vt 0.576168 0.157729
vt 0.381789 0.142687
vt 0.430269 0.182055
vt 0.625000 0.078125
vt 0.468750 0.320313
vt 0.477723 0.320312
vt 0.471442 0.328125
vt 0.461694 0.335938
vt 0.560636 0.335938
vt 0.594590 0.352329
vt 0.586340 0.352947
vt 0.381226 0.352896
vt 0.622188 0.368052
vt 0.391236 0.396506
vt 0.375537 0.414062
vt 0.618326 0.452244
vt 0.625000 0.442969
vt 0.474384 0.535074
vt 0.409750 0.566241
vt 0.497281 0.650928
vt 0.483396 0.671313
vt 0.422111 0.682112
vt 0.512698 0.669971
vt 0.429688 0.696730
vt 0.437500 0.695313
vt 0.437604 0.706876
vt 0.462044 0.734539
vt 0.382812 0.609375
vt 0.531259 0.765633
vt 0.376804 0.769376
vt 0.588569 0.833529
vt 0.383527 0.864085
vt 0.557783 0.875000
vt 0.624482 0.875000
vt 0.616414 0.882812
vt 0.395517 0.906250
vt 0.406250 0.906250
vt 0.417123 0.903062
vt 0.407671 0.914063
vt 0.620560 0.942483
vt 0.390625 0.965087
vt 0.500548 0.965189
vt 0.580969 0.985985
vt 0.625000 0.883039
vt 0.625000 0.921875
vt 0.375426 0.828832
vt 0.290642 0.507813
vt 0.325598 0.519090
vt 0.346889 0.544004
vt 0.268039 0.544923
vt 0.257813 0.562500
vt 0.271998 0.618219
vt 0.358723 0.616494
vt 0.367188 0.617188
vt 0.178875 0.640625
vt 0.306337 0.648438
vt 0.263494 0.686684
vt 0.259456 0.710199
vt 0.260130 0.742326
vt 0.273438 0.500000
vt 0.281250 0.500867
vt 0.289063 0.500000
vt 0.375000 0.617188
vt 0.375000 0.625000
vt 0.234375 0.750000
vt 0.125000 0.539062
vt 0.717096 0.554261
vt 0.726563 0.546875
vt 0.657800 0.559443
vt 0.661472 0.599555
vt 0.726562 0.605719
vt 0.734375 0.652976
vt 0.740916 0.672004
vt 0.750272 0.695022
vt 0.747737 0.687634
vt 0.766102 0.703125
vt 0.812500 0.703125
vt 0.745957 0.715146
vt 0.676034 0.748114
vt 0.758039 0.749920
vt 0.769065 0.500000
vt 0.750000 0.750000
vt 0.394744 0.997104
vt 0.380694 0.992701
vt 0.593750 1.000000
vt 0.375000 0.890625
vt 0.244612 0.750000
vt 0.582019 0.003695
s 0
f 382/1/1 4/2/1 75/3/1
f 4/2/2 5/4/2 72/5/2
f 5/4/3 68/6/3 72/5/3
f 3/7/4 79/8/4 78/9/4
f 3/7/5 75/3/5 79/8/5
f 68/6/6 76/10/6 72/5/6
f 69/11/7 77/12/7 71/13/7
f 81/14/8 77/12/8 69/11/8
f 73/15/9 80/16/9 70/17/9
f 72/5/10 76/10/10 87/18/10
f 70/17/11 84/19/11 76/10/11
f 70/17/12 80/16/12 84/19/12
f 77/12/13 80/16/13 73/15/13
f 79/8/14 82/20/14 78/9/14
f 74/21/15 83/22/15 82/20/15
f 81/14/16 88/23/16 77/12/16
f 7/24/17 86/25/17 85/26/17
f 76/10/18 84/19/18 87/18/18
f 86/25/19 95/27/19 85/26/19
f 82/20/20 89/28/20 460/29/20
f 83/22/21 91/30/21 90/31/21
f 87/18/22 92/32/22 91/30/22
f 95/27/23 99/33/23 106/34/23
f 89/28/24 1/35/24 460/29/24
f 96/36/25 9/37/25 99/33/25
f 101/38/26 105/39/26 100/40/26
f 103/41/27 109/42/27 102/43/27
f 105/39/28 114/44/28 104/45/28
f 108/46/29 110/47/29 101/38/29
f 110/47/30 114/44/30 105/39/30
f 110/47/31 115/48/31 114/44/31
f 109/42/32 117/49/32 108/46/32
f 112/50/33 11/51/33 125/52/33
f 109/42/34 120/53/34 117/49/34
f 125/52/35 121/54/35 103/41/35
f 11/51/36 12/55/36 138/56/36
f 120/53/37 123/57/37 119/58/37
f 124/59/38 126/60/38 120/53/38
f 125/52/39 138/56/39 132/61/39
f 124/59/40 131/62/40 128/63/40
f 127/64/41 133/65/41 396/66/41
f 127/64/42 134/67/42 133/65/42
f 128/63/43 129/68/43 126/60/43
f 396/66/44 133/65/44 17/69/44
f 128/63/45 131/62/45 16/70/45
f 9/37/46 10/71/46 107/72/46
f 131/62/47 14/73/47 15/74/47
f 131/62/48 15/74/48 16/70/48
f 16/70/49 135/75/49 130/76/49
f 418/77/50 122/78/50 410/79/50
f 418/80/51 116/81/51 122/78/51
f 2/82/52 3/7/52 78/9/52
f 13/83/53 139/84/53 138/56/53
f 133/65/54 143/85/54 142/86/54
f 15/74/55 145/87/55 136/88/55
f 139/84/56 141/89/56 137/90/56
f 134/67/57 135/75/57 143/85/57
f 136/88/58 145/87/58 144/91/58
f 15/74/59 141/89/59 145/87/59
f 13/83/60 146/92/60 139/84/60
f 135/75/61 140/93/61 148/94/61
f 150/95/62 149/96/62 144/91/62
f 145/87/63 151/97/63 150/95/63
f 139/84/64 152/98/64 141/89/64
f 146/92/65 153/99/65 139/84/65
f 87/18/66 84/19/66 92/32/66
f 147/100/67 158/101/67 143/85/67
f 150/95/68 151/97/68 156/102/68
f 146/92/69 24/103/69 153/99/69
f 156/102/70 163/104/70 155/105/70
f 151/97/71 161/106/71 156/102/71
f 151/97/72 165/107/72 161/106/72
f 152/98/73 165/107/73 151/97/73
f 261/108/74 269/109/74 264/110/74
f 180/111/75 22/112/75 179/113/75
f 156/102/76 164/114/76 163/104/76
f 157/115/77 166/116/77 152/98/77
f 153/99/78 166/116/78 157/115/78
f 163/104/79 164/114/79 185/117/79
f 24/103/80 174/118/80 153/99/80
f 167/119/81 171/120/81 147/100/81
f 218/121/82 222/122/82 30/123/82
f 171/120/83 179/113/83 147/100/83
f 185/117/84 175/124/84 172/125/84
f 164/114/85 176/126/85 185/117/85
f 173/127/86 188/128/86 176/126/86
f 25/129/87 178/130/87 174/118/87
f 185/117/88 184/131/88 183/132/88
f 183/132/89 191/133/89 180/111/89
f 182/134/90 22/112/90 386/135/90
f 176/126/91 195/136/91 194/137/91
f 186/138/92 27/139/92 189/140/92
f 184/131/93 193/141/93 200/142/93
f 188/128/94 196/143/94 195/136/94
f 192/144/95 202/145/95 197/146/95
f 191/133/96 199/147/96 198/148/96
f 193/141/97 201/149/97 206/150/97
f 193/141/98 194/137/98 201/149/98
f 189/140/99 28/151/99 203/152/99
f 201/149/100 194/137/100 204/153/100
f 194/137/101 195/136/101 211/154/101
f 198/148/102 202/145/102 192/144/102
f 196/143/103 203/152/103 207/155/103
f 199/147/104 205/156/104 209/157/104
f 204/153/105 208/158/105 206/150/105
f 205/156/106 206/150/106 209/157/106
f 208/158/107 216/159/107 206/150/107
f 198/148/108 209/157/108 215/160/108
f 216/159/109 209/157/109 206/150/109
f 198/148/110 215/160/110 202/145/110
f 211/154/111 212/161/111 214/162/111
f 209/157/112 216/159/112 215/160/112
f 213/163/113 214/162/113 217/164/113
f 210/165/114 230/166/114 218/121/114
f 208/158/115 219/167/115 216/159/115
f 214/162/116 30/123/116 31/168/116
f 212/161/117 218/121/117 30/123/117
f 16/70/118 15/74/118 136/88/118
f 14/73/119 137/90/119 15/74/119
f 218/121/120 230/169/120 222/122/120
f 202/145/121 33/170/121 223/171/121
f 202/145/122 42/172/122 389/173/122
f 20/174/123 197/146/123 19/175/123
f 20/174/124 21/176/124 187/177/124
f 33/170/125 224/178/125 223/171/125
f 31/168/126 221/179/126 227/180/126
f 220/181/127 235/182/127 232/183/127
f 223/171/128 225/184/128 235/182/128
f 222/122/129 228/185/129 221/179/129
f 228/185/130 229/186/130 221/179/130
f 229/186/131 233/187/131 221/179/131
f 225/184/132 236/188/132 235/182/132
f 235/182/133 240/189/133 239/190/133
f 236/188/134 241/191/134 240/189/134
f 233/187/135 242/192/135 237/193/135
f 234/194/136 43/195/136 44/196/136
f 242/192/137 249/197/137 237/193/137
f 243/198/138 45/199/138 244/200/138
f 234/194/139 44/196/139 45/199/139
f 241/191/140 248/201/140 247/202/140
f 244/200/141 252/203/141 242/192/141
f 247/202/142 251/204/142 250/205/142
f 248/201/143 251/204/143 247/202/143
f 246/206/144 253/207/144 256/208/144
f 250/205/145 254/209/145 253/207/145
f 251/204/146 254/209/146 250/205/146
f 249/197/147 261/108/147 248/201/147
f 252/203/148 265/210/148 249/197/148
f 253/207/149 257/211/149 256/208/149
f 254/209/150 257/211/150 253/207/150
f 257/211/151 260/212/151 256/208/151
f 260/212/152 262/213/152 259/214/152
f 254/209/153 263/215/153 257/211/153
f 248/201/154 264/110/154 251/204/154
f 261/108/155 264/110/155 248/201/155
f 258/216/156 271/217/156 252/203/156
f 262/213/157 266/218/157 35/219/157
f 260/212/158 266/218/158 262/213/158
f 263/215/159 266/218/159 260/212/159
f 258/216/160 281/220/160 271/217/160
f 264/110/161 268/221/161 263/215/161
f 266/218/162 273/222/162 35/219/162
f 267/223/163 273/222/163 266/218/163
f 269/109/164 272/224/164 268/221/164
f 35/219/165 273/222/165 462/225/165
f 268/221/166 273/222/166 267/223/166
f 271/217/167 281/220/167 286/226/167
f 46/227/168 295/228/168 278/229/168
f 272/224/169 285/230/169 279/231/169
f 280/232/170 286/226/170 293/233/170
f 295/228/171 281/220/171 278/229/171
f 279/231/172 290/234/172 288/235/172
f 285/230/173 276/236/173 291/237/173
f 293/233/174 292/238/174 276/236/174
f 282/239/175 53/240/175 54/241/175
f 290/234/176 291/237/176 289/242/176
f 286/226/177 295/228/177 293/233/177
f 32/243/178 224/178/178 33/170/178
f 231/244/179 501/245/179 43/195/179
f 295/228/180 48/246/180 49/247/180
f 292/238/181 50/248/181 51/249/181
f 39/250/182 245/251/182 38/252/182
f 41/253/183 232/183/183 40/254/183
f 49/247/184 305/255/184 297/256/184
f 47/257/185 301/258/185 48/246/185
f 305/255/186 300/259/186 297/256/186
f 49/247/187 301/258/187 305/255/187
f 54/241/188 302/260/188 308/261/188
f 300/259/189 304/262/189 314/263/189
f 305/255/190 304/262/190 300/259/190
f 298/264/191 309/265/191 302/260/191
f 296/266/192 310/267/192 298/264/192
f 303/268/193 314/263/193 311/269/193
f 60/270/194 307/271/194 306/272/194
f 309/265/195 312/273/195 308/261/195
f 304/262/196 318/274/196 314/263/196
f 313/275/197 321/276/197 309/265/197
f 311/269/198 313/275/198 310/267/198
f 307/271/199 315/277/199 304/262/199
f 60/270/200 61/278/200 317/279/200
f 312/273/201 320/280/201 308/261/201
f 318/274/202 319/281/202 314/263/202
f 319/281/203 322/282/203 313/275/203
f 313/275/204 323/283/204 321/276/204
f 322/282/205 323/283/205 313/275/205
f 319/281/206 318/274/206 322/282/206
f 317/279/207 62/284/207 324/285/207
f 321/276/208 325/286/208 320/280/208
f 335/287/209 334/288/209 322/282/209
f 326/289/210 328/290/210 327/291/210
f 324/285/211 62/284/211 331/292/211
f 331/292/212 337/293/212 330/294/212
f 332/295/213 345/296/213 338/297/213
f 329/298/214 337/293/214 342/299/214
f 333/300/215 346/301/215 332/295/215
f 333/300/216 347/302/216 346/301/216
f 340/303/217 347/302/217 339/304/217
f 341/305/218 342/299/218 351/306/218
f 338/297/219 348/307/219 344/308/219
f 332/295/220 356/309/220 350/310/220
f 347/302/221 357/311/221 346/301/221
f 342/299/222 358/312/222 351/306/222
f 351/306/223 358/312/223 357/311/223
f 358/312/224 364/313/224 362/314/224
f 358/312/225 365/315/225 364/313/225
f 359/316/226 360/317/226 363/318/226
f 356/309/227 367/319/227 355/320/227
f 355/320/228 369/321/228 366/322/228
f 362/314/229 370/323/229 375/324/229
f 362/314/230 371/325/230 370/323/230
f 364/313/231 373/326/231 371/325/231
f 357/311/232 372/327/232 367/319/232
f 363/318/233 368/328/233 55/329/233
f 371/325/234 379/330/234 378/331/234
f 367/319/235 382/332/235 369/321/235
f 378/331/236 381/333/236 383/334/236
f 377/335/237 384/336/237 376/337/237
f 384/336/238 5/338/238 588/339/238
f 52/340/239 296/266/239 298/264/239
f 301/258/240 579/341/240 60/270/240
f 352/342/241 586/343/241 365/315/241
f 373/326/242 7/344/242 81/345/242
f 4/346/243 376/337/243 588/339/243
f 363/318/244 55/329/244 56/347/244
f 537/348/245 549/349/245 542/350/245
f 551/351/246 549/349/246 558/352/246
f 387/353/247 391/354/247 398/355/247
f 42/356/248 399/357/248 389/358/248
f 392/359/249 395/360/249 406/361/249
f 390/362/250 397/363/250 401/364/250
f 23/365/251 396/366/251 17/69/251
f 385/367/252 390/362/252 23/365/252
f 170/368/253 23/365/253 154/369/253
f 395/360/254 416/370/254 406/361/254
f 396/366/255 407/371/255 410/372/255
f 396/366/256 400/373/256 407/371/256
f 397/363/257 411/374/257 401/364/257
f 403/375/258 412/376/258 394/377/258
f 394/377/259 412/376/259 397/363/259
f 402/378/260 415/379/260 400/373/260
f 420/380/261 423/381/261 412/376/261
f 407/371/262 415/379/262 419/382/262
f 411/374/263 415/379/263 402/378/263
f 416/370/264 424/383/264 413/384/264
f 417/385/265 427/386/265 414/387/265
f 421/388/266 426/389/266 420/380/266
f 422/390/267 431/391/267 418/392/267
f 423/381/268 431/391/268 422/390/268
f 426/389/269 436/393/269 431/391/269
f 426/389/270 437/394/270 436/393/270
f 432/395/271 438/396/271 427/386/271
f 433/397/272 434/398/272 439/399/272
f 436/393/273 451/400/273 435/401/273
f 424/383/274 446/402/274 445/403/274
f 441/404/275 449/405/275 440/406/275
f 446/402/276 453/407/276 452/408/276
f 448/409/277 461/410/277 447/411/277
f 466/412/278 461/410/278 448/409/278
f 451/400/279 455/413/279 450/414/279
f 443/415/280 444/416/280 470/417/280
f 35/219/281 462/225/281 466/412/281
f 440/406/282 449/405/282 460/418/282
f 444/416/283 464/419/283 470/417/283
f 456/420/284 457/421/284 464/419/284
f 459/422/285 465/423/285 458/424/285
f 455/413/286 463/425/286 450/414/286
f 461/410/287 468/426/287 465/423/287
f 462/225/288 472/427/288 466/412/288
f 462/225/289 469/428/289 472/427/289
f 449/405/290 478/429/290 78/430/290
f 463/425/291 478/429/291 449/405/291
f 469/428/292 479/431/292 472/427/292
f 478/429/293 2/432/293 78/430/293
f 471/433/294 473/434/294 470/417/294
f 473/434/295 474/435/295 470/417/295
f 469/428/296 34/436/296 477/437/296
f 470/417/297 474/435/297 478/429/297
f 474/435/298 480/438/298 481/439/298
f 23/365/299 386/440/299 385/367/299
f 22/441/300 21/442/300 386/440/300
f 41/253/301 40/254/301 409/443/301
f 477/437/302 308/444/302 479/431/302
f 59/445/303 320/446/303 476/447/303
f 478/429/304 56/448/304 55/449/304
f 1/450/305 440/406/305 460/418/305
f 113/451/306 430/452/306 1/450/306
f 485/453/307 488/454/307 491/455/307
f 486/456/308 493/457/308 492/458/308
f 487/459/309 494/460/309 493/457/309
f 487/459/310 495/461/310 494/460/310
f 13/462/311 495/461/311 146/463/311
f 499/464/312 489/465/312 496/466/312
f 490/467/313 497/468/313 483/469/313
f 488/454/314 492/458/314 498/470/314
f 492/458/315 514/471/315 498/470/315
f 494/460/316 495/461/316 509/472/316
f 514/471/317 508/473/317 497/468/317
f 509/472/318 506/474/318 494/460/318
f 503/475/319 507/476/319 500/477/319
f 506/474/320 516/478/320 514/471/320
f 495/461/321 12/479/321 518/480/321
f 503/475/322 512/481/322 507/476/322
f 510/482/323 523/483/323 509/472/323
f 12/479/324 11/484/324 518/480/324
f 508/473/325 515/485/325 513/486/325
f 509/472/326 517/487/326 516/478/326
f 507/476/327 512/481/327 524/488/327
f 512/481/328 515/485/328 519/489/328
f 516/478/329 521/490/329 514/471/329
f 511/491/330 527/492/330 526/493/330
f 522/494/331 517/487/331 529/495/331
f 525/496/332 10/497/332 535/498/332
f 519/489/333 531/499/333 530/500/333
f 521/490/334 536/501/334 533/502/334
f 521/490/335 529/495/335 536/501/335
f 524/488/336 530/500/336 538/503/336
f 535/498/337 542/350/337 534/504/337
f 532/505/338 533/502/338 539/506/338
f 536/501/339 529/495/339 548/507/339
f 537/348/340 542/350/340 535/498/340
f 538/503/341 540/508/341 545/509/341
f 536/501/342 548/507/342 547/510/342
f 537/348/343 8/511/343 549/349/343
f 540/508/344 539/506/344 550/512/344
f 540/508/345 550/512/345 552/513/345
f 547/510/346 556/514/346 555/515/346
f 542/350/347 560/516/347 548/507/347
f 551/351/348 557/517/348 560/516/348
f 552/513/349 566/518/349 545/509/349
f 548/507/350 560/516/350 556/514/350
f 559/519/351 578/520/351 561/521/351
f 556/514/352 564/522/352 563/523/352
f 560/516/353 565/524/353 564/522/353
f 565/524/354 557/517/354 589/525/354
f 7/526/355 578/520/355 559/519/355
f 550/512/356 553/527/356 567/528/356
f 566/518/357 579/529/357 544/530/357
f 567/528/358 571/531/358 552/513/358
f 544/530/359 47/257/359 543/532/359
f 571/531/360 583/533/360 566/518/360
f 576/534/361 580/535/361 575/536/361
f 574/537/362 582/538/362 568/539/362
f 585/540/363 582/538/363 574/537/363
f 577/541/364 586/542/364 580/535/364
f 578/520/365 65/543/365 577/541/365
f 572/544/366 587/545/366 567/528/366
f 582/538/367 585/540/367 584/546/367
f 577/541/368 65/543/368 586/542/368
f 578/520/369 66/547/369 65/543/369
f 29/548/370 489/465/370 230/169/370
f 482/549/371 496/466/371 29/548/371
f 28/550/372 483/469/372 482/549/372
f 27/551/373 484/552/373 28/550/373
f 26/553/374 488/454/374 485/453/374
f 24/554/375 487/459/375 486/456/375
f 10/497/376 9/555/376 537/348/376
f 581/556/377 62/557/377 587/545/377
f 587/545/378 61/558/378 571/531/378
f 571/531/379 61/558/379 583/533/379
f 543/532/380 46/227/380 278/229/380
f 44/196/381 526/493/381 45/199/381
f 75/3/382 3/7/382 382/1/382
f 81/14/383 7/24/383 85/26/383
f 67/559/384 81/14/384 69/11/384
f 74/21/385 79/8/385 75/3/385
f 87/18/386 74/21/386 75/3/386
f 71/13/387 77/12/387 73/15/387
f 78/9/388 82/20/388 460/29/388
f 74/21/389 87/18/389 83/22/389
f 77/12/390 88/23/390 80/16/390
f 81/14/391 85/26/391 88/23/391
f 7/24/392 8/560/392 86/25/392
f 84/19/393 80/16/393 88/23/393
f 86/25/394 96/36/394 95/27/394
f 86/25/395 8/560/395 96/36/395
f 82/20/396 90/31/396 89/28/396
f 83/22/397 87/18/397 91/30/397
f 94/561/398 88/23/398 95/27/398
f 84/19/399 88/23/399 93/562/399
f 88/23/400 94/561/400 93/562/400
f 88/23/401 85/26/401 95/27/401
f 95/27/402 96/36/402 99/33/402
f 91/30/403 92/32/403 101/38/403
f 93/562/404 103/41/404 102/43/404
f 93/562/405 94/561/405 103/41/405
f 98/563/406 89/28/406 90/31/406
f 89/28/407 97/564/407 1/35/407
f 100/40/408 97/564/408 89/28/408
f 92/32/409 108/46/409 101/38/409
f 92/32/410 102/43/410 108/46/410
f 102/43/411 109/42/411 108/46/411
f 101/38/412 110/47/412 105/39/412
f 103/41/413 106/34/413 111/565/413
f 106/34/414 112/50/414 111/565/414
f 113/566/415 114/44/415 115/48/415
f 116/81/416 113/566/416 118/567/416
f 112/50/417 107/72/417 11/51/417
f 115/48/418 110/47/418 117/49/418
f 125/52/419 111/565/419 112/50/419
f 103/41/420 111/565/420 125/52/420
f 113/566/421 115/48/421 118/567/421
f 115/48/422 117/49/422 118/567/422
f 103/41/423 121/54/423 109/42/423
f 119/58/424 118/567/424 117/49/424
f 117/49/425 120/53/425 119/58/425
f 109/42/426 124/59/426 120/53/426
f 109/42/427 121/54/427 124/59/427
f 125/52/428 11/51/428 138/56/428
f 123/57/429 120/53/429 126/60/429
f 126/60/430 124/59/430 128/63/430
f 124/59/431 121/54/431 131/62/431
f 116/81/432 126/60/432 129/68/432
f 121/54/433 125/52/433 132/61/433
f 138/56/434 12/55/434 13/83/434
f 129/68/435 128/63/435 130/76/435
f 134/67/436 129/68/436 135/75/436
f 130/76/437 128/63/437 16/70/437
f 131/62/438 121/54/438 14/73/438
f 121/54/439 132/61/439 14/73/439
f 132/61/440 138/56/440 137/90/440
f 72/5/441 87/18/441 75/3/441
f 7/24/442 559/568/442 8/560/442
f 14/73/443 132/61/443 137/90/443
f 410/79/444 122/78/444 127/64/444
f 418/80/445 113/566/445 116/81/445
f 17/69/446 133/65/446 142/86/446
f 133/65/447 134/67/447 143/85/447
f 135/75/448 136/88/448 140/93/448
f 140/93/449 136/88/449 144/91/449
f 147/100/450 135/75/450 148/94/450
f 144/91/451 145/87/451 150/95/451
f 145/87/452 141/89/452 151/97/452
f 143/85/453 135/75/453 147/100/453
f 157/115/454 139/84/454 153/99/454
f 144/91/455 149/96/455 140/93/455
f 141/89/456 152/98/456 151/97/456
f 139/84/457 157/115/457 152/98/457
f 149/96/458 150/95/458 155/105/458
f 142/86/459 143/85/459 154/369/459
f 155/105/460 150/95/460 156/102/460
f 143/85/461 158/101/461 154/369/461
f 140/93/462 159/569/462 148/94/462
f 160/570/463 149/96/463 155/105/463
f 155/105/464 163/104/464 160/570/464
f 162/571/465 159/569/465 160/570/465
f 159/569/466 162/571/466 148/94/466
f 164/114/467 156/102/467 161/106/467
f 160/570/468 163/104/468 162/571/468
f 152/98/469 166/116/469 165/107/469
f 154/369/470 158/101/470 170/368/470
f 168/572/471 148/94/471 162/571/471
f 168/572/472 162/571/472 185/117/472
f 164/114/473 161/106/473 176/126/473
f 162/571/474 163/104/474 185/117/474
f 165/107/475 166/116/475 169/573/475
f 172/125/476 167/119/476 168/572/476
f 153/99/477 174/118/477 166/116/477
f 167/119/478 172/125/478 171/120/478
f 172/125/479 168/572/479 185/117/479
f 176/126/480 169/573/480 173/127/480
f 161/106/481 169/573/481 176/126/481
f 166/116/482 174/118/482 173/127/482
f 169/573/483 166/116/483 173/127/483
f 24/103/484 25/129/484 174/118/484
f 175/124/485 171/120/485 172/125/485
f 171/120/486 175/124/486 179/113/486
f 174/118/487 178/130/487 181/574/487
f 173/127/488 174/118/488 177/575/488
f 174/118/489 181/574/489 177/575/489
f 180/111/490 179/113/490 175/124/490
f 170/368/491 182/134/491 23/576/491
f 175/124/492 183/132/492 180/111/492
f 175/124/493 185/117/493 183/132/493
f 23/576/494 182/134/494 386/135/494
f 185/117/495 176/126/495 194/137/495
f 192/144/496 22/112/496 180/111/496
f 177/575/497 181/574/497 186/138/497
f 178/130/498 25/129/498 26/577/498
f 184/131/499 185/117/499 193/141/499
f 176/126/500 188/128/500 195/136/500
f 188/128/501 177/575/501 189/140/501
f 177/575/502 186/138/502 189/140/502
f 186/138/503 26/577/503 27/139/503
f 180/111/504 191/133/504 198/148/504
f 192/144/505 190/578/505 22/112/505
f 183/132/506 200/142/506 191/133/506
f 197/146/507 20/174/507 190/578/507
f 183/132/508 184/131/508 200/142/508
f 188/128/509 189/140/509 196/143/509
f 189/140/510 27/139/510 28/151/510
f 18/579/511 197/146/511 202/145/511
f 191/133/512 200/142/512 199/147/512
f 200/142/513 193/141/513 206/150/513
f 196/143/514 189/140/514 203/152/514
f 200/142/515 205/156/515 199/147/515
f 205/156/516 200/142/516 206/150/516
f 203/152/517 28/151/517 29/580/517
f 207/155/518 195/136/518 196/143/518
f 206/150/519 201/149/519 204/153/519
f 194/137/520 211/154/520 204/153/520
f 211/154/521 195/136/521 207/155/521
f 198/148/522 199/147/522 209/157/522
f 207/155/523 203/152/523 210/165/523
f 204/153/524 211/154/524 208/158/524
f 211/154/525 207/155/525 212/161/525
f 207/155/526 210/165/526 218/121/526
f 210/165/527 29/580/527 230/166/527
f 208/158/528 213/163/528 219/167/528
f 212/161/529 207/155/529 218/121/529
f 214/162/530 212/161/530 30/123/530
f 215/160/531 216/159/531 33/170/531
f 216/159/532 219/167/532 33/170/532
f 219/167/533 213/163/533 217/164/533
f 135/75/534 16/70/534 136/88/534
f 217/164/535 214/162/535 31/168/535
f 29/580/536 28/151/536 482/581/536
f 389/173/537 18/579/537 202/145/537
f 219/167/538 32/243/538 33/170/538
f 202/145/539 215/160/539 33/170/539
f 42/172/540 202/145/540 223/171/540
f 18/579/541 19/175/541 197/146/541
f 22/112/542 190/578/542 187/177/542
f 224/178/543 32/243/543 227/180/543
f 32/243/544 31/168/544 227/180/544
f 223/171/545 224/178/545 226/582/545
f 220/181/546 223/171/546 235/182/546
f 223/171/547 226/582/547 225/184/547
f 226/582/548 224/178/548 233/187/548
f 224/178/549 227/180/549 233/187/549
f 230/169/550 231/244/550 234/194/550
f 222/122/551 230/169/551 228/185/551
f 238/583/552 232/183/552 235/182/552
f 225/184/553 226/582/553 236/188/553
f 234/194/554 231/244/554 43/195/554
f 226/582/555 233/187/555 237/193/555
f 227/180/556 221/179/556 233/187/556
f 230/169/557 234/194/557 228/185/557
f 243/198/558 228/185/558 234/194/558
f 236/188/559 226/582/559 237/193/559
f 228/185/560 243/198/560 229/186/560
f 232/183/561 238/583/561 40/254/561
f 238/583/562 235/182/562 239/190/562
f 235/182/563 236/188/563 240/189/563
f 233/187/564 229/186/564 242/192/564
f 247/202/565 240/189/565 241/191/565
f 229/186/566 244/200/566 242/192/566
f 229/186/567 243/198/567 244/200/567
f 239/190/568 240/189/568 247/202/568
f 237/193/569 249/197/569 241/191/569
f 243/198/570 234/194/570 45/199/570
f 250/205/571 239/190/571 247/202/571
f 241/191/572 249/197/572 248/201/572
f 256/208/573 245/251/573 246/206/573
f 244/200/574 258/216/574 252/203/574
f 252/203/575 270/584/575 265/210/575
f 244/200/576 45/199/576 258/216/576
f 249/197/577 265/210/577 261/108/577
f 266/218/578 263/215/578 267/223/578
f 257/211/579 263/215/579 260/212/579
f 251/204/580 264/110/580 254/209/580
f 258/216/581 45/199/581 278/229/581
f 254/209/582 264/110/582 263/215/582
f 252/203/583 271/217/583 270/584/583
f 261/108/584 265/210/584 269/109/584
f 263/215/585 268/221/585 267/223/585
f 281/220/586 258/216/586 278/229/586
f 265/210/587 270/584/587 269/109/587
f 270/584/588 274/585/588 269/109/588
f 272/224/589 269/109/589 274/585/589
f 275/586/590 268/221/590 279/231/590
f 270/584/591 277/587/591 274/585/591
f 277/587/592 276/236/592 274/585/592
f 277/587/593 271/217/593 280/232/593
f 462/225/594 273/222/594 275/586/594
f 273/222/595 268/221/595 275/586/595
f 272/224/596 274/585/596 285/230/596
f 274/585/597 276/236/597 285/230/597
f 277/587/598 280/232/598 276/236/598
f 280/232/599 271/217/599 286/226/599
f 283/588/600 279/231/600 284/589/600
f 275/586/601 279/231/601 283/588/601
f 283/588/602 284/589/602 287/590/602
f 288/235/603 284/589/603 279/231/603
f 287/590/604 288/235/604 289/242/604
f 279/231/605 285/230/605 290/234/605
f 280/232/606 293/233/606 276/236/606
f 282/239/607 283/588/607 287/590/607
f 289/242/608 288/235/608 290/234/608
f 290/234/609 285/230/609 291/237/609
f 291/237/610 276/236/610 292/238/610
f 281/220/611 295/228/611 286/226/611
f 34/436/612 54/241/612 477/437/612
f 34/436/613 282/239/613 54/241/613
f 282/239/614 287/590/614 53/240/614
f 287/590/615 289/242/615 294/591/615
f 287/590/616 294/591/616 53/240/616
f 291/237/617 292/238/617 51/249/617
f 292/238/618 293/233/618 49/247/618
f 293/233/619 295/228/619 49/247/619
f 295/228/620 46/227/620 48/246/620
f 31/168/621 30/123/621 221/179/621
f 230/169/622 501/245/622 231/244/622
f 48/246/623 46/227/623 47/257/623
f 292/238/624 49/247/624 50/248/624
f 462/225/625 275/586/625 34/436/625
f 255/592/626 38/252/626 256/208/626
f 38/252/627 245/251/627 256/208/627
f 39/250/628 40/254/628 245/251/628
f 42/356/629 220/181/629 232/183/629
f 302/260/630 53/240/630 298/264/630
f 53/240/631 294/591/631 298/264/631
f 50/248/632 303/268/632 296/266/632
f 50/248/633 299/593/633 303/268/633
f 297/256/634 300/259/634 299/593/634
f 48/246/635 301/258/635 49/247/635
f 298/264/636 310/267/636 309/265/636
f 477/594/637 54/241/637 308/261/637
f 303/268/638 300/259/638 314/263/638
f 306/272/639 301/258/639 60/270/639
f 301/258/640 306/272/640 305/255/640
f 296/266/641 303/268/641 311/269/641
f 315/277/642 307/271/642 316/595/642
f 302/260/643 309/265/643 308/261/643
f 310/267/644 296/266/644 311/269/644
f 310/267/645 313/275/645 309/265/645
f 309/265/646 321/276/646 312/273/646
f 304/262/647 315/277/647 318/274/647
f 311/269/648 319/281/648 313/275/648
f 311/269/649 314/263/649 319/281/649
f 318/274/650 315/277/650 327/291/650
f 312/273/651 321/276/651 320/280/651
f 317/279/652 61/278/652 62/284/652
f 326/289/653 315/277/653 316/595/653
f 315/277/654 326/289/654 327/291/654
f 320/280/655 325/286/655 58/596/655
f 322/282/656 318/274/656 335/287/656
f 318/274/657 327/291/657 335/287/657
f 322/282/658 339/304/658 323/283/658
f 322/282/659 334/288/659 339/304/659
f 326/289/660 329/298/660 328/290/660
f 330/294/661 324/285/661 331/292/661
f 332/295/662 325/286/662 333/300/662
f 325/286/663 332/295/663 338/297/663
f 341/305/664 327/291/664 336/597/664
f 325/286/665 323/283/665 333/300/665
f 323/283/666 339/304/666 333/300/666
f 327/291/667 341/305/667 335/287/667
f 327/291/668 328/290/668 336/597/668
f 337/293/669 329/298/669 330/294/669
f 341/305/670 336/597/670 342/299/670
f 331/292/671 62/284/671 63/598/671
f 334/288/672 340/303/672 339/304/672
f 334/288/673 335/287/673 340/303/673
f 335/287/674 341/305/674 340/303/674
f 342/299/675 336/597/675 329/298/675
f 343/599/676 337/293/676 331/292/676
f 347/302/677 333/300/677 339/304/677
f 331/292/678 63/598/678 343/599/678
f 342/299/679 337/293/679 352/342/679
f 350/310/680 345/296/680 332/295/680
f 356/309/681 332/295/681 346/301/681
f 359/316/682 348/307/682 353/600/682
f 346/301/683 357/311/683 356/309/683
f 347/302/684 351/306/684 357/311/684
f 348/307/685 354/601/685 353/600/685
f 355/320/686 349/602/686 345/296/686
f 358/312/687 342/299/687 365/315/687
f 359/316/688 353/600/688 360/317/688
f 361/603/689 354/601/689 349/602/689
f 366/322/690 361/603/690 355/320/690
f 357/311/691 362/314/691 375/324/691
f 357/311/692 358/312/692 362/314/692
f 361/603/693 366/322/693 360/317/693
f 356/309/694 357/311/694 367/319/694
f 366/322/695 363/318/695 360/317/695
f 355/320/696 367/319/696 369/321/696
f 362/314/697 364/313/697 371/325/697
f 375/324/698 370/323/698 376/337/698
f 357/311/699 375/324/699 372/327/699
f 364/313/700 365/315/700 66/604/700
f 371/325/701 378/331/701 370/323/701
f 368/328/702 369/321/702 374/605/702
f 370/323/703 380/606/703 377/335/703
f 370/323/704 378/331/704 380/606/704
f 378/331/705 379/330/705 381/333/705
f 375/324/706 376/337/706 4/346/706
f 375/324/707 4/346/707 372/327/707
f 369/321/708 382/332/708 374/605/708
f 367/319/709 372/327/709 382/332/709
f 378/331/710 383/334/710 380/606/710
f 380/606/711 5/338/711 384/336/711 377/335/711
f 381/333/712 379/330/712 6/607/712
f 379/330/713 373/326/713 6/607/713
f 373/326/714 66/604/714 7/344/714
f 296/266/715 52/340/715 51/249/715
f 372/327/709 4/346/709 382/332/709
f 54/241/716 53/240/716 302/260/716
f 294/591/717 52/340/717 298/264/717
f 51/249/718 50/248/718 296/266/718
f 47/257/719 579/341/719 301/258/719
f 63/598/720 64/608/720 343/599/720
f 352/342/721 64/608/721 586/343/721
f 365/315/722 586/343/722 65/609/722
f 365/315/723 65/609/723 66/604/723
f 56/347/724 348/307/724 359/316/724
f 56/347/725 359/316/725 363/318/725
f 59/610/726 308/261/726 320/280/726
f 391/354/727 388/611/727 392/359/727
f 385/367/728 397/363/728 390/362/728
f 392/359/729 393/612/729 395/360/729
f 389/358/730 399/357/730 393/612/730
f 514/471/731 521/490/731 508/473/731
f 390/362/732 396/366/732 23/365/732
f 387/353/733 398/355/733 21/442/733
f 395/360/734 393/612/734 405/613/734
f 393/612/735 399/357/735 405/613/735
f 21/442/736 398/355/736 404/614/736
f 23/365/737 17/69/737 142/86/737
f 23/365/738 142/86/738 154/369/738
f 21/442/739 403/375/739 394/377/739
f 21/442/740 404/614/740 403/375/740
f 398/355/741 406/361/741 404/614/741
f 395/360/742 405/613/742 416/370/742
f 404/614/743 406/361/743 403/375/743
f 397/363/744 412/376/744 411/374/744
f 413/384/745 408/615/745 403/375/745
f 407/371/746 400/373/746 415/379/746
f 401/364/747 411/374/747 402/378/747
f 403/375/748 406/361/748 413/384/748
f 405/613/749 414/387/749 416/370/749
f 410/372/750 407/371/750 419/382/750
f 406/361/751 416/370/751 413/384/751
f 411/374/752 412/376/752 422/390/752
f 410/372/753 419/382/753 418/392/753
f 411/374/754 422/390/754 415/379/754
f 415/379/755 422/390/755 419/382/755
f 418/392/756 419/382/756 422/390/756
f 423/381/757 426/389/757 431/391/757
f 413/384/758 424/383/758 425/616/758
f 414/387/759 427/386/759 416/370/759
f 417/385/760 428/617/760 427/386/760
f 417/385/761 38/252/761 428/617/761
f 421/388/762 413/384/762 425/616/762
f 113/451/763 418/392/763 431/391/763
f 427/386/764 433/397/764 432/395/764
f 416/370/765 427/386/765 424/383/765
f 38/252/766 429/618/766 428/617/766
f 113/451/767 431/391/767 430/452/767
f 428/617/768 434/398/768 433/397/768
f 437/394/769 426/389/769 421/388/769
f 431/391/770 436/393/770 435/401/770
f 425/616/771 424/383/771 445/403/771
f 427/386/772 438/396/772 447/411/772
f 433/397/773 439/399/773 432/395/773
f 435/401/774 441/404/774 440/406/774
f 435/401/775 442/619/775 441/404/775
f 435/401/776 451/400/776 442/619/776
f 436/393/777 443/415/777 451/400/777
f 443/415/778 437/394/778 444/416/778
f 438/396/779 448/409/779 447/411/779
f 438/396/780 432/395/780 448/409/780
f 450/414/781 442/619/781 451/400/781
f 441/404/782 442/619/782 449/405/782
f 442/619/783 450/414/783 449/405/783
f 445/403/784 452/408/784 444/416/784
f 452/408/785 445/403/785 446/402/785
f 454/620/786 446/402/786 447/411/786
f 446/402/787 454/620/787 453/407/787
f 447/411/788 461/410/788 454/620/788
f 451/400/789 443/415/789 455/413/789
f 456/420/790 444/416/790 452/408/790
f 456/420/791 452/408/791 457/421/791
f 464/419/792 457/421/792 465/423/792
f 458/424/793 465/423/793 457/421/793
f 459/422/794 461/410/794 465/423/794
f 461/410/795 466/412/795 468/426/795
f 449/405/796 450/414/796 463/425/796
f 460/418/797 449/405/797 78/430/797
f 455/413/798 470/417/798 463/425/798
f 470/417/799 464/419/799 467/621/799
f 462/225/800 34/436/800 469/428/800
f 467/621/801 471/433/801 470/417/801
f 475/622/802 476/447/802 58/623/802
f 468/426/803 472/427/803 475/622/803
f 472/427/804 479/431/804 476/447/804
f 471/433/805 475/622/805 473/434/805
f 479/431/806 469/428/806 477/437/806
f 480/438/807 473/434/807 475/622/807
f 463/425/808 470/417/808 478/429/808
f 480/438/809 475/622/809 58/623/809
f 476/447/810 479/431/810 59/445/810
f 473/434/811 480/438/811 474/435/811
f 474/435/812 56/448/812 478/429/812
f 474/435/813 481/439/813 56/448/813
f 158/101/814 179/113/814 170/368/814
f 21/442/815 20/624/815 387/353/815
f 19/625/816 18/626/816 388/611/816
f 388/611/817 18/626/817 389/358/817
f 399/357/818 42/356/818 232/183/818
f 399/357/819 232/183/819 41/253/819
f 417/385/820 39/250/820 38/252/820
f 429/618/821 38/252/821 37/627/821
f 434/398/822 36/628/822 35/219/822
f 479/431/823 308/444/823 59/445/823
f 476/447/824 320/446/824 58/623/824
f 57/629/825 56/448/825 481/439/825
f 1/450/826 430/452/826 440/406/826
f 127/630/827 396/366/827 410/372/827
f 482/549/828 483/469/828 496/466/828
f 483/469/829 484/552/829 490/467/829
f 496/466/830 483/469/830 503/475/830
f 488/454/831 486/456/831 492/458/831
f 486/456/832 487/459/832 493/457/832
f 487/459/833 146/463/833 495/461/833
f 496/466/834 500/477/834 499/464/834
f 483/469/835 497/468/835 503/475/835
f 497/468/836 498/470/836 514/471/836
f 491/455/837 488/454/837 498/470/837
f 497/468/838 504/631/838 503/475/838
f 13/462/839 12/479/839 495/461/839
f 505/632/840 497/468/840 508/473/840
f 496/466/841 503/475/841 500/477/841
f 497/468/842 505/632/842 504/631/842
f 505/632/843 508/473/843 504/631/843
f 506/474/844 509/472/844 516/478/844
f 510/482/845 495/461/845 518/480/845
f 503/475/846 504/631/846 512/481/846
f 504/631/847 513/486/847 512/481/847
f 516/478/848 517/487/848 522/494/848
f 511/491/849 502/633/849 528/634/849
f 528/634/850 502/633/850 524/488/850
f 524/488/851 502/633/851 507/476/851
f 512/481/852 513/486/852 515/485/852
f 509/472/853 523/483/853 517/487/853
f 524/488/854 512/481/854 519/489/854
f 508/473/855 520/635/855 515/485/855
f 523/483/856 518/480/856 525/496/856
f 516/478/857 522/494/857 521/490/857
f 517/487/858 523/483/858 525/496/858
f 44/196/859 511/491/859 526/493/859
f 511/491/860 528/634/860 527/492/860
f 519/489/861 515/485/861 531/499/861
f 522/494/862 529/495/862 521/490/862
f 517/487/863 525/496/863 535/498/863
f 524/488/864 519/489/864 530/500/864
f 529/495/865 517/487/865 534/504/865
f 517/487/866 535/498/866 534/504/866
f 10/497/867 537/348/867 535/498/867
f 527/492/868 528/634/868 538/503/868
f 538/503/869 528/634/869 524/488/869
f 530/500/870 531/499/870 540/508/870
f 538/503/871 530/500/871 540/508/871
f 533/502/872 541/636/872 539/506/872
f 529/495/873 534/504/873 548/507/873
f 534/504/874 542/350/874 548/507/874
f 537/348/875 9/555/875 8/511/875
f 539/506/876 541/636/876 546/637/876
f 542/350/877 551/351/877 560/516/877
f 547/510/878 548/507/878 556/514/878
f 559/519/879 549/349/879 8/511/879
f 545/509/880 540/508/880 552/513/880
f 550/512/881 539/506/881 553/527/881
f 539/506/882 546/637/882 553/527/882
f 551/351/883 558/352/883 557/517/883
f 561/521/884 549/349/884 559/519/884
f 544/530/885 545/509/885 566/518/885
f 562/638/886 553/527/886 554/639/886
f 558/352/887 561/521/887 589/525/887
f 563/523/888 555/515/888 556/514/888
f 565/524/889 560/516/889 557/517/889
f 556/514/890 560/516/890 564/522/890
f 561/521/891 577/541/891 565/524/891
f 561/521/892 578/520/892 577/541/892
f 550/512/893 567/528/893 552/513/893
f 568/539/894 563/523/894 569/640/894
f 570/641/895 564/522/895 565/524/895
f 565/524/896 577/541/896 570/641/896
f 552/513/897 571/531/897 566/518/897
f 553/527/898 572/544/898 567/528/898
f 568/539/899 569/640/899 574/537/899
f 574/537/900 569/640/900 575/536/900
f 564/522/901 580/535/901 576/534/901
f 543/532/902 47/257/902 46/227/902
f 544/530/903 579/529/903 47/257/903
f 566/518/904 583/533/904 579/529/904
f 575/536/905 585/540/905 574/537/905
f 575/536/906 580/535/906 585/540/906
f 572/544/907 573/642/907 581/556/907
f 567/528/908 587/545/908 571/531/908
f 582/538/909 584/546/909 581/556/909
f 580/535/910 586/542/910 585/540/910
f 572/544/911 581/556/911 587/545/911
f 583/533/912 60/643/912 579/529/912
f 584/546/913 585/540/913 64/644/913
f 585/540/914 586/542/914 64/644/914
f 29/548/915 496/466/915 489/465/915
f 28/550/916 484/552/916 483/469/916
f 27/551/917 485/453/917 484/552/917
f 25/645/918 24/554/918 486/456/918
f 24/554/919 146/463/919 487/459/919
f 581/556/920 63/646/920 62/557/920
f 587/545/921 62/557/921 61/558/921
f 583/533/922 61/558/922 60/643/922
f 278/229/923 526/493/923 543/532/923
f 230/169/924 489/465/924 501/245/924
f 84/19/925 93/562/925 92/32/925
f 76/10/926 68/6/926 70/17/926
f 79/8/927 74/21/927 82/20/927
f 82/20/928 83/22/928 90/31/928
f 101/38/929 98/563/929 90/31/929 91/30/929
f 94/561/930 95/27/930 106/34/930 103/41/930
f 92/32/931 93/562/931 102/43/931
f 98/563/932 101/38/932 100/40/932 89/28/932
f 100/40/933 105/39/933 104/45/933 97/564/933
f 104/45/934 1/35/934 97/564/934
f 99/33/935 107/72/935 112/50/935 106/34/935
f 114/44/936 113/566/936 1/35/936
f 107/72/937 99/33/937 9/37/937
f 118/567/938 119/58/938 123/57/938 116/81/938
f 110/47/939 108/46/939 117/49/939
f 116/81/940 134/67/940 127/64/940 122/78/940
f 126/60/941 116/81/941 123/57/941
f 134/67/942 116/81/942 129/68/942
f 130/76/943 135/75/943 129/68/943
f 149/96/944 160/570/944 159/569/944 140/93/944
f 9/37/945 96/36/945 8/560/945
f 11/51/946 107/72/946 10/71/946
f 139/84/947 137/90/947 138/56/947
f 141/89/948 15/74/948 137/90/948
f 168/572/949 167/119/949 147/100/949 148/94/949
f 21/176/950 22/112/950 187/177/950
f 179/113/951 182/134/951 170/368/951
f 169/573/952 161/106/952 165/107/952
f 190/578/953 20/174/953 187/177/953
f 158/101/954 147/100/954 179/113/954
f 188/128/955 173/127/955 177/575/955
f 178/130/956 26/577/956 186/138/956 181/574/956
f 192/144/957 180/111/957 198/148/957
f 193/141/958 185/117/958 194/137/958
f 22/112/959 182/134/959 179/113/959
f 211/154/960 214/162/960 213/163/960 208/158/960
f 197/146/961 190/578/961 192/144/961
f 210/165/962 203/152/962 29/580/962
f 217/164/963 31/168/963 32/243/963 219/167/963
f 222/122/964 221/179/964 30/123/964
f 40/254/965 238/583/965 246/206/965 245/251/965
f 241/191/966 236/188/966 237/193/966
f 246/206/967 239/190/967 250/205/967 253/207/967
f 239/190/968 246/206/968 238/583/968
f 249/197/969 242/192/969 252/203/969
f 256/208/970 260/212/970 259/214/970 255/592/970
f 269/109/971 268/221/971 264/110/971
f 294/591/972 291/237/972 51/249/972 52/340/972
f 270/584/973 271/217/973 277/587/973
f 268/221/974 272/224/974 279/231/974
f 282/239/975 34/436/975 275/586/975
f 282/239/976 275/586/976 283/588/976
f 288/235/977 287/590/977 284/589/977
f 294/591/978 289/242/978 291/237/978
f 259/214/979 262/213/979 36/628/979
f 220/181/980 42/172/980 223/171/980
f 35/219/981 36/628/981 262/213/981
f 255/592/982 259/214/982 37/627/982
f 306/272/983 307/271/983 304/262/983 305/255/983
f 300/259/984 303/268/984 299/593/984
f 307/271/985 60/270/985 317/279/985 316/595/985
f 316/595/986 317/279/986 324/285/986 326/289/986
f 323/283/987 325/286/987 321/276/987
f 326/289/988 324/285/988 330/294/988 329/298/988
f 338/297/989 344/308/989 58/596/989 325/286/989
f 351/306/990 347/302/990 340/303/990
f 329/298/991 336/597/991 328/290/991
f 349/602/992 348/307/992 338/297/992
f 352/342/993 337/293/993 343/599/993
f 350/310/994 356/309/994 355/320/994
f 354/601/995 348/307/995 349/602/995
f 354/601/996 361/603/996 360/317/996
f 365/315/997 342/299/997 352/342/997
f 366/322/998 369/321/998 368/328/998 363/318/998
f 361/603/999 349/602/999 355/320/999
f 3/647/1000 2/648/1000 55/329/1000
f 376/337/1001 370/323/1001 377/335/1001
f 66/604/1002 373/326/1002 364/313/1002
f 55/329/1003 368/328/1003 374/605/1003
f 379/330/1004 371/325/1004 373/326/1004
f 50/248/1005 49/247/1005 297/256/1005 299/593/1005
f 3/647/1006 374/605/1006 382/332/1006
f 373/326/1007 81/345/1007 67/649/1007 6/607/1007
f 64/608/1008 352/342/1008 343/599/1008
f 348/307/1009 56/347/1009 57/650/1009 344/308/1009
f 388/611/1010 391/354/1010 387/353/1010
f 393/612/1011 392/359/1011 388/611/1011 389/358/1011
f 394/377/1012 397/363/1012 385/367/1012 386/440/1012
f 392/359/1013 406/361/1013 398/355/1013 391/354/1013
f 400/373/1014 390/362/1014 401/364/1014 402/378/1014
f 408/615/1015 420/380/1015 412/376/1015 403/375/1015
f 396/366/1016 390/362/1016 400/373/1016
f 394/377/1017 386/440/1017 21/442/1017
f 41/253/1018 405/613/1018 399/357/1018
f 41/253/1019 409/443/1019 414/387/1019 405/613/1019
f 430/452/1020 431/391/1020 435/401/1020 440/406/1020
f 413/384/1021 420/380/1021 408/615/1021
f 414/387/1022 409/443/1022 417/385/1022
f 413/384/1023 421/388/1023 420/380/1023
f 422/390/1024 412/376/1024 423/381/1024
f 423/381/1025 420/380/1025 426/389/1025
f 427/386/1026 428/617/1026 433/397/1026
f 434/398/1027 428/617/1027 429/618/1027
f 425/616/1028 445/403/1028 437/394/1028 421/388/1028
f 447/411/1029 446/402/1029 424/383/1029
f 443/415/1030 436/393/1030 437/394/1030
f 445/403/1031 444/416/1031 437/394/1031
f 439/399/1032 466/412/1032 448/409/1032 432/395/1032
f 35/219/1033 466/412/1033 439/399/1033 434/398/1033
f 453/407/1034 458/424/1034 457/421/1034 452/408/1034
f 470/417/1035 455/413/1035 443/415/1035
f 456/420/1036 464/419/1036 444/416/1036
f 454/620/1037 461/410/1037 459/422/1037 453/407/1037
f 459/422/1038 458/424/1038 453/407/1038
f 465/423/1039 468/426/1039 467/621/1039 464/419/1039
f 468/426/1040 466/412/1040 472/427/1040
f 468/426/1041 475/622/1041 471/433/1041 467/621/1041
f 40/254/1042 39/250/1042 417/385/1042 409/443/1042
f 475/622/1043 472/427/1043 476/447/1043
f 2/432/1044 478/429/1044 55/449/1044
f 19/625/1045 387/353/1045 20/624/1045
f 429/618/1046 37/627/1046 36/628/1046
f 480/438/1047 344/651/1047 57/629/1047 481/439/1047
f 344/651/1048 480/438/1048 58/623/1048
f 491/455/1049 490/467/1049 484/552/1049 485/453/1049
f 499/464/1050 500/477/1050 502/633/1050
f 497/468/1051 490/467/1051 491/455/1051
f 493/457/1052 506/474/1052 514/471/1052 492/458/1052
f 499/464/1053 502/633/1053 501/245/1053 489/465/1053
f 494/460/1054 506/474/1054 493/457/1054
f 500/477/1055 507/476/1055 502/633/1055
f 521/490/1056 520/635/1056 508/473/1056
f 509/472/1057 495/461/1057 510/482/1057
f 502/633/1058 511/491/1058 501/245/1058
f 513/486/1059 504/631/1059 508/473/1059
f 518/480/1060 523/483/1060 510/482/1060
f 532/505/1061 531/499/1061 515/485/1061
f 10/497/1062 525/496/1062 518/480/1062
f 10/497/1063 518/480/1063 11/484/1063
f 521/490/1064 533/502/1064 532/505/1064
f 532/505/1065 539/506/1065 540/508/1065 531/499/1065
f 545/509/1066 544/530/1066 527/492/1066
f 533/502/1067 536/501/1067 547/510/1067 541/636/1067
f 526/493/1068 527/492/1068 544/530/1068
f 549/349/1069 551/351/1069 542/350/1069
f 547/510/1070 546/637/1070 541/636/1070
f 546/637/1071 547/510/1071 555/515/1071 554/639/1071
f 554/639/1072 553/527/1072 546/637/1072
f 549/349/1073 561/521/1073 558/352/1073
f 555/515/1074 563/523/1074 562/638/1074 554/639/1074
f 562/638/1075 573/642/1075 572/544/1075 553/527/1075
f 562/638/1076 563/523/1076 568/539/1076
f 570/641/1077 577/541/1077 580/535/1077
f 573/642/1078 562/638/1078 568/539/1078
f 582/538/1079 581/556/1079 573/642/1079 568/539/1079
f 578/520/1080 7/526/1080 66/547/1080
f 25/645/1081 486/456/1081 488/454/1081 26/553/1081
f 27/551/1082 26/553/1082 485/453/1082
f 584/546/1083 64/644/1083 63/646/1083 581/556/1083
f 278/229/1084 45/199/1084 526/493/1084
f 44/196/1085 43/195/1085 511/491/1085
f 511/491/1086 43/195/1086 501/245/1086
f 73/15/1087 70/17/1087 383/334/1087
f 68/6/1088 5/338/1088 380/606/1088
f 68/6/1089 380/606/1089 383/334/1089
f 70/17/1090 68/6/1090 383/334/1090
f 71/13/1091 73/15/1091 383/334/1091
f 69/11/1092 71/13/1092 383/334/1092
f 67/559/1093 69/11/1093 383/334/1093
f 6/652/1094 67/559/1094 383/334/1094
f 381/333/1095 6/652/1095 383/334/1095
f 5/338/1096 4/346/1096 588/339/1096
f 376/337/1097 384/336/1097 588/339/1097
f 576/534/1098 575/536/1098 564/522/1098
f 569/640/1099 564/522/1099 575/536/1099
f 564/522/1100 569/640/1100 563/523/1100
f 561/521/354 565/524/354 589/525/354
f 557/517/887 558/352/887 589/525/887
f 564/522/1101 570/641/1101 580/535/1101
f 341/305/1102 351/306/1102 340/303/1102
f 345/296/1103 349/602/1103 338/297/1103
f 434/398/1104 429/618/1104 36/628/1104
f 37/627/1105 259/214/1105 36/628/1105
f 38/252/1106 255/592/1106 37/627/1106
f 427/386/1107 447/411/1107 424/383/1107
f 345/296/1108 350/310/1108 355/320/1108
f 353/600/1109 354/601/1109 360/317/1109
f 19/625/1110 388/611/1110 387/353/1110
f 543/532/1111 526/493/1111 544/530/1111
f 538/503/1112 545/509/1112 527/492/1112
f 520/635/1113 532/505/1113 515/485/1113
f 520/635/1114 521/490/1114 532/505/1114
f 104/45/1115 114/44/1115 1/35/1115
f 374/605/1116 3/647/1116 55/329/1116
f 4/2/1117 72/5/1117 75/3/1117
f 498/470/1118 497/468/1118 491/455/1118
