# Blender 4.0.2
# www.blender.org
mtllib Terrain.mtl
o Grid
v -47.907810 4.259535 51.214558
v -43.373558 5.287786 51.731705
v -41.874626 5.606836 51.833134
v -40.801765 5.858650 51.861298
v -39.446602 6.227942 51.832844
v -36.651173 7.375539 51.788555
v -33.990974 8.416122 51.699924
v -32.347713 8.849225 51.644863
v -30.051825 9.250529 51.665733
v -28.414694 9.435132 51.669044
v -26.589092 9.562043 51.642365
v -25.274328 9.580590 51.624870
v -23.411142 9.564549 51.541389
v -21.169779 9.525950 51.313931
v -18.105892 9.391441 50.713276
v -15.232807 9.250332 49.861660
v -14.064514 9.227861 49.603477
v -12.941109 9.247108 49.397175
v -11.856775 9.263450 49.252193
v -9.979236 9.263545 49.118313
v -8.678686 9.280302 49.063538
v 0.003453 9.266211 48.982704
v 4.120379 9.288061 49.050430
v 8.644842 9.291265 49.058075
v 9.652781 9.280166 49.095924
v 11.726147 9.268726 49.236118
v 12.873919 9.260889 49.383266
v 15.231088 9.254454 49.860577
v 17.388998 9.342569 50.510170
v 22.457832 9.546167 51.461178
v 24.398104 9.571515 51.596283
v 26.081463 9.557191 51.636047
v 27.957081 9.456855 51.663857
v 30.197769 9.214915 51.662319
v 32.311306 8.886066 51.650341
v 34.070831 8.396145 51.705067
v 36.641266 7.375788 51.787289
v 40.791801 5.858281 51.860596
v 41.872902 5.606468 51.833008
v 43.372051 5.288088 51.731838
v 51.132458 3.328529 50.842400
v -51.132275 3.328012 50.842255
v -49.508972 4.467443 48.775612
v -40.490547 6.502021 49.856895
v -35.004951 8.479630 50.422073
v -25.192833 9.639050 47.455509
v -19.635836 9.457417 51.064903
v -14.365438 8.952824 48.283104
v -13.738401 8.523985 46.930752
v -10.659094 8.305619 46.823421
v -8.003843 8.091857 46.584862
v -4.255095 9.287381 49.051682
v 0.118231 8.755459 47.839481
v 13.982330 9.240648 49.584332
v 18.106268 9.122273 48.430286
v 18.524218 9.416297 50.815193
v 19.645105 9.468687 51.065952
v 20.760342 9.511936 51.252621
v 39.456131 6.234460 51.835823
v 40.550827 6.506108 49.777420
v 49.179356 3.930118 51.076530
v -44.679062 6.095452 47.734837
v -32.747055 9.173997 49.674328
v -18.763836 9.139962 48.110806
v -4.697972 7.750566 46.082085
v 4.302038 7.635599 45.868114
v 9.961552 8.252371 46.816044
v 11.863389 8.331193 46.638901
v 19.290140 9.142134 47.730412
v 23.095247 9.565146 49.218155
v 36.450573 8.000026 50.167347
v 51.336510 4.019736 48.146690
v -39.190586 7.569934 47.777863
v -35.051647 9.605583 44.675686
v -29.719723 9.578104 48.510002
v -20.319248 9.168811 45.041786
v -17.917070 8.839746 46.136971
v -13.011988 8.084490 44.592228
v -10.330884 7.742583 44.720562
v -8.211911 7.630072 45.265099
v -3.403019 7.379701 45.420662
v -0.613924 7.227070 45.262001
v 5.321685 7.471964 45.445801
v 6.716438 7.491562 45.228844
v 21.518938 9.370836 46.342632
v 25.757113 9.652837 47.475521
v 34.923996 8.588524 50.007545
v 39.177383 7.548564 47.864277
v 47.413052 4.397722 51.276962
v -28.163418 9.769648 46.105015
v -6.252570 7.469890 45.300026
v -4.347315 6.506475 43.245415
v 2.616798 6.690804 44.036491
v 9.793686 7.649189 44.605892
v 15.682666 8.514785 45.471416
v 26.103300 9.879430 44.948967
v 27.862686 9.733481 46.440132
v 32.105873 9.616083 46.872749
v 47.672142 6.250218 44.088539
v -41.245770 7.486079 46.634182
v -39.297451 7.991122 46.023102
v -32.544792 9.692862 45.943844
v -31.657801 9.844069 44.836273
v -27.651733 10.050090 44.416214
v -26.538921 9.957228 44.297379
v -22.456398 9.458670 46.342785
v -21.948797 9.261718 43.111446
v -16.113010 8.338646 42.893631
v -12.286774 7.576251 42.730320
v -8.161153 6.828912 42.693436
v -4.907515 5.858235 41.615795
v -2.019853 5.269019 41.060501
v 9.409787 7.167552 43.094288
v 13.312314 8.093226 44.412186
v 31.911760 9.807524 45.022820
v 37.311657 9.363842 43.145523
v 39.132587 8.000000 46.164001
v 41.261776 7.545975 46.429798
v 44.144871 6.155508 48.049564
v -41.053276 8.080707 43.543209
v -33.405685 10.231697 42.154968
v -31.939114 10.510490 41.204529
v 5.556359 6.399920 42.584667
v 10.399874 6.902247 41.824142
v 13.392719 7.752329 42.572521
v 19.655542 8.967625 43.508766
v 28.288942 10.102077 44.044277
v 33.084690 10.152958 42.707710
v 34.877602 9.693165 44.360142
v -51.348125 4.057053 47.982635
v -51.754696 5.208627 42.833954
v -37.011917 9.252870 44.033661
v -30.803764 10.524395 41.198006
v -25.270042 9.720681 42.635681
v -17.473543 8.325245 41.309860
v -14.258164 7.643540 41.417484
v -10.896837 6.754162 41.197498
v -5.937963 5.498314 40.534782
v 1.207683 5.151089 40.926109
v 4.070077 5.459902 41.016598
v 13.305696 7.252198 40.996937
v 17.950163 8.391736 41.266369
v 24.094904 9.544166 42.927425
v 30.969105 10.426390 41.951283
v 35.897072 9.435331 44.585903
v 40.373577 8.145106 43.994949
v 44.536446 7.088781 44.449810
v 51.774311 5.267937 42.554916
v -46.775433 6.424643 44.461693
v -45.379147 7.453557 42.798252
v -44.054207 7.193789 44.616707
v -39.407436 9.146732 41.290428
v -34.850159 10.342846 40.987511
v -28.452000 10.300370 41.353683
v -13.601108 6.919922 40.023750
v -11.538751 6.058658 39.589180
v -1.191716 4.635888 39.900166
v 10.842743 6.140827 39.972050
v 16.758190 7.769414 39.719635
v 24.487293 9.472492 41.916214
v 29.297441 10.410434 41.675423
v 42.868851 7.780584 43.008305
v 45.303043 7.495630 42.741539
v 46.726688 7.304517 41.905895
v 48.671810 6.578858 41.617050
v -48.669807 6.485211 42.002632
v -46.992130 7.281646 41.665478
v -43.111229 7.733606 42.918785
v -36.850883 10.408609 38.996567
v -30.304268 10.577688 40.353031
v -25.688377 9.565875 40.842876
v -23.443844 8.989014 40.430893
v -18.981188 8.099212 39.474594
v -17.148771 7.529496 38.752243
v -13.107246 5.910227 38.555424
v -11.128662 5.338739 38.572674
v -5.248363 4.451852 38.907032
v -0.238427 3.523136 38.042690
v 1.481592 4.077198 38.874958
v 4.296837 4.306191 38.883995
v 8.327264 5.057259 38.991108
v 12.113363 5.275361 38.123882
v 13.300250 6.412732 39.222351
v 19.861471 8.286200 39.665230
v 23.237743 8.686937 39.447083
v 39.796864 9.519890 39.436131
v 51.987511 5.955551 38.978065
v -26.941755 9.612353 39.536510
v -23.480705 8.281722 38.205563
v -16.697990 6.498145 36.974876
v -12.176421 4.883607 37.620289
v -8.229056 4.135452 37.839947
v -3.362160 3.683934 38.089588
v 3.159239 3.436179 37.787674
v 7.955321 3.947346 37.678032
v 13.749318 5.311055 37.337185
v 17.113686 7.200220 38.032906
v 18.241592 7.459331 37.997753
v 25.093287 8.979394 39.210297
v 27.119064 9.778918 39.958462
v 31.275871 10.668457 39.944786
v 32.942844 10.767592 39.020409
v 35.191681 10.360537 40.674488
v -44.903194 8.178790 39.462540
v -32.639839 10.773220 38.871944
v -25.031748 8.404632 37.726109
v -19.028978 7.265213 37.285065
v -14.049310 5.306779 37.158878
v -12.312992 4.040187 36.640278
v -9.214417 3.532970 37.013935
v -5.565867 2.979855 37.010944
v -1.788870 2.638359 36.888702
v 2.369763 2.648847 36.880787
v 6.471030 3.194468 37.134258
v 12.045539 3.983400 36.686153
v 16.937906 6.033331 36.138813
v 18.752605 6.839982 36.623539
v 22.961750 7.932179 37.641861
v 34.064953 10.727592 38.701382
v 37.310448 10.388586 38.589268
v -48.321762 7.898591 35.979839
v -39.449131 10.039822 37.655933
v -35.529625 10.834764 37.146645
v -31.848986 10.729951 38.183601
v -30.457672 10.538168 38.770309
v -26.490196 8.490428 37.041454
v -23.273502 7.426408 36.615353
v -18.584589 6.094633 35.503254
v -16.931387 4.668564 34.605888
v -14.035993 4.138326 35.918690
v 6.595132 1.991357 36.020565
v 13.977744 3.741969 35.595032
v 22.869152 7.320616 36.534698
v 25.788555 8.590483 37.764854
v 30.098114 10.374612 38.336544
v 29.279381 10.425639 40.309841
v 45.202442 8.176859 39.101948
v 47.783749 7.385117 39.658314
v -51.988445 5.957584 38.899044
v -47.815876 7.400027 39.536728
v -33.441795 10.851534 37.612457
v -24.170155 7.058125 35.853230
v -19.570496 5.480740 34.514500
v -12.090378 2.141858 35.044529
v -8.362448 2.025799 35.822285
v -4.527192 1.704995 35.937725
v 3.923408 1.699123 35.942150
v 9.553868 1.794744 35.386745
v 12.614017 1.970084 34.684910
v 16.792736 4.506037 34.544159
v 18.134384 4.636063 34.033443
v 19.199505 5.778716 34.919666
v 23.923588 7.079285 35.939533
v 26.893351 8.631723 37.098232
v 32.405750 10.780784 38.060349
v 34.787590 10.884397 37.022572
v 47.235928 8.338167 35.622990
v 49.149590 7.759912 34.708286
v 52.134949 6.276453 36.431534
v -52.139778 6.285386 36.525604
v -42.481457 9.724823 35.579655
v -37.297958 10.890028 35.487373
v -35.375984 10.933110 35.912571
v -33.439651 10.825980 36.829880
v -28.881079 9.762963 37.763371
v -25.948883 6.800619 34.909542
v -24.184711 5.919317 34.481907
v -18.704281 4.437684 33.646461
v -14.592753 1.822814 33.711605
v -9.961055 1.558498 35.037689
v -6.731906 1.288752 35.266258
v -2.182288 1.089932 35.253967
v 4.584652 1.176487 35.294144
v 7.544589 1.355857 35.247124
v 19.748203 4.683986 33.613659
v 24.016066 5.847708 34.429272
v 25.905891 6.969207 35.116817
v 31.145388 10.408352 37.150314
v 33.781872 10.836091 36.626404
v 36.823872 10.930062 35.595402
v -52.145840 6.387821 35.354961
v -45.522667 9.071785 34.520397
v -37.102325 10.956653 34.541096
v -34.109730 10.776611 35.729488
v -31.507450 10.494946 37.056831
v -27.310637 6.847619 34.320637
v -20.116661 4.497848 33.383312
v -18.598703 1.846034 31.609917
v -12.853752 1.246876 33.827194
v -10.060192 1.044614 34.303509
v -7.609476 0.852724 34.455475
v -1.508576 0.650040 34.520985
v 5.441965 0.770887 34.558270
v 9.851986 1.030322 34.347549
v 13.304947 1.123510 33.535854
v 14.462900 1.574556 33.537827
v 27.300888 7.051402 34.547989
v 34.792965 10.795302 35.019852
v 35.714878 10.920518 35.010548
v 40.694408 10.276251 35.118191
v 45.036762 9.186682 34.706898
v 52.138836 6.370555 35.365437
v -47.426353 8.561630 33.321312
v -42.046635 10.131586 33.782616
v -39.577026 10.585172 34.762295
v -38.615009 10.864344 33.624252
v -35.922916 10.811597 33.811451
v -34.060009 10.281556 33.931679
v -28.561008 9.079845 36.632053
v -28.471306 8.251561 35.377522
v -25.283581 2.585384 30.840115
v -24.114080 3.849063 32.429558
v -15.928331 1.292498 32.468262
v -13.981528 0.853586 32.912609
v -10.789644 0.641733 33.400242
v -8.638956 0.391349 33.061665
v 0.284647 0.359261 33.747089
v 9.608345 0.549360 33.444977
v 12.037972 0.760468 33.353420
v 18.027678 1.520909 31.578259
v 19.693949 1.403161 30.775723
v 21.421675 1.925625 30.792416
v 24.175896 2.381429 30.911415
v 25.281328 2.743399 31.014887
v 28.217485 8.449267 35.846260
v 30.532974 9.665985 35.909687
v 37.771870 10.927252 34.201084
v 38.911335 10.731091 34.723862
v 52.057468 6.489184 33.901699
v -45.643009 9.217395 32.443935
v -41.036346 10.460544 32.520081
v -37.900692 10.860216 33.159184
v -35.039131 10.592810 33.770485
v -29.038462 7.040651 33.447136
v -26.535780 2.116538 29.794395
v -21.862940 1.927371 30.741083
v -20.186134 1.591084 30.773777
v -15.671468 0.838735 32.111542
v -14.108671 0.447641 32.144089
v -3.368172 0.112963 32.269196
v 2.305697 0.197090 32.880558
v 11.790475 0.355252 32.486504
v 13.985479 0.535339 32.366497
v 15.474598 0.831840 32.179771
v 26.536200 2.293815 30.008709
v 33.455643 10.212539 34.394234
v 34.026306 10.504784 34.595959
v 36.491650 10.820992 33.440933
v 41.719620 10.259315 33.335705
v 46.133701 9.023546 33.230186
v 47.865303 8.416463 32.202084
v -52.056812 6.485130 33.911488
v -48.045273 8.344708 32.136791
v -39.731518 10.585306 31.598047
v -37.673096 10.677249 32.174030
v -33.419342 9.523569 32.977875
v -31.896385 8.000567 32.207699
v -27.568172 2.493471 29.613491
v -23.658442 1.551566 30.041292
v -16.136698 0.496815 31.343941
v -14.429085 0.196132 31.263464
v 2.047804 0.068749 31.940466
v 13.300741 0.180092 31.497467
v 15.102619 0.326055 31.454399
v 16.700315 0.613418 31.205696
v 29.442808 7.379066 33.537579
v 32.938763 9.253181 33.006733
v 39.152485 10.712741 32.152115
v 39.060410 10.811460 32.894600
v 45.450397 9.232195 31.393682
v -48.200657 8.100878 30.270981
v -45.917145 9.038640 30.999586
v -42.297565 10.066130 31.317907
v -37.137123 10.424397 31.533798
v -35.644718 10.077754 31.751806
v -29.260612 3.233796 29.195148
v -20.282188 0.855610 29.852539
v -16.792206 0.299011 30.563440
v -15.401165 0.087807 30.398556
v -2.982074 0.000098 30.698303
v 14.820253 0.054372 30.361408
v 16.116098 0.191226 30.558508
v 17.899483 0.456227 30.310368
v 21.001030 0.766572 29.536926
v 32.479660 7.924741 31.563988
v 36.030830 10.252486 31.838455
v 37.383846 10.545010 31.761715
v 39.805645 10.520487 31.293949
v 42.047863 10.196698 31.891369
v 47.770477 8.286025 30.221474
v 51.530247 6.421858 30.659698
v -51.515072 6.415874 30.571699
v -42.323990 9.770478 29.862598
v -39.925888 10.290836 30.437103
v -34.648407 8.961763 30.700478
v -32.974651 7.628635 30.653667
v -24.424088 0.692296 28.657713
v -20.739338 0.526978 29.179171
v -17.216930 0.139108 29.851076
v -16.070724 0.015357 29.254595
v 16.291546 0.013839 29.251274
v 17.193674 0.105598 29.639738
v 19.142694 0.312875 29.401823
v 24.549486 1.038773 29.153290
v 29.296112 3.372237 29.324759
v 35.621605 9.748446 31.102770
v 40.058990 10.131073 29.977333
v -48.431942 7.449390 27.657768
v -46.965969 8.387337 29.240543
v -40.642040 9.613206 28.807909
v -39.233418 9.720094 29.154427
v -36.991962 9.414113 29.544046
v -35.500381 8.298405 28.967413
v -30.705273 3.515670 28.050957
v -20.109058 0.184289 28.594151
v 19.436308 0.126236 28.646770
v 24.247255 0.468374 28.235912
v 26.784246 1.296778 28.456774
v 27.906540 2.509894 29.429209
v 30.347723 2.934277 27.651930
v 33.868454 7.739652 29.792572
v 35.346024 8.990649 30.079878
v 37.570648 9.709311 29.731256
v 42.289211 9.798183 29.927557
v 48.485046 7.425682 27.734274
v 50.097042 6.706656 28.582882
v 51.221317 6.169201 29.111460
v -49.672859 6.635627 27.286465
v -45.373631 8.547184 28.492165
v -42.868557 8.871372 27.895456
v -36.307037 6.469730 25.766390
v -33.698231 5.298907 26.725275
v -28.810507 2.074178 27.984798
v -26.639826 1.039135 28.081188
v -25.312847 0.337111 27.112930
v -23.428865 0.177912 27.520870
v -17.623148 0.011830 28.851583
v 19.542280 0.003981 27.748713
v 22.914562 0.085398 27.317894
v 24.433790 0.173448 27.083311
v 26.889812 0.828495 27.299892
v 33.554440 5.390504 27.009201
v 34.694679 5.610269 26.032860
v 39.384739 9.056391 27.904671
v 40.617615 9.225435 28.045607
v 42.514717 8.986712 28.011534
v 44.855484 8.270002 27.546730
v 45.437378 8.668906 28.885975
v 46.837528 8.485468 29.498955
v -51.162060 6.105199 28.863615
v -47.092598 7.669648 26.855108
v -44.563446 7.473800 25.794044
v -42.115578 7.240950 24.670141
v -40.415466 7.268117 24.644037
v -39.312717 8.349538 26.768797
v -38.016846 7.458376 26.066387
v -35.270306 6.349544 26.503122
v -30.603548 2.513240 26.450735
v -28.710386 1.560324 27.072039
v -23.148653 0.001398 26.438152
v -19.396559 0.006508 27.968386
v 23.129086 0.005328 26.296297
v 28.907928 1.729851 27.209169
v 36.152187 6.360260 25.715940
v 45.966362 7.770969 26.721207
v 50.576050 5.435121 25.326916
v -45.618172 7.783825 26.635078
v -33.893299 4.563728 25.159332
v -28.422182 1.130746 26.065477
v -27.025097 0.675238 26.282042
v 25.923092 0.376880 26.370386
v 28.747931 1.351945 26.366594
v 33.096581 4.333618 25.941282
v 37.794281 7.222169 25.832138
v 39.231079 7.284881 24.990814
v 40.442528 6.995840 24.132759
v 43.073154 7.199042 24.756735
v 43.661186 6.470951 23.339479
v 47.423607 6.444885 22.722013
v -49.170399 5.902632 23.239241
v -45.981670 6.945425 24.331318
v -39.015018 6.016025 22.803547
v -36.186642 5.404338 23.924959
v -33.648403 3.528678 23.070417
v -30.267826 1.825383 25.193096
v -24.944206 0.099803 25.043987
v 30.176636 1.864598 25.542480
v 32.839401 3.246315 23.932909
v 34.763428 4.626597 24.023577
v 36.791168 5.688417 23.929646
v 45.737495 7.331437 25.538788
v 49.285133 5.913842 23.572704
v -50.494755 5.334598 24.670237
v -48.080933 6.272787 22.596321
v -46.955185 6.344922 22.234808
v -44.416039 6.453558 23.405081
v -27.538017 0.436312 22.956861
v 39.023087 5.920464 22.556395
v 46.060287 6.210360 21.868849
v 48.138958 6.201223 22.298744
v 50.358112 5.123546 23.245884
v -45.888302 6.247190 22.052809
v -42.795372 6.047134 22.114250
v -40.924015 5.890625 21.721142
v -39.964993 5.876478 21.925945
v -35.498684 4.218194 21.842892
v -30.425587 1.440289 23.140327
v 26.488295 0.136052 21.652382
v 29.893442 1.021699 22.166874
v 34.473686 3.449155 21.222019
v 36.757286 5.137554 22.670525
v 39.870815 5.787574 21.712709
v 41.818619 6.549837 23.248556
v -50.313072 5.032162 22.572630
v -37.481579 4.875300 21.174664
v -33.379856 2.329928 19.425451
v 29.623699 0.497720 19.521463
v 36.776325 4.532733 20.915817
v 41.133884 5.770983 21.266144
v 44.084629 5.758978 21.410278
v 46.966408 6.174057 21.278244
v 49.151436 5.535519 20.261105
v 50.245972 4.858782 20.736664
v -49.004848 5.451435 18.581388
v -44.157791 5.658978 21.034744
v -35.270367 3.253480 18.865616
v -26.992428 0.163735 20.890341
v 31.409538 1.587622 21.278105
v 39.532585 5.175232 19.949423
v -50.254692 4.870896 20.561106
v -47.935738 5.701380 18.032879
v -46.854473 5.731945 18.024658
v -45.822186 5.703011 19.168976
v -43.613735 5.213357 19.001766
v -39.492764 5.260563 20.318890
v -37.651306 3.926529 17.334299
v -37.036770 4.171896 19.306286
v -31.395033 1.052814 18.820581
v -25.273258 0.003468 20.983391
v 37.097706 4.049170 18.695019
v 43.347645 5.261502 19.309460
v 44.198452 5.272360 18.650131
v 45.900108 5.637617 18.397800
v 46.922653 5.735528 17.987640
v 47.988869 5.675997 17.736263
v 50.167580 4.808476 18.337198
v -40.763565 5.369235 19.576572
v -39.451191 4.818811 17.798840
v -30.719372 0.483251 17.167131
v -30.004082 0.153720 15.893820
v 28.352463 0.001315 15.345361
v 29.799690 0.105354 15.677564
v 31.143784 0.850969 18.503860
v 34.042309 2.197550 16.973015
v 40.784504 5.360455 19.509178
v 48.993591 5.440294 18.216862
v -36.037045 3.195955 16.928259
v 35.870872 3.310668 17.862902
v 37.960419 4.019690 17.026949
v 40.612556 4.477775 13.494682
v -50.178074 4.829685 18.286879
v -43.349266 4.799502 15.485968
v -35.182301 2.402829 14.470365
v -31.925938 0.905121 16.110867
v 39.188126 4.156078 13.164452
v 43.021210 4.775923 15.676364
v -45.863785 5.364481 14.040545
v -42.132496 4.573909 14.241758
v -40.548069 4.383417 12.771209
v -28.447664 0.007789 15.173182
v 30.792845 0.251082 13.894287
v 31.799210 0.724868 15.080810
v 43.523621 4.660033 12.647367
v 45.803036 5.359093 14.186515
v 46.965637 5.558223 13.525337
v 50.235279 4.831015 14.159320
v -48.129700 5.442854 7.276673
v -46.958031 5.545826 13.222818
v -37.046120 3.127773 13.571672
v -30.921534 0.283306 12.550510
v 38.002293 3.534216 12.085139
v 41.891037 4.470779 13.299051
v -50.234402 4.828547 14.142010
v -43.588768 4.654721 11.779164
v -39.244812 4.039544 11.767487
v -38.096813 3.528540 11.361341
v -31.892384 0.633698 12.513592
v -29.955402 0.144605 12.498213
v 35.288754 2.366406 13.619785
v 36.848248 3.041161 13.677592
v -35.198231 2.229767 11.882341
v 48.077072 5.460822 7.560876
v 50.296478 4.753430 9.762554
v -49.191444 5.246970 8.494023
v -37.574421 3.231051 9.631982
v 31.835779 0.619410 12.224846
v 35.233196 2.231276 11.240996
v 40.685314 4.277552 11.052426
v 49.173096 5.255208 8.528372
v -40.513374 4.177301 9.112250
v -35.447998 2.338567 10.155243
v -24.404289 0.002569 5.455772
v 30.954996 0.525790 7.999877
v 37.754761 3.310622 9.377600
v 39.298294 3.901049 8.890366
v 45.977989 5.267565 6.772788
v 47.078835 5.393548 3.622574
v -47.026268 5.412825 3.984839
v -42.002026 4.396052 11.263086
v -31.889719 0.787427 8.873191
v -27.387238 0.044080 10.328072
v 24.872707 0.008079 6.621060
v 30.091560 0.219084 10.911335
v 32.038296 0.813854 9.156695
v -50.297462 4.750106 9.648293
v -44.038017 4.845603 5.593438
v -30.131802 0.692471 1.867756
v -28.839973 0.303409 4.619512
v 40.813477 4.235257 8.659683
v 44.066475 4.833503 6.010230
v 50.302662 4.650011 6.561491
v -45.945011 5.264113 6.872838
v -39.411800 3.920943 7.798075
v -34.407589 1.998427 8.381140
v -29.500887 0.471094 2.896151
v 35.210285 2.306868 8.748690
v 40.287010 4.196966 6.674345
v -42.074345 4.563259 6.327690
v -38.439548 3.780443 5.909663
v -26.156441 0.055847 5.825408
v 26.348227 0.079074 4.323225
v 28.861683 0.271337 5.656791
v 29.907864 0.481005 4.486001
v 34.533585 2.590898 3.430063
v 38.109009 3.536669 7.418026
v -36.287659 2.908978 7.132774
v -31.313404 1.123405 2.291568
v 42.282944 4.590592 6.432663
v -50.301830 4.648251 6.485930
v -40.153904 4.316351 5.764990
v -34.608311 2.595019 3.669719
v 36.811386 3.536752 3.566589
v 39.117744 4.054585 5.421084
v 40.259041 4.828561 3.157447
v 43.366100 4.865686 3.990093
v 46.143387 5.312992 2.517282
v 47.992046 5.224324 -0.093392
v 49.150734 4.998199 1.667845
v -49.064262 5.006924 0.975312
v -43.179764 4.892646 3.681603
v -41.428627 4.939424 3.185679
v -37.029015 3.583173 3.818459
v 31.291273 1.067662 2.734638
v 41.677197 4.937641 3.225052
v 50.244297 4.550053 3.086941
v -50.246979 4.555347 3.106737
v -47.962345 5.229151 0.122089
v -44.371449 4.987542 1.640884
v -40.128223 4.773420 3.324435
v -27.179564 0.184135 -0.387863
v 37.423706 4.162965 1.815145
v 38.765034 4.572572 2.389569
v 42.704670 4.986009 0.441178
v -46.388851 5.338673 2.106159
v -38.194691 4.473604 1.882124
v -35.195545 3.277830 1.039289
v -33.145695 2.207130 1.474044
v -25.735682 0.057717 -5.965414
v 26.741638 0.177119 -3.548839
v 27.958187 0.348726 -1.720599
v 44.580734 5.093643 -1.057601
v 44.555870 5.014929 1.538372
v 46.933414 5.286495 0.299051
v 50.157883 4.578179 -0.131945
v -41.799206 4.968786 0.576106
v 29.082340 0.638790 -1.444612
v 31.681515 1.474278 1.117897
v 34.124840 2.832188 0.864944
v 35.748402 3.579520 0.678880
v 37.170177 4.412882 -0.915183
v 38.523869 4.759523 -1.112156
v 45.838593 5.211778 -0.801729
v -46.437897 5.271295 -0.652733
v -38.871517 4.833517 -1.102747
v -30.540293 1.241381 -0.931904
v 24.552551 0.002233 -7.869662
v 29.365704 1.026207 -3.288315
v 40.254589 4.931562 -0.627413
v 49.113674 5.029214 -1.981950
v -50.155228 4.570618 -0.124919
v -48.872559 5.155142 -3.444126
v -44.440548 5.146882 -1.622143
v -40.542282 5.012262 -1.074792
v -37.025555 4.413008 -1.191869
v -33.261456 3.760763 -5.209028
v -29.438177 0.767341 -1.338301
v -27.648434 0.364318 -3.485008
v -24.773363 0.010806 -8.460514
v 46.912067 5.422515 -2.655699
v -47.720333 5.494577 -3.953866
v -42.399055 5.240532 -2.394110
v -40.931927 5.383621 -3.574193
v -37.289749 5.406280 -5.918859
v -34.855270 4.286870 -4.130369
v 25.645601 0.068202 -6.222423
v 34.838699 4.335717 -4.391050
v 42.761971 5.305481 -2.815042
v 49.990952 4.680930 -3.473835
v -46.682438 5.878090 -6.799566
v -38.924725 5.505002 -5.036638
v -30.204348 1.510725 -3.382617
v -26.775705 0.237558 -5.504778
v 33.165337 3.666212 -4.995138
v 37.688778 5.465974 -5.783463
v 39.797985 5.544434 -4.902381
v 47.640533 5.595799 -5.054357
v 27.986601 0.670649 -5.701682
v 30.981966 1.924166 -2.987912
v -49.949512 4.710091 -4.353151
v -45.299854 5.901490 -7.148209
v -43.052120 5.795134 -6.214444
v -41.275986 5.923615 -6.247725
v -28.062347 0.726830 -5.773629
v 26.812464 0.268594 -5.911671
v 40.977158 5.767725 -5.538800
v 49.890713 4.738027 -5.904106
v -48.493427 5.501143 -7.819137
v -47.607670 5.881933 -8.034234
v 42.302650 5.884062 -6.362772
v 44.494274 5.797488 -6.603541
v -49.879234 4.744645 -6.647491
v -40.333233 6.347754 -7.796629
v -39.121204 6.296222 -7.697718
v -38.042469 6.152699 -7.924729
v -35.476208 5.222034 -7.488233
v -33.330040 4.584171 -9.009697
v -28.097931 0.967266 -7.612467
v 25.876097 0.143323 -8.337666
v 26.789961 0.492315 -9.206021
v 31.684151 3.937820 -10.599817
v 35.483585 5.162872 -7.198368
v 38.078465 6.156600 -7.881724
v 39.091049 6.295570 -7.713602
v 40.307392 6.382400 -8.003400
v 43.141434 6.263509 -9.591563
v 46.789677 5.945233 -7.216644
v 47.873055 5.783718 -7.887167
v 48.743439 5.372314 -7.678802
v 49.884270 4.739929 -7.118834
v -49.913494 4.729733 -8.113762
v -28.994053 1.640008 -8.356044
v -26.573320 0.524743 -10.650685
v -25.665783 0.184832 -10.285583
v -23.542788 0.004717 -17.117619
v 28.838083 1.537832 -8.384681
v 33.400414 4.573232 -8.792593
v 35.472401 5.622015 -9.321839
v 45.905994 6.016921 -7.794454
v -44.427563 6.326413 -10.848324
v -34.470062 5.459568 -10.325421
v -27.540159 1.186245 -11.849013
v 24.743887 0.065851 -12.138704
v 41.803669 6.627396 -10.930965
v 44.181690 6.400989 -11.412102
v 49.910717 4.721846 -8.148714
v 50.017197 4.677677 -9.614105
v -50.000572 4.694847 -9.347851
v -48.142670 5.896305 -9.766706
v -46.539219 6.517361 -11.245435
v -42.387939 6.245246 -8.610523
v -38.987999 6.940819 -12.131854
v -35.898064 5.945657 -10.239905
v -31.529963 3.896533 -10.874208
v 29.952326 3.099856 -12.686573
v 34.262150 5.395624 -10.371374
v 47.461517 6.489239 -12.295707
v 48.345985 5.881664 -10.284479
v -37.952759 6.683089 -11.363967
v -33.399422 5.146812 -11.152911
v -24.640675 0.092598 -15.776483
v 25.852255 0.361652 -12.739241
v 27.434931 1.003978 -10.929283
v 32.409485 4.840263 -12.322345
v 37.242313 6.369487 -10.463235
v 38.908821 6.866456 -11.688259
v -48.372181 6.082892 -12.151280
v -44.056072 6.528676 -12.855507
v -26.729103 0.935849 -14.618151
v -25.735273 0.375784 -14.070690
v 31.097305 4.299468 -14.037244
v 34.325508 6.080660 -13.853797
v 40.185444 7.170590 -13.629215
v 46.590431 6.539218 -11.518738
v 48.604439 6.113384 -14.003550
v -45.788994 6.670125 -13.990952
v -32.874081 5.487436 -14.639193
v -31.494051 4.563777 -13.918081
v -29.336102 2.744082 -13.341743
v 26.915497 1.072671 -14.687167
v 36.170139 7.120508 -15.353080
v 50.458954 4.630039 -12.790065
v -50.412952 4.639068 -12.483040
v -49.823936 5.425829 -16.391167
v -48.912502 5.993154 -15.126628
v -47.451492 6.479066 -12.155347
v -41.734344 7.136579 -14.823907
v -39.834393 7.221318 -13.795311
v -36.166363 7.300069 -16.243931
v 28.448633 2.240884 -14.920243
v 30.011808 3.740850 -15.918720
v 38.595264 7.519153 -15.500072
v -48.028366 6.386765 -16.284361
v -28.006393 2.003859 -16.113815
v 23.595732 0.000777 -20.352280
v 44.000862 6.716265 -14.672196
v 46.741180 6.666590 -14.256404
v 51.073708 4.610279 -16.070789
v -51.085526 4.617928 -16.100792
v -47.095974 6.648006 -16.702042
v -37.888752 7.684100 -16.700964
v -34.733753 7.100427 -18.238501
v -26.786406 1.103940 -18.077948
v -25.647333 0.392640 -18.725985
v 25.714985 0.441021 -17.973085
v 34.066124 6.744974 -18.154127
v 35.532097 7.408669 -18.067425
v 37.108997 7.641881 -16.977869
v 41.677757 7.198213 -15.147669
v 47.729847 6.500959 -15.977820
v -49.874344 5.498041 -19.338001
v -45.850891 6.880551 -17.689018
v -44.438953 7.017622 -18.745756
v -40.248108 7.996424 -19.544931
v -36.856010 7.860487 -18.650700
v -33.081974 6.446219 -20.095345
v -30.452660 4.231669 -17.034719
v 24.744671 0.057896 -21.583023
v 27.069675 1.293353 -17.612085
v 33.065845 6.297543 -19.029917
v 51.428078 4.640112 -18.291208
v -51.439034 4.643002 -18.338869
v -42.774616 7.476289 -19.911575
v -38.704163 8.176667 -19.890656
v 28.132587 2.222883 -19.672920
v 30.155642 4.142907 -19.934212
v 38.803535 8.279804 -20.675318
v 40.529701 7.983669 -19.752029
v 42.677845 7.544972 -20.408129
v 45.199520 7.038552 -20.856510
v 50.262356 5.341549 -19.851389
v -31.801113 5.700237 -22.013220
v -28.098471 2.205827 -19.133884
v -24.741156 0.045811 -21.954357
v 26.831978 0.994796 -21.034960
v 32.089798 5.820879 -20.475290
v 51.656342 4.739797 -20.097565
v -51.652866 4.739209 -20.073811
v -49.556320 5.645015 -20.651199
v -44.887619 7.139148 -22.003428
v -36.347237 8.241886 -22.184668
v -35.149342 7.849312 -22.332045
v -26.654812 0.817202 -21.372873
v 25.842964 0.268653 -22.808495
v 31.575510 5.520119 -22.148184
v 35.195766 7.898146 -22.587467
v 36.396450 8.292789 -22.531384
v 37.534786 8.378029 -21.553820
v 48.354561 6.089412 -22.045031
v -47.276051 6.436911 -24.505655
v -37.481411 8.379543 -21.665169
v -33.982281 7.360538 -23.715195
v -33.043583 6.742482 -23.847210
v -30.673796 4.661826 -21.482021
v 33.974655 7.351067 -23.630199
v 51.787830 4.858401 -22.196541
v -51.857494 4.949145 -24.899742
v -40.585091 8.348192 -23.444946
v -39.387684 8.569482 -23.743830
v -38.477768 8.694963 -24.519598
v -30.736038 4.591847 -24.001186
v -28.020937 1.820064 -22.409252
v -25.774019 0.168896 -24.240074
v 27.963108 1.348794 -25.263819
v 29.897842 3.797108 -22.872480
v 40.611805 8.371009 -23.858418
v -51.785095 4.861007 -22.149986
v -45.157990 7.095987 -23.435249
v -32.275551 6.021617 -25.546043
v 26.844845 0.525141 -25.281624
v 33.184689 6.872914 -25.260714
v 37.834984 8.718916 -25.075003
v 39.358105 8.622808 -24.428492
v 45.710850 6.922727 -23.024879
v 51.866299 4.960594 -25.236782
v -37.249847 8.708718 -25.771935
v -36.098507 8.480357 -26.615826
v -35.305779 8.190356 -26.744709
v -26.919970 0.514022 -26.034361
v -24.967169 0.017294 -28.675673
v 25.657200 0.142776 -24.337816
v 32.109360 5.834667 -25.722399
v 35.338844 8.198688 -26.785172
v 36.114685 8.497303 -27.234713
v 36.918591 8.672632 -26.652632
v 46.500340 6.707510 -24.887327
v -34.721779 7.859646 -27.619585
v -33.589626 7.072552 -26.991814
v -28.336573 1.249546 -28.574518
v -7.495531 0.001553 -25.405186
v 12.888762 0.002392 -25.363169
v 34.661922 7.827035 -27.584728
v 39.637367 8.861910 -28.491142
v 40.782612 8.650126 -28.664267
v 47.230766 6.613531 -27.218061
v 49.596325 5.838071 -27.667135
v -50.462860 5.556752 -28.118559
v -47.418755 6.564295 -27.348122
v -43.344700 7.833969 -27.446949
v -25.854258 0.095673 -29.143793
v -16.451056 0.012432 -26.960468
v -1.109860 0.042246 -26.772224
v 15.614627 0.042022 -27.230713
v 29.595589 2.508559 -27.931532
v 38.999321 8.879130 -28.275242
v -39.237103 8.895368 -28.331751
v -26.942995 0.403929 -29.331919
v -6.427999 0.131368 -28.075296
v 0.437934 0.114731 -27.503305
v 24.797115 0.005363 -28.681046
v 25.826117 0.081268 -28.535694
v 33.642689 6.969068 -27.890856
v -35.896568 8.312460 -29.267063
v -29.884699 2.599082 -29.349989
v -15.149912 0.167745 -28.511593
v -7.124420 0.218884 -28.788263
v -3.487536 0.392863 -28.841391
v 2.043357 0.375204 -28.653324
v 7.656086 0.217609 -28.798273
v 14.288809 0.191866 -28.640226
v 26.900551 0.396696 -29.383617
v 28.200302 1.114042 -29.356316
v 32.519947 5.275249 -30.751812
v 35.781948 8.270590 -29.125542
v 44.857086 7.430859 -27.885267
v 52.001041 4.993916 -28.571234
v -51.983227 4.989669 -28.266426
v -47.171207 6.970846 -30.154457
v -45.100067 7.604216 -29.790207
v -40.703331 8.717083 -29.456907
v -39.201023 9.133604 -31.447273
v -37.866055 8.871861 -29.676205
v -33.941860 6.504075 -31.748863
v -32.291302 5.077470 -30.571247
v -28.192032 1.187509 -30.318213
v -24.908003 0.155209 -29.842361
v -16.051521 0.335766 -29.531462
v -7.968890 0.390957 -29.627594
v -4.318161 0.712607 -29.799026
v -1.295513 0.876514 -29.781204
v 2.847751 0.710795 -29.585161
v 12.681190 0.379044 -29.647818
v 19.444107 0.269401 -29.528450
v 25.466984 0.123918 -29.791101
v 29.553747 2.291816 -30.196857
v 34.115791 6.725290 -31.219017
v 38.095139 8.899164 -29.459848
v 47.314537 6.925633 -30.272570
v -52.184711 4.955895 -30.372419
v -38.393345 9.130696 -32.303627
v -37.375149 8.665203 -31.538845
v -35.271202 7.372762 -32.719574
v -29.705889 2.516965 -31.112307
v -26.960495 0.684380 -31.010658
v -25.580051 0.351755 -30.784475
v -17.416313 0.579497 -30.395014
v -8.745251 0.696117 -30.542690
v -3.192229 1.326483 -30.759335
v -0.118232 1.480336 -30.731833
v 2.850298 1.262311 -30.610844
v 7.652674 0.867725 -30.735529
v 9.395150 0.566314 -30.282515
v 17.106489 0.590332 -30.397337
v 25.486446 0.328777 -30.735376
v 26.915411 0.643975 -30.918800
v 28.150112 1.260823 -30.885237
v 35.397739 7.541382 -32.063663
v 37.488941 8.792309 -31.015190
v 38.406040 9.133328 -32.150772
v 45.340042 7.570885 -30.363173
v 49.082260 6.237360 -30.650965
v 52.090908 4.990469 -29.642006
v 52.226440 4.908288 -31.223604
v -50.856918 5.498853 -31.460016
v -43.464531 8.051989 -32.095978
v -39.997448 8.960700 -33.038475
v -37.393993 8.753343 -30.469326
v -36.399078 7.964055 -33.160278
v -31.798777 4.580839 -31.756466
v -28.292555 1.729457 -32.220825
v -24.598545 0.725507 -31.723148
v -10.616845 1.208608 -31.550100
v -6.382585 1.687860 -31.850660
v -1.282466 2.628792 -32.365505
v 1.587495 2.098592 -31.689306
v 6.920244 1.605474 -31.819168
v 11.839074 1.214514 -31.600567
v 16.575846 0.988229 -31.256166
v 24.750359 0.600688 -31.424934
v 29.552916 2.586705 -32.013508
v 32.339127 5.070455 -31.967073
v 36.867687 8.205120 -33.032448
v 39.336842 9.123631 -32.056870
v 51.237160 5.326155 -31.942009
v -52.276665 4.834927 -32.057865
v -48.586758 6.743212 -32.300968
v -46.425671 7.478413 -32.271004
v -38.074017 8.939105 -33.256947
v -37.832775 8.568764 -33.879597
v -31.769907 4.691250 -33.004063
v -29.774538 2.988166 -32.800522
v -27.123720 1.638209 -33.236973
v -25.703562 1.106755 -32.595436
v -17.404310 1.171266 -31.645733
v -10.194390 2.088879 -32.682598
v 10.323792 2.106810 -32.706501
v 16.670639 1.554111 -32.216511
v 25.674782 1.054672 -32.490490
v 26.998680 1.245906 -32.463554
v 28.412655 2.212333 -33.244789
v 31.793270 4.701683 -33.096523
v 33.819672 6.367815 -33.070278
v 37.991638 8.537296 -34.721817
v 42.766743 8.209790 -32.208172
v 46.664768 7.417346 -32.286106
v 52.291088 4.817798 -32.981403
v -50.276196 5.917911 -33.948982
v -48.557686 6.745159 -33.405483
v -39.314861 9.028945 -34.448029
v -38.684814 9.016174 -34.476135
v -33.843410 6.421292 -34.030899
v -16.142986 1.801010 -32.548409
v -9.526058 3.087050 -33.830135
v 2.046597 3.308186 -33.284836
v 9.480812 3.107998 -33.851833
v 16.038408 2.059623 -32.853928
v 35.520741 7.462685 -34.003700
v 38.380547 9.058798 -33.821491
v 39.246525 9.035822 -34.423946
v 41.860592 8.426822 -35.399475
v 47.323963 7.198934 -33.202629
v 49.163952 6.504658 -32.493355
v -52.329330 4.820217 -33.898239
v -47.223381 7.174479 -33.448719
v -44.049366 7.770906 -34.278301
v -42.303093 8.283298 -36.223721
v -38.377777 8.664036 -35.462097
v -35.818649 7.646323 -34.447136
v -31.827419 5.010887 -34.237915
v -30.195805 4.071591 -34.790592
v -28.616497 3.041906 -34.625645
v -25.686710 1.759022 -33.751549
v -21.635849 1.839954 -33.191769
v -13.428627 3.599779 -34.633255
v -9.148177 3.943152 -34.914726
v -4.634315 4.226824 -34.707417
v -0.331383 4.152037 -34.268841
v 3.997432 4.244069 -34.655155
v 9.343343 3.900384 -34.879490
v 14.689747 3.494512 -34.553261
v 21.800121 1.727564 -33.075146
v 25.708899 1.656263 -33.581650
v 27.173483 2.432142 -34.566025
v 29.837482 3.454121 -33.920147
v 33.955795 6.545067 -34.355755
v 38.646915 8.642892 -36.168053
v 50.094204 5.933967 -34.546436
v 52.279861 4.782329 -35.485275
v -49.535866 5.779221 -36.661427
v -46.229668 6.980398 -35.548122
v -38.138485 8.460231 -36.517242
v -35.844837 7.737698 -35.467419
v -32.894287 6.098743 -35.269485
v -27.203157 2.691365 -34.875469
v -14.059923 4.249511 -35.666428
v -9.640447 4.493716 -35.932671
v -3.635797 4.773723 -35.465866
v 2.243776 4.795198 -35.337746
v 9.238523 4.519455 -35.932915
v 21.466694 3.167945 -34.850845
v 25.739544 2.526492 -34.853065
v 28.216877 2.939393 -34.716515
v 30.188734 4.166486 -34.923038
v 34.052891 6.791528 -35.320557
v 36.042496 7.756385 -35.096138
v 44.417660 7.651609 -34.393055
v 48.584312 6.252270 -35.811661
v 49.989246 5.589321 -37.086163
v -52.237911 4.735406 -36.360397
v -43.873779 7.761410 -37.633919
v -40.728016 8.301660 -38.401539
v -31.891743 5.861531 -36.041824
v -30.369219 5.299377 -36.410320
v -29.105007 5.448382 -37.293621
v -25.761530 2.473023 -34.787785
v -20.997942 4.004619 -35.745544
v -19.870630 4.373792 -36.105759
v -10.887769 4.796131 -36.930450
v -3.036339 5.144314 -36.232510
v 1.873267 5.141830 -36.126244
v 8.486988 4.929971 -36.815182
v 15.116225 4.660192 -36.525520
v 15.279653 4.225928 -35.682091
v 18.816477 4.014914 -35.564655
v 30.645805 5.662247 -36.782284
v 32.616070 6.435309 -36.409832
v 37.986015 8.435905 -36.101685
v 39.758972 8.560048 -37.495190
v 42.806908 8.103806 -37.242817
v -43.414101 7.716734 -39.183624
v -38.658100 8.469953 -37.315628
v -37.328754 8.272296 -35.885536
v -34.522812 7.409690 -36.497383
v -27.506229 5.184309 -37.498154
v -25.931993 4.613508 -36.985409
v -19.013763 4.832677 -36.771122
v -16.803288 4.860370 -36.917671
v -14.788569 5.017608 -37.618877
v -10.610519 5.028687 -37.956444
v -2.043485 5.409238 -37.046059
v 3.834898 5.350746 -37.197884
v 10.313318 5.035137 -37.905071
v 12.030630 4.817748 -36.995728
v 25.749374 4.444217 -36.808308
v 27.451281 5.269991 -37.626190
v 28.806534 5.620121 -37.710632
v 34.348949 7.339535 -36.604198
v 36.790482 8.126482 -35.936039
v 38.643177 8.451454 -37.486568
v 39.898575 8.151435 -39.388981
v 45.848660 7.032665 -38.729244
v -52.108562 4.668075 -39.463219
v -45.805351 7.005598 -39.279255
v -39.672638 8.400415 -38.204010
v -35.709087 8.057112 -38.353493
v -31.775331 6.791130 -38.092453
v -30.789799 6.176747 -37.526653
v -26.094589 5.305678 -37.822681
v -21.515896 5.487639 -37.817314
v -14.377591 5.160510 -38.602367
v -10.431008 5.127404 -39.334099
v -2.433670 5.507586 -38.006023
v 2.815915 5.504053 -38.084579
v 10.205916 5.137610 -39.283310
v 13.861913 5.120031 -38.397987
v 15.897875 5.096911 -37.662029
v 18.128023 5.139219 -37.393608
v 22.488937 5.420121 -37.749546
v 25.752146 5.311664 -37.821667
v 30.605047 6.251047 -37.851860
v 34.671055 7.786400 -38.041779
v 35.807480 8.050401 -38.907475
v 37.584831 8.123974 -39.496071
v 44.792286 7.276458 -39.752075
v 52.110500 4.668821 -39.441822
v -45.557053 6.900933 -40.674816
v -43.365322 7.192450 -41.700584
v -40.810917 7.722388 -41.001923
v -38.420944 7.743577 -41.229813
v -36.872948 8.112750 -39.322872
v -34.876526 7.759906 -39.627628
v -33.738514 7.543859 -38.599941
v -30.793503 6.650171 -39.021866
v -28.853125 6.168230 -38.949345
v -27.104668 5.932289 -38.953053
v -22.582853 5.980234 -38.957577
v -18.525297 5.513463 -38.478245
v -16.562025 5.405326 -39.481426
v -13.200595 5.138435 -40.215988
v -1.394194 5.570246 -38.969757
v 13.185112 5.140103 -39.769554
v 17.011652 5.428929 -38.915035
v 22.253935 5.976580 -39.026443
v 26.870951 5.948066 -39.008358
v 28.853125 6.168230 -38.949345
v 30.441359 6.523702 -38.845272
v 32.362812 7.122557 -39.255619
v 34.104763 7.536934 -39.883305
v 40.820618 7.848060 -40.503712
v 43.072525 7.616387 -40.037243
v 51.923977 4.460722 -41.781204
v -49.385216 5.497704 -41.314758
v -36.959694 7.524641 -41.623337
v -31.480953 6.815926 -40.355724
v -28.945759 6.355416 -40.098804
v -27.465477 6.227110 -40.021515
v -23.056990 6.232508 -40.073719
v -15.348983 5.214639 -40.727070
v 4.657513 5.414485 -39.681511
v 9.744568 5.004117 -41.469238
v 13.602942 5.038550 -41.406731
v 15.837245 5.320654 -40.142708
v 22.384974 6.212246 -40.189739
v 27.938736 6.233118 -40.120346
v 30.916718 6.650649 -40.679333
v 34.752407 7.370085 -41.056393
v 36.883484 7.620130 -41.272099
v 38.641529 7.466393 -42.099133
v 43.672901 6.991563 -42.222622
v 48.978828 5.647213 -41.344799
v -51.917171 4.449409 -41.817558
v -45.307812 6.218687 -43.649448
v -41.623428 6.825526 -43.730900
v -33.560154 6.593891 -42.817478
v -30.906075 6.492548 -41.588398
v -23.854790 6.273867 -41.672371
v -20.743553 6.053296 -40.728764
v -15.123026 5.011131 -42.341770
v -9.539469 5.035274 -41.272717
v -5.964447 5.277357 -40.722557
v 0.116541 5.484722 -41.280582
v 14.713447 4.848459 -43.143929
v 20.508623 5.973933 -41.444954
v 23.852753 6.278562 -41.229404
v 28.690811 6.300824 -41.295105
v 41.399185 7.006526 -43.263565
v 51.779247 4.207682 -43.313431
v -48.183987 5.404920 -43.749790
v -28.573727 6.289487 -41.613914
v -13.668598 4.880218 -42.418499
v -10.947884 4.791623 -42.886753
v -0.366045 5.387695 -42.418747
v 3.888489 5.190349 -43.007473
v 11.643724 4.621643 -43.809433
v 21.671125 5.888998 -43.829205
v 24.399414 6.085623 -43.821342
v 29.549461 6.124887 -43.035614
v 31.886526 6.262486 -43.128441
v 34.009960 6.437295 -43.432804
v 46.206394 6.066688 -43.509571
v 49.120106 4.903739 -44.388752
v -48.298435 4.989454 -44.953857
v -43.681179 5.611832 -46.152164
v -41.773178 6.081284 -45.542263
v -38.442276 6.763869 -43.927975
v -33.948681 5.723138 -45.296257
v -31.851181 6.218889 -43.332699
v -29.831860 6.006304 -43.795967
v -25.406689 6.006660 -44.460117
v -18.204399 5.581360 -41.863461
v -15.204070 4.480752 -45.428040
v -3.836960 5.194046 -43.072033
v 0.037823 5.354664 -45.345108
v 13.433470 4.048395 -46.621841
v 16.995462 5.304938 -42.388256
v 37.433395 6.917839 -43.390781
v 41.347183 6.287271 -45.113289
v 51.527374 3.702800 -45.407387
v -39.686306 5.629275 -46.468060
v -22.744141 5.688540 -46.251686
v -20.554552 5.527796 -46.139942
v -17.014130 4.990417 -44.681648
v -12.101117 4.090700 -46.620975
v -7.329457 4.713221 -44.582809
v -3.849894 4.940541 -45.769928
v 5.137178 4.857306 -45.216080
v 8.021165 4.731691 -44.133514
v 9.918313 4.109452 -47.088863
v 15.156925 4.197996 -46.767941
v 16.917433 4.905699 -45.110836
v 19.702036 5.364006 -46.306309
v 31.657494 5.662329 -45.294456
v 43.364799 5.743574 -45.967773
v 47.783195 5.074926 -45.097961
v -51.578903 3.811910 -45.112198
v -48.395905 4.193898 -46.665966
v -42.864178 4.984952 -47.585400
v -35.512470 5.312616 -46.569202
v -33.005817 4.746959 -48.057331
v -31.672720 5.296054 -46.696171
v -30.634420 5.749125 -45.043503
v -26.013418 5.477614 -47.691357
v -18.701355 4.941955 -47.625507
v -14.191132 3.855407 -47.694328
v -9.669270 4.043937 -47.559166
v -0.124856 5.155100 -46.404533
v 4.424404 4.703288 -46.811604
v 22.229288 5.419702 -47.770840
v 28.837862 5.512583 -46.902653
v 35.277431 5.539546 -46.026348
v 38.367935 6.043259 -45.508881
v 41.361904 5.393146 -46.947742
v 45.657860 4.590604 -47.563438
v -28.787205 5.172921 -48.444347
v -22.356266 5.336747 -48.164593
v -16.118864 4.014210 -48.344948
v -1.760026 4.212201 -49.697865
v 6.834219 4.120434 -48.445095
v 9.083071 3.429200 -50.932060
v 17.102737 4.264066 -48.408596
v 18.494991 4.804301 -48.018650
v 21.333881 5.137487 -48.633595
v 26.012144 5.559667 -47.290451
v 30.163372 4.963501 -48.704098
v 32.980080 5.055951 -47.058350
v 37.560257 4.323834 -48.752377
v 47.682220 4.093314 -47.479149
v 51.002537 2.588531 -48.635872
v -51.050957 2.696460 -48.324608
v -45.984440 4.648498 -47.262722
v -44.994675 4.380182 -48.234615
v -39.499111 3.309258 -50.667900
v -23.181337 4.865624 -50.111050
v -19.991720 4.679315 -49.629745
v -5.279789 4.125438 -49.364407
v 1.938951 4.246116 -49.561466
v 5.052476 3.796535 -51.128876
v 10.592491 3.289758 -50.959629
v 39.527901 3.304324 -50.665104
v 44.203522 4.388888 -48.406296
v -35.161625 4.372020 -48.666500
v -30.168543 4.248634 -51.271294
v -28.330574 4.529174 -51.405556
v -26.517996 4.646171 -51.498020
v -17.433680 3.471401 -51.272400
v -7.844055 3.556463 -50.949852
v 6.447661 3.656112 -51.017689
v 13.778353 3.059709 -51.074951
v 15.545182 3.144962 -51.158672
v 17.350954 3.443499 -51.263714
v 20.183336 4.583428 -50.011616
v 24.434271 4.544248 -51.530933
v 26.490974 4.642546 -51.498032
v 33.196640 4.340999 -49.148617
v 35.058022 4.178021 -49.100922
v -50.738846 1.925682 -50.358181
v -45.578720 2.896243 -50.617073
v -41.855442 3.246218 -50.663376
v -37.811996 3.333242 -50.705929
v -34.105362 3.560016 -50.923695
v -23.591751 4.489763 -51.531948
v -19.992088 4.041318 -51.427670
v -15.570331 3.149982 -51.160603
v -13.806602 3.062230 -51.076870
v -9.555480 3.377416 -50.930054
v -6.444324 3.653115 -51.017181
v -4.118558 3.829827 -51.188969
v -2.032449 3.879589 -51.303505
v -0.000494 3.871323 -51.346310
v 2.026132 3.878593 -51.303558
v 7.848087 3.529699 -50.944336
v 21.119894 4.258727 -51.485741
v 28.403997 4.519631 -51.400711
v 32.854877 3.768063 -51.040047
v 37.134506 3.344957 -50.730713
v 41.627445 3.257520 -50.664158
v 45.476566 2.921955 -50.626225
v 50.739754 1.922652 -50.356968
vn -0.2269 0.9370 0.2655
vn -0.2487 0.9328 0.2608
vn -0.3371 0.8884 0.3117
vn 0.0197 0.9947 -0.1011
vn -0.2304 0.9493 0.2137
vn 0.0189 0.9947 -0.1009
vn -0.0250 0.9798 -0.1984
vn -0.0270 0.9253 -0.3782
vn -0.0026 0.9014 -0.4329
vn 0.0019 0.9131 -0.4078
vn 0.0065 0.9968 -0.0791
vn -0.0331 0.9926 -0.1166
vn -0.0205 0.9998 0.0026
vn -0.0134 0.9999 0.0047
vn 0.3225 0.9087 0.2651
vn 0.3540 0.8859 0.2997
vn 0.2349 0.9402 0.2468
vn -0.3146 0.9138 0.2567
vn -0.2243 0.9384 0.2629
vn -0.3651 0.8904 0.2716
vn -0.0681 0.9950 0.0732
vn 0.0518 0.9586 -0.2800
vn -0.0007 0.8689 -0.4950
vn 0.0210 0.8878 -0.4598
vn 0.0001 0.9073 -0.4204
vn 0.0254 0.9126 -0.4080
vn -0.0707 0.9370 -0.3420
vn 0.0080 0.9997 0.0224
vn 0.1066 0.9864 0.1251
vn -0.2310 0.9544 0.1889
vn -0.0487 0.9940 0.0981
vn -0.0100 0.9998 0.0151
vn 0.0751 0.9969 0.0230
vn 0.0455 0.9407 -0.3363
vn 0.0229 0.8905 -0.4545
vn -0.0023 0.8377 -0.5461
vn -0.0635 0.9443 -0.3228
vn -0.1340 0.9866 -0.0928
vn -0.0919 0.9876 -0.1275
vn -0.0567 0.9977 -0.0364
vn 0.0234 0.9988 0.0419
vn 0.2444 0.9144 0.3228
vn 0.2256 0.9332 0.2798
vn -0.2436 0.8957 0.3720
vn -0.2335 0.9539 0.1888
vn -0.1241 0.9837 0.1301
vn -0.0199 0.9976 0.0666
vn 0.0905 0.9940 0.0615
vn 0.1262 0.9886 -0.0825
vn 0.0346 0.9168 -0.3978
vn 0.0611 0.9168 -0.3946
vn -0.0347 0.9008 -0.4328
vn -0.1332 0.9726 -0.1906
vn -0.1388 0.9889 -0.0529
vn -0.1342 0.9896 -0.0525
vn 0.2040 0.9626 0.1784
vn 0.2438 0.9506 0.1922
vn 0.3466 0.9088 0.2322
vn 0.2742 0.9288 0.2492
vn -0.1724 0.9554 0.2398
vn 0.0110 0.9903 0.1383
vn -0.0217 0.9928 0.1181
vn 0.1082 0.9932 -0.0435
vn 0.1336 0.9680 -0.2122
vn 0.0831 0.9519 -0.2949
vn 0.1260 0.9380 -0.3229
vn 0.0250 0.9029 -0.4291
vn -0.0167 0.8991 -0.4375
vn -0.1456 0.9871 -0.0670
vn -0.1353 0.9895 -0.0518
vn -0.1229 0.9915 -0.0424
vn 0.0374 0.9867 0.1585
vn 0.1722 0.9532 0.2485
vn 0.2555 0.9339 0.2499
vn 0.2921 0.9249 0.2433
vn -0.2765 0.9278 0.2505
vn -0.1958 0.9652 0.1735
vn -0.0137 0.9871 0.1598
vn 0.1385 0.9897 -0.0351
vn 0.1421 0.9891 -0.0380
vn 0.1813 0.9578 -0.2232
vn 0.1642 0.9236 -0.3464
vn 0.1352 0.9038 -0.4060
vn -0.0076 0.9007 -0.4344
vn -0.0849 0.9077 -0.4109
vn -0.1461 0.9394 -0.3101
vn -0.1947 0.9380 -0.2870
vn 0.0288 0.9816 0.1889
vn 0.1111 0.9820 0.1527
vn 0.2776 0.9222 0.2693
vn -0.3171 0.9190 0.2345
vn -0.2836 0.9281 0.2413
vn -0.3071 0.9228 0.2325
vn -0.0665 0.9805 0.1851
vn 0.2152 0.9045 -0.3681
vn 0.1628 0.8791 -0.4479
vn -0.1523 0.9047 -0.3979
vn -0.2245 0.8812 -0.4160
vn -0.2431 0.9283 -0.2812
vn -0.1481 0.9792 -0.1389
vn -0.1643 0.9864 -0.0003
vn -0.0578 0.9928 0.1046
vn 0.2272 0.9616 0.1537
vn -0.2742 0.9037 0.3289
vn -0.2175 0.9586 0.1840
vn 0.2084 0.9411 -0.2663
vn 0.2549 0.8463 -0.4677
vn 0.1633 0.8801 -0.4458
vn 0.1174 0.8572 -0.5014
vn -0.0701 0.8799 -0.4700
vn -0.1480 0.8632 -0.4827
vn -0.2244 0.8812 -0.4161
vn -0.1631 0.9524 -0.2575
vn -0.1369 0.9642 -0.2269
vn -0.0288 0.9927 0.1170
vn 0.3025 0.9237 0.2349
vn -0.3183 0.9195 0.2309
vn -0.3596 0.8840 0.2988
vn -0.3073 0.9029 0.3005
vn -0.2393 0.9480 0.2099
vn -0.1529 0.9706 0.1857
vn 0.0868 0.9897 0.1137
vn 0.2982 0.8565 -0.4214
vn 0.2452 0.8354 -0.4920
vn 0.0977 0.8279 -0.5524
vn -0.1653 0.8446 -0.5092
vn -0.2199 0.9093 -0.3532
vn -0.1297 0.9620 -0.2404
vn 0.0515 0.9867 0.1541
vn 0.2007 0.9608 0.1911
vn -0.3470 0.9173 0.1952
vn -0.3871 0.9001 0.1999
vn -0.1303 0.9725 0.1928
vn 0.1472 0.9233 -0.3549
vn 0.3702 0.7354 -0.5675
vn 0.2247 0.7596 -0.6103
vn 0.1499 0.7521 -0.6418
vn -0.1008 0.8276 -0.5522
vn -0.1830 0.7758 -0.6039
vn -0.1324 0.9332 -0.3342
vn -0.2815 0.9309 -0.2327
vn 0.1798 0.9641 0.1956
vn 0.2631 0.9413 0.2116
vn 0.3304 0.9230 0.1971
vn -0.2518 0.9560 0.1506
vn -0.2851 0.9300 0.2318
vn -0.3050 0.9240 0.2306
vn -0.2426 0.9472 0.2096
vn 0.0317 0.9962 0.0816
vn 0.2902 0.9355 -0.2014
vn 0.1706 0.9346 -0.3123
vn 0.2100 0.8404 -0.4997
vn 0.1698 0.6887 -0.7049
vn 0.1022 0.7245 -0.6817
vn 0.0303 0.7732 -0.6335
vn -0.0655 0.7810 -0.6210
vn -0.3165 0.7130 -0.6257
vn -0.1895 0.9159 -0.3539
vn -0.1184 0.9929 0.0126
vn 0.2572 0.9428 0.2120
vn 0.1337 0.9748 0.1788
vn -0.3457 0.9212 0.1783
vn -0.0554 0.9902 0.1282
vn 0.3271 0.9022 -0.2811
vn 0.2247 0.9033 -0.3655
vn 0.3646 0.7192 -0.5914
vn 0.1947 0.6444 -0.7395
vn -0.1130 0.6687 -0.7349
vn -0.0901 0.6937 -0.7146
vn -0.1848 0.6487 -0.7383
vn -0.3343 0.8986 -0.2841
vn -0.0395 0.9986 0.0358
vn 0.1389 0.9782 0.1543
vn 0.2303 0.9447 0.2334
vn -0.3665 0.9182 0.1502
vn -0.2461 0.9422 0.2275
vn -0.1088 0.9829 0.1487
vn 0.0698 0.9974 0.0175
vn 0.3243 0.8476 -0.4200
vn 0.1197 0.8314 -0.5426
vn 0.0889 0.8040 -0.5879
vn 0.2602 0.7120 -0.6522
vn 0.1717 0.6689 -0.7232
vn 0.0354 0.6603 -0.7501
vn -0.3264 0.6184 -0.7149
vn -0.1133 0.8345 -0.5392
vn -0.2860 0.8610 -0.4206
vn -0.3650 0.8823 -0.2972
vn -0.1987 0.9723 -0.1227
vn 0.2078 0.9630 0.1714
vn 0.2865 0.9404 0.1832
vn 0.3420 0.9239 0.1718
vn 0.3761 0.9163 0.1373
vn -0.2693 0.9438 0.1914
vn -0.1796 0.9713 0.1561
vn -0.0388 0.9965 0.0746
vn 0.4237 0.5695 -0.7044
vn 0.3073 0.6168 -0.7246
vn 0.1088 0.7408 -0.6629
vn -0.0062 0.7753 -0.6316
vn -0.1043 0.7018 -0.7047
vn -0.3546 0.7958 -0.4910
vn -0.0458 0.9989 -0.0055
vn 0.0611 0.9910 0.1189
vn 0.2480 0.9442 0.2169
vn -0.0362 0.9974 0.0627
vn 0.1846 0.9704 -0.1559
vn 0.2967 0.7187 -0.6288
vn 0.0547 0.7039 -0.7082
vn 0.3221 0.5930 -0.7380
vn 0.1568 0.7990 -0.5805
vn 0.0993 0.8089 -0.5796
vn -0.0596 0.8433 -0.5342
vn -0.1281 0.7810 -0.6112
vn -0.2682 0.6915 -0.6707
vn -0.3447 0.8707 -0.3508
vn -0.0145 0.9998 0.0112
vn -0.3284 0.9365 0.1230
vn -0.2390 0.9579 0.1590
vn -0.1638 0.9812 0.1022
vn -0.0916 0.9945 0.0511
vn 0.3299 0.9124 -0.2421
vn 0.2305 0.9398 -0.2524
vn 0.3698 0.7343 -0.5693
vn 0.4264 0.5709 -0.7016
vn 0.3049 0.7129 -0.6315
vn 0.1363 0.8379 -0.5285
vn 0.0539 0.9354 -0.3494
vn 0.0263 0.9543 -0.2976
vn -0.0140 0.9249 -0.3800
vn -0.0739 0.8882 -0.4534
vn -0.1532 0.8154 -0.5583
vn -0.1877 0.6444 -0.7413
vn -0.0868 0.7076 -0.7012
vn -0.3092 0.6855 -0.6591
vn 0.1303 0.9877 0.0866
vn 0.3364 0.9349 0.1128
vn -0.4026 0.9143 0.0429
vn -0.2744 0.9580 0.0831
vn -0.1966 0.9777 0.0736
vn 0.0584 0.9930 -0.1030
vn 0.2987 0.6848 -0.6647
vn 0.0577 0.6962 -0.7155
vn 0.1651 0.6567 -0.7359
vn 0.2965 0.5975 -0.7450
vn 0.0617 0.9488 -0.3097
vn 0.0042 0.9847 -0.1745
vn -0.0277 0.9689 -0.2460
vn -0.0943 0.9119 -0.3993
vn -0.3372 0.6973 -0.6325
vn -0.3992 0.6657 -0.6304
vn -0.0349 0.9961 -0.0804
vn 0.1447 0.9879 0.0552
vn 0.1936 0.9793 0.0588
vn 0.2209 0.9681 0.1179
vn 0.2532 0.9577 0.1366
vn 0.4073 0.9128 0.0304
vn -0.3422 0.9396 0.0067
vn 0.2159 0.9286 -0.3017
vn 0.3580 0.6668 -0.6536
vn 0.1120 0.7267 -0.6777
vn 0.0242 0.9825 -0.1845
vn -0.0946 0.9454 -0.3119
vn -0.2288 0.8497 -0.4751
vn -0.3370 0.7347 -0.5888
vn -0.3914 0.8461 -0.3619
vn -0.2181 0.9378 -0.2700
vn 0.3239 0.9460 -0.0130
vn -0.3350 0.9407 -0.0528
vn -0.1833 0.9748 -0.1275
vn 0.4339 0.7920 -0.4295
vn 0.4720 0.7254 -0.5011
vn 0.4762 0.6426 -0.6002
vn 0.4390 0.6579 -0.6119
vn 0.1651 0.7623 -0.6258
vn 0.2248 0.8828 -0.4125
vn 0.1041 0.9398 -0.3256
vn -0.0149 0.9914 -0.1297
vn -0.0840 0.9719 -0.2199
vn -0.2211 0.8961 -0.3850
vn -0.2868 0.8014 -0.5248
vn -0.4972 0.6373 -0.5888
vn -0.0376 0.9686 -0.2456
vn 0.1406 0.9836 -0.1133
vn 0.1682 0.9807 -0.0999
vn 0.4503 0.8893 -0.0801
vn 0.0973 0.9277 -0.3603
vn 0.2631 0.8678 -0.4214
vn 0.5495 0.6419 -0.5349
vn 0.2023 0.7778 -0.5950
vn 0.1458 0.8464 -0.5121
vn 0.1924 0.8241 -0.5328
vn 0.0087 0.9976 -0.0683
vn -0.0821 0.9860 -0.1448
vn -0.1809 0.9368 -0.2994
vn -0.1897 0.8963 -0.4009
vn -0.2175 0.7609 -0.6113
vn 0.2468 0.9552 -0.1635
vn 0.3112 0.9396 -0.1425
vn 0.3923 0.7780 -0.4907
vn 0.5299 0.6830 -0.5027
vn 0.5492 0.6418 -0.5353
vn 0.3724 0.7753 -0.5102
vn 0.2633 0.8094 -0.5250
vn 0.0341 0.9896 -0.1399
vn -0.2043 0.9288 -0.3090
vn -0.5678 0.6443 -0.5124
vn -0.3362 0.7978 -0.5005
vn 0.2425 0.9302 -0.2756
vn 0.5073 0.8287 -0.2365
vn -0.1504 0.9142 -0.3762
vn 0.3673 0.7647 -0.5294
vn 0.5961 0.6377 -0.4880
vn 0.4067 0.8144 -0.4139
vn 0.2317 0.9105 -0.3426
vn 0.0642 0.9768 -0.2044
vn 0.0866 0.9799 -0.1798
vn 0.0037 0.9997 -0.0230
vn -0.0626 0.9879 -0.1419
vn -0.0723 0.8949 -0.4404
vn 0.3583 0.9093 -0.2116
vn -0.2211 0.9371 -0.2702
vn 0.5301 0.6885 -0.4950
vn 0.3033 0.9193 -0.2509
vn 0.0582 0.9876 -0.1459
vn 0.0021 0.9999 -0.0102
vn -0.0349 0.9957 -0.0854
vn -0.2431 0.8114 -0.5315
vn 0.2579 0.9131 -0.3158
vn -0.5369 0.8105 -0.2344
vn 0.5460 0.7301 -0.4108
vn 0.5928 0.6981 -0.4016
vn 0.1249 0.9880 -0.0911
vn -0.0001 1.0000 0.0007
vn -0.0719 0.9931 -0.0929
vn -0.5354 0.7038 -0.4669
vn -0.3170 0.8177 -0.4804
vn 0.1786 0.8750 -0.4500
vn 0.1112 0.9020 -0.4172
vn 0.0982 0.9046 -0.4147
vn 0.3229 0.9136 -0.2472
vn -0.4901 0.8450 -0.2139
vn -0.0450 0.9177 -0.3947
vn 0.3180 0.8273 -0.4630
vn 0.3896 0.8080 -0.4420
vn 0.5000 0.7634 -0.4090
vn -0.3440 0.9241 -0.1665
vn -0.4308 0.7830 -0.4486
vn -0.3203 0.8129 -0.4864
vn -0.0676 0.9394 -0.3361
vn 0.5862 0.7802 -0.2184
vn 0.0006 0.9613 -0.2756
vn 0.4260 0.8827 -0.1983
vn -0.4250 0.8860 -0.1856
vn -0.1299 0.8696 -0.4763
vn -0.1455 0.9425 -0.3007
vn 0.0174 0.9567 -0.2907
vn 0.4627 0.8581 -0.2228
vn -0.5346 0.8287 -0.1658
vn 0.2484 0.8783 -0.4085
vn 0.5005 0.8129 -0.2978
vn 0.0779 0.9965 -0.0300
vn -0.4363 0.8809 -0.1834
vn -0.5476 0.8097 -0.2109
vn -0.4289 0.8478 -0.3119
vn 0.0026 0.8944 -0.4472
vn -0.0168 0.9475 -0.3194
vn -0.0003 1.0000 -0.0005
vn -0.1148 0.9919 -0.0551
vn 0.1844 0.9538 -0.2373
vn -0.3737 0.9218 -0.1026
vn 0.2225 0.9589 -0.1759
vn 0.0060 0.9386 -0.3451
vn 0.2897 0.9191 -0.2671
vn 0.4821 0.8436 -0.2364
vn 0.3682 0.9150 -0.1647
vn -0.5068 0.8269 -0.2437
vn -0.0971 0.9458 -0.3098
vn 0.1797 0.9741 -0.1375
vn -0.0191 0.9712 -0.2375
vn 0.2080 0.9539 -0.2164
vn 0.1476 0.9849 -0.0909
vn -0.3703 0.8951 -0.2485
vn -0.3006 0.9220 -0.2442
vn 0.3683 0.9222 -0.1183
vn -0.4618 0.8864 -0.0316
vn 0.4075 0.9006 -0.1512
vn 0.4150 0.8896 -0.1906
vn -0.0626 0.9972 -0.0398
vn -0.3195 0.9352 -0.1527
vn -0.4294 0.8772 -0.2148
vn 0.4786 0.8746 -0.0777
vn 0.4286 0.8937 -0.1327
vn -0.3906 0.8944 -0.2178
vn -0.1073 0.9867 -0.1222
vn -0.0303 0.9924 -0.1191
vn 0.4709 0.8678 -0.1585
vn -0.0000 1.0000 0.0004
vn -0.2945 0.9493 -0.1104
vn -0.4706 0.8739 -0.1223
vn -0.1880 0.9726 -0.1366
vn -0.4695 0.8829 0.0061
vn -0.0145 0.9895 -0.1438
vn 0.2251 0.9653 -0.1327
vn -0.3276 0.9398 -0.0974
vn -0.3696 0.9178 -0.1454
vn -0.2486 0.9660 -0.0706
vn 0.0465 0.9981 -0.0392
vn 0.1939 0.9801 -0.0422
vn 0.3347 0.9407 -0.0554
vn -0.3946 0.9141 -0.0931
vn 0.5237 0.8465 -0.0955
vn 0.0927 0.9957 -0.0013
vn 0.0005 1.0000 -0.0003
vn -0.4929 0.8655 -0.0892
vn -0.4233 0.9059 -0.0099
vn 0.1289 0.9902 -0.0535
vn 0.4436 0.8940 -0.0625
vn -0.1159 0.9931 0.0166
vn -0.4375 0.8984 -0.0388
vn 0.2367 0.9714 -0.0185
vn -0.1993 0.9798 -0.0162
vn 0.0673 0.9961 -0.0565
vn 0.4134 0.9100 -0.0316
vn 0.0003 1.0000 0.0007
vn -0.3954 0.9175 -0.0429
vn -0.0071 0.9966 -0.0819
vn 0.4166 0.9090 -0.0096
vn 0.2827 0.9591 -0.0166
vn 0.2165 0.9748 -0.0529
vn -0.2796 0.9594 0.0370
vn -0.4214 0.9064 0.0296
vn -0.4329 0.9008 -0.0348
vn -0.1687 0.9836 -0.0630
vn -0.1236 0.9921 -0.0216
vn -0.0017 0.9999 -0.0166
vn 0.1767 0.9841 -0.0155
vn 0.3379 0.9403 0.0400
vn -0.3735 0.9271 0.0316
vn 0.4206 0.9043 0.0733
vn 0.1445 0.9883 0.0485
vn -0.4341 0.9004 -0.0284
vn 0.2232 0.9747 0.0139
vn 0.1452 0.9886 0.0405
vn 0.0328 0.9994 0.0116
vn -0.3442 0.9378 0.0460
vn 0.1153 0.9907 0.0727
vn 0.2320 0.9727 0.0047
vn -0.0430 0.9991 0.0032
vn -0.1482 0.9880 0.0445
vn -0.1946 0.9798 0.0455
vn 0.2913 0.9533 0.0791
vn 0.3789 0.9200 0.1003
vn 0.3666 0.9270 0.0794
vn 0.0411 0.9991 0.0139
vn -0.2491 0.9606 0.1233
vn 0.2246 0.9743 0.0160
vn 0.2886 0.9517 0.1049
vn 0.4387 0.8937 0.0945
vn -0.1700 0.9697 0.1755
vn -0.1213 0.9909 0.0578
vn -0.0940 0.9956 0.0070
vn 0.4235 0.9052 -0.0353
vn -0.2198 0.9749 -0.0348
vn 0.1714 0.9852 -0.0005
vn 0.0076 0.9927 0.1204
vn -0.2608 0.9461 0.1920
vn -0.0070 0.9940 0.1089
vn -0.1865 0.9825 0.0032
vn -0.0664 0.9973 -0.0313
vn 0.0212 0.9992 0.0341
vn 0.4540 0.8787 0.1472
vn -0.4427 0.8890 0.1167
vn -0.3661 0.9306 -0.0060
vn 0.1654 0.9859 -0.0270
vn 0.4056 0.8983 0.1689
vn 0.3815 0.9119 0.1515
vn 0.4364 0.8898 0.1335
vn 0.1669 0.9855 0.0319
vn 0.0307 0.9995 0.0013
vn -0.1636 0.9861 0.0304
vn -0.3143 0.9468 0.0689
vn -0.4247 0.8893 0.1695
vn 0.0460 0.9984 -0.0342
vn 0.0272 0.9985 0.0482
vn 0.2046 0.9762 0.0713
vn -0.3982 0.9094 0.1202
vn -0.0414 0.9988 -0.0267
vn 0.1075 0.9883 0.1079
vn 0.2247 0.9722 0.0663
vn 0.3993 0.9070 0.1340
vn 0.2247 0.9718 0.0713
vn -0.0947 0.9955 0.0077
vn -0.4139 0.9016 0.1258
vn -0.0994 0.9946 0.0292
vn 0.3908 0.9205 0.0039
vn -0.1788 0.9836 0.0252
vn 0.4902 0.8508 0.1893
vn 0.0753 0.9961 0.0453
vn -0.3901 0.9207 0.0114
vn 0.0056 0.9978 0.0653
vn 0.0193 0.9894 0.1440
vn 0.4266 0.8820 0.2002
vn 0.0027 0.9991 -0.0418
vn -0.3900 0.8980 0.2039
vn -0.3229 0.9259 0.1960
vn 0.1070 0.9899 0.0935
vn 0.4514 0.8663 0.2137
vn 0.1809 0.9832 0.0245
vn -0.2463 0.9524 0.1798
vn -0.1454 0.9741 0.1733
vn -0.0218 0.9893 0.1442
vn -0.1040 0.9932 0.0527
vn 0.2585 0.9645 0.0539
vn 0.3557 0.9309 0.0831
vn -0.0530 0.9905 0.1265
vn 0.0776 0.9791 0.1878
vn 0.3222 0.9257 0.1982
vn 0.4454 0.8888 0.1076
vn 0.3381 0.9371 0.0873
vn -0.3281 0.9443 0.0267
vn -0.0704 0.9748 0.2116
vn -0.1169 0.9890 0.0907
vn 0.5457 0.8216 0.1651
vn -0.5005 0.8548 0.1376
vn -0.5102 0.8419 0.1756
vn -0.4221 0.8873 0.1858
vn 0.5037 0.8461 0.1742
vn 0.3318 0.9362 0.1160
vn -0.3338 0.9403 0.0661
vn 0.0559 0.9722 0.2273
vn 0.0534 0.9900 0.1302
vn -0.0219 0.9875 0.1560
vn -0.4777 0.8785 0.0022
vn -0.1242 0.9737 0.1910
vn 0.1294 0.9911 0.0313
vn -0.0000 1.0000 0.0001
vn -0.3031 0.9311 0.2029
vn -0.3671 0.9223 0.1210
vn 0.4193 0.8802 0.2224
vn 0.5640 0.8105 0.1583
vn 0.4678 0.8774 0.1069
vn -0.1024 0.9947 0.0102
vn -0.5198 0.8473 0.1089
vn -0.3451 0.9170 0.2001
vn -0.2877 0.9423 0.1709
vn 0.1203 0.9819 0.1466
vn -0.0466 0.9908 0.1274
vn -0.0118 0.9999 0.0119
vn 0.0652 0.9895 0.1290
vn 0.2582 0.9538 0.1538
vn 0.3265 0.9252 0.1933
vn 0.5793 0.8036 0.1367
vn -0.5685 0.8095 0.1467
vn -0.0364 0.9890 0.1437
vn 0.4712 0.8726 0.1286
vn 0.5798 0.8146 0.0176
vn -0.1752 0.9753 0.1346
vn 0.0384 0.9884 0.1471
vn 0.5238 0.8279 0.2004
vn 0.0954 0.9954 0.0129
vn -0.0002 1.0000 -0.0001
vn -0.3925 0.9132 0.1092
vn -0.0585 0.9943 0.0894
vn 0.5796 0.8027 0.1404
vn 0.3113 0.9494 0.0422
vn -0.5680 0.8028 0.1814
vn -0.3269 0.9284 0.1767
vn 0.1043 0.9852 0.1358
vn 0.0336 0.9950 0.0944
vn 0.0138 0.9946 0.1028
vn 0.4910 0.8568 0.1577
vn 0.6064 0.7752 0.1771
vn 0.6008 0.7926 0.1043
vn -0.5968 0.7967 0.0954
vn -0.2668 0.9421 0.2032
vn -0.6108 0.7870 0.0872
vn -0.3947 0.9177 0.0440
vn -0.0763 0.9965 0.0346
vn 0.1947 0.9786 0.0659
vn 0.3265 0.9251 0.1941
vn -0.6333 0.7613 0.1393
vn -0.4411 0.8825 0.1629
vn 0.0194 0.9857 0.1672
vn 0.1033 0.9933 0.0519
vn -0.5219 0.8480 0.0921
vn 0.6467 0.7550 0.1086
vn -0.1227 0.9924 0.0093
vn -0.5016 0.8542 0.1365
vn 0.3505 0.9361 0.0285
vn -0.0806 0.9963 0.0307
vn 0.1672 0.9687 0.1837
vn 0.4593 0.8747 0.1547
vn 0.2628 0.9648 0.0085
vn -0.5215 0.8528 0.0266
vn -0.5604 0.8212 0.1077
vn -0.3658 0.9126 0.1829
vn 0.0437 0.9882 0.1470
vn -0.5219 0.8480 0.0919
vn -0.4188 0.9080 -0.0111
vn -0.1778 0.9797 0.0929
vn 0.5681 0.8165 0.1028
vn 0.6669 0.7445 0.0295
vn 0.6271 0.7783 0.0329
vn -0.3646 0.9312 -0.0008
vn 0.1216 0.9830 0.1374
vn -0.6561 0.7529 0.0519
vn -0.6459 0.7616 0.0531
vn 0.2304 0.9671 0.1075
vn 0.0099 0.9985 0.0540
vn 0.1856 0.9826 0.0120
vn -0.4259 0.8990 0.1023
vn -0.4297 0.9029 -0.0030
vn -0.0625 0.9970 0.0458
vn 0.6670 0.7440 0.0388
vn 0.6712 0.7403 0.0382
vn 0.0692 0.9976 -0.0087
vn -0.6769 0.7359 -0.0172
vn 0.3873 0.9217 -0.0226
vn -0.2213 0.9729 0.0668
vn -0.2221 0.9692 0.1066
vn 0.1090 0.9832 0.1467
vn 0.4722 0.8743 0.1120
vn 0.5063 0.8606 -0.0547
vn -0.5385 0.8415 -0.0442
vn -0.4153 0.9006 0.1284
vn 0.2272 0.9691 0.0960
vn -0.4189 0.9045 0.0797
vn -0.2876 0.9575 -0.0205
vn 0.1783 0.9752 0.1309
vn 0.5555 0.8285 0.0711
vn 0.5783 0.8128 0.0701
vn 0.6271 0.7752 -0.0765
vn -0.4797 0.8711 0.1047
vn -0.3098 0.9507 0.0121
vn -0.1575 0.9875 -0.0000
vn -0.1561 0.9825 0.1021
vn 0.7244 0.6884 -0.0370
vn 0.2148 0.9756 -0.0445
vn -0.7417 0.6658 -0.0816
vn -0.7121 0.7018 -0.0201
vn 0.3324 0.9426 0.0323
vn 0.3579 0.9329 0.0406
vn -0.2632 0.9619 0.0742
vn 0.1596 0.9833 0.0878
vn 0.6952 0.7183 -0.0280
vn -0.0006 1.0000 0.0004
vn -0.5897 0.8025 -0.0905
vn -0.5834 0.8110 0.0448
vn 0.2956 0.9552 0.0149
vn 0.3098 0.9508 0.0046
vn 0.3515 0.9343 0.0597
vn 0.4393 0.8968 0.0537
vn 0.4032 0.9114 -0.0822
vn 0.0594 0.9982 -0.0062
vn -0.0000 1.0000 -0.0000
vn -0.3329 0.9422 -0.0371
vn -0.6855 0.7271 -0.0384
vn -0.1688 0.9832 0.0692
vn 0.2628 0.9627 0.0652
vn -0.2837 0.9577 0.0479
vn 0.6455 0.7631 -0.0320
vn 0.5990 0.7940 -0.1041
vn -0.0580 0.9983 -0.0078
vn -0.4974 0.8673 0.0179
vn 0.3091 0.9508 0.0211
vn 0.3216 0.9448 0.0627
vn 0.3122 0.9487 0.0510
vn -0.3515 0.9359 0.0244
vn -0.2958 0.9535 0.0576
vn -0.0791 0.9945 0.0680
vn 0.6822 0.7240 -0.1019
vn 0.0966 0.9952 -0.0164
vn 0.0004 1.0000 0.0010
vn -0.0022 0.9998 0.0196
vn 0.0095 0.9993 0.0351
vn -0.1172 0.9931 -0.0082
vn -0.7520 0.6481 -0.1202
vn 0.3102 0.9489 0.0589
vn 0.2777 0.9601 -0.0340
vn 0.0029 0.9945 0.1047
vn -0.3257 0.9451 -0.0270
vn -0.6275 0.7744 -0.0810
vn -0.0294 0.9988 0.0393
vn 0.3389 0.9406 0.0231
vn 0.4268 0.9026 -0.0563
vn 0.7420 0.6584 -0.1260
vn -0.0008 0.9951 0.0990
vn -0.0190 0.9663 0.2567
vn 0.0339 0.9635 0.2656
vn 0.0014 0.9945 0.1044
vn 0.0180 0.9959 0.0889
vn -0.6619 0.7452 -0.0811
vn -0.7056 0.6957 -0.1350
vn -0.3808 0.9236 -0.0437
vn 0.3277 0.9389 0.1049
vn -0.3548 0.9320 0.0737
vn -0.2510 0.9635 0.0935
vn 0.7015 0.6997 -0.1356
vn 0.5239 0.8517 0.0131
vn -0.0265 0.9823 0.1853
vn 0.0007 0.9798 0.2002
vn -0.0397 0.9369 0.3473
vn -0.0119 0.9002 0.4354
vn 0.0206 0.9348 0.3545
vn 0.0515 0.9571 0.2852
vn 0.0092 0.9710 0.2389
vn 0.0182 0.9814 0.1911
vn -0.0815 0.9950 0.0571
vn -0.2117 0.9728 0.0936
vn -0.7131 0.6990 -0.0537
vn -0.6116 0.7779 -0.1439
vn -0.2124 0.9772 -0.0010
vn -0.1816 0.9834 0.0032
vn 0.3559 0.9313 0.0771
vn -0.3736 0.9273 0.0209
vn 0.0943 0.9924 0.0788
vn 0.3342 0.9398 -0.0716
vn 0.6113 0.7788 -0.1402
vn 0.6504 0.7589 0.0306
vn -0.0381 0.9724 0.2301
vn -0.0027 0.9480 0.3184
vn -0.0499 0.8671 0.4957
vn 0.0453 0.8798 0.4732
vn 0.0844 0.8775 0.4721
vn 0.0011 0.9607 0.2776
vn 0.0329 0.9766 0.2125
vn -0.6192 0.7795 0.0952
vn -0.5248 0.8397 -0.1398
vn 0.0466 0.9972 0.0583
vn 0.2664 0.9580 0.1061
vn 0.3040 0.9460 0.1127
vn 0.3694 0.9285 0.0367
vn -0.4082 0.9119 -0.0432
vn -0.2455 0.9692 0.0175
vn 0.5024 0.8530 -0.1412
vn 0.7031 0.7111 -0.0058
vn 0.4718 0.8542 0.2184
vn -0.0774 0.8568 0.5099
vn -0.0455 0.8017 0.5960
vn 0.0905 0.8355 0.5420
vn -0.6761 0.7365 -0.0235
vn -0.4203 0.8977 -0.1319
vn 0.2584 0.9657 0.0247
vn 0.2340 0.9722 0.0102
vn 0.3852 0.9228 -0.0083
vn 0.3974 0.9175 -0.0136
vn -0.3092 0.9437 0.1174
vn -0.1929 0.9798 0.0534
vn 0.4941 0.8671 -0.0628
vn 0.4371 0.8911 -0.1222
vn 0.5896 0.7839 0.1948
vn -0.0125 0.8282 0.5604
vn -0.0475 0.7972 0.6019
vn 0.0291 0.7925 0.6092
vn 0.0873 0.7816 0.6177
vn 0.0223 0.7928 0.6091
vn 0.1577 0.8439 0.5128
vn 0.0631 0.8571 0.5113
vn -0.0152 0.9246 0.3808
vn -0.5438 0.7976 0.2611
vn -0.6732 0.7386 -0.0349
vn -0.5672 0.8208 -0.0678
vn 0.2000 0.9780 0.0597
vn 0.3491 0.9301 0.1145
vn 0.4589 0.8762 0.1475
vn -0.1852 0.9797 -0.0765
vn -0.2665 0.9624 -0.0525
vn 0.3001 0.9496 -0.0903
vn 0.6407 0.7678 -0.0002
vn -0.0694 0.8323 0.5499
vn -0.0547 0.8532 0.5188
vn -0.0222 0.7607 0.6488
vn -0.0578 0.7697 0.6358
vn -0.0737 0.7555 0.6510
vn 0.0699 0.7581 0.6484
vn 0.0690 0.8505 0.5214
vn 0.0785 0.8720 0.4832
vn -0.4457 0.8929 -0.0645
vn 0.2110 0.9765 -0.0443
vn 0.2571 0.9663 -0.0073
vn 0.4812 0.8746 0.0601
vn 0.5320 0.8460 -0.0346
vn 0.4074 0.8236 0.3946
vn -0.0684 0.7730 0.6307
vn -0.0282 0.7747 0.6317
vn -0.0483 0.7915 0.6093
vn 0.0687 0.7755 0.6275
vn 0.0231 0.7932 0.6085
vn -0.3253 0.8349 0.4440
vn -0.5944 0.7617 0.2578
vn -0.5154 0.8546 0.0633
vn -0.5806 0.7878 -0.2055
vn 0.2971 0.9547 -0.0194
vn 0.4729 0.8810 -0.0146
vn -0.4719 0.8804 -0.0478
vn -0.2306 0.9528 -0.1972
vn 0.3073 0.9449 -0.1128
vn 0.5474 0.7923 0.2694
vn -0.0950 0.8165 0.5695
vn -0.0377 0.8712 0.4894
vn -0.0139 0.8712 0.4908
vn 0.0338 0.8183 0.5738
vn 0.0312 0.8313 0.5549
vn 0.0832 0.7815 0.6183
vn 0.1177 0.7819 0.6122
vn -0.0584 0.8245 0.5629
vn -0.3044 0.9501 -0.0686
vn -0.0902 0.9818 -0.1671
vn 0.2399 0.9440 -0.2266
vn 0.4142 0.8995 -0.1392
vn -0.3707 0.9169 -0.1481
vn -0.3003 0.9537 -0.0184
vn 0.2257 0.9648 -0.1352
vn 0.3122 0.9447 0.0999
vn 0.4406 0.8411 0.3136
vn 0.2906 0.7364 0.6110
vn -0.0164 0.8838 0.4675
vn -0.0325 0.9445 0.3269
vn -0.0083 0.9140 0.4057
vn 0.0682 0.9255 0.3726
vn 0.0489 0.9209 0.3868
vn -0.0250 0.8868 0.4615
vn -0.4894 0.7796 0.3906
vn -0.3085 0.9415 -0.1358
vn -0.0970 0.9850 -0.1427
vn -0.3341 0.9422 -0.0245
vn -0.1777 0.9767 -0.1203
vn 0.1945 0.9800 0.0422
vn 0.3902 0.7982 0.4590
vn 0.4035 0.7871 0.4666
vn -0.0879 0.7102 0.6985
vn 0.0111 0.9685 0.2489
vn -0.0061 0.9530 0.3029
vn 0.0616 0.9524 0.2984
vn -0.0063 0.9349 0.3549
vn -0.0638 0.9207 0.3851
vn -0.0117 0.8499 0.5269
vn 0.0707 0.7577 0.6488
vn -0.3181 0.7366 0.5968
vn -0.0962 0.9715 -0.2167
vn 0.3580 0.9328 -0.0421
vn -0.2793 0.9539 -0.1103
vn 0.0486 0.9899 -0.1330
vn 0.1088 0.9913 -0.0737
vn 0.3124 0.9335 0.1761
vn 0.2743 0.8036 0.5282
vn -0.0486 0.8064 0.5894
vn -0.0734 0.8022 0.5926
vn -0.0144 0.8317 0.5551
vn 0.0132 0.9275 0.3736
vn 0.0138 0.9878 0.1549
vn -0.0561 0.7586 0.6492
vn -0.3507 0.9137 0.2054
vn 0.2964 0.9518 -0.0793
vn -0.3225 0.9379 -0.1277
vn -0.2785 0.9528 -0.1210
vn -0.1429 0.9670 -0.2109
vn -0.0300 0.9742 -0.2239
vn 0.1536 0.9798 -0.1282
vn 0.3096 0.9326 0.1856
vn 0.0865 0.9943 0.0620
vn 0.0068 0.9999 -0.0087
vn 0.0017 0.9978 0.0667
vn 0.0497 0.9988 0.0013
vn -0.0880 0.9944 0.0580
vn -0.0952 0.9627 0.2532
vn -0.0299 0.8924 0.4503
vn -0.2913 0.9561 0.0311
vn -0.2620 0.9638 -0.0500
vn 0.3435 0.9354 -0.0844
vn 0.3572 0.9274 -0.1110
vn 0.1313 0.9592 -0.2502
vn 0.2865 0.9577 -0.0287
vn -0.0101 0.9744 0.2245
vn 0.0580 0.9937 -0.0956
vn 0.0167 0.9991 -0.0398
vn -0.0562 0.9957 -0.0732
vn 0.0232 0.9995 -0.0219
vn 0.0549 0.9959 -0.0724
vn -0.0104 0.9982 -0.0588
vn -0.0079 0.9979 -0.0639
vn -0.0791 0.9935 -0.0818
vn -0.1345 0.9900 0.0414
vn -0.0067 0.9702 0.2423
vn -0.1135 0.9832 0.1431
vn -0.2526 0.9655 -0.0635
vn -0.1157 0.9666 -0.2285
vn -0.0002 0.9695 -0.2450
vn 0.0145 0.9678 -0.2514
vn 0.1474 0.9609 -0.2343
vn 0.2916 0.9371 -0.1919
vn -0.2569 0.9371 -0.2364
vn -0.0372 0.9526 -0.3020
vn 0.2368 0.9612 -0.1417
vn 0.1924 0.9675 -0.1641
vn 0.0875 0.9959 -0.0219
vn -0.0009 0.9997 0.0263
vn 0.1533 0.9859 -0.0670
vn 0.0660 0.9893 -0.1300
vn -0.0398 0.9972 -0.0629
vn 0.0525 0.9955 -0.0792
vn -0.1658 0.9818 -0.0924
vn -0.1627 0.9825 -0.0908
vn -0.0868 0.9945 -0.0591
vn -0.0038 0.9985 0.0551
vn -0.1454 0.9887 -0.0361
vn 0.0487 0.9387 -0.3412
vn 0.1595 0.9776 -0.1376
vn -0.0346 0.9922 -0.1196
vn -0.0474 0.9906 -0.1280
vn 0.0425 0.9961 -0.0770
vn 0.0697 0.9868 -0.1460
vn -0.0713 0.9935 -0.0890
vn 0.0036 0.9973 -0.0735
vn -0.0650 0.9813 -0.1813
vn -0.1242 0.9362 -0.3287
vn -0.0734 0.9408 -0.3309
vn 0.3063 0.9279 -0.2124
vn 0.3178 0.9302 -0.1836
vn -0.2507 0.9222 -0.2944
vn -0.2089 0.9106 -0.3566
vn -0.1087 0.9226 -0.3701
vn -0.0056 0.9251 -0.3796
vn 0.1324 0.9285 -0.3469
vn 0.0656 0.9840 -0.1655
vn 0.0794 0.9821 -0.1709
vn -0.0870 0.9897 -0.1139
vn -0.0522 0.9985 -0.0185
vn 0.0456 0.9989 -0.0050
vn 0.0819 0.9913 -0.1032
vn -0.1169 0.9764 -0.1816
vn -0.1569 0.9813 -0.1115
vn 0.0024 0.9320 -0.3625
vn 0.2750 0.9142 -0.2978
vn 0.0491 0.9715 -0.2319
vn 0.1426 0.9856 -0.0907
vn 0.1974 0.9729 -0.1206
vn -0.0133 0.9818 -0.1894
vn -0.0468 0.9843 -0.1703
vn -0.0601 0.9830 -0.1738
vn -0.0964 0.9910 -0.0927
vn -0.0954 0.9911 -0.0927
vn 0.0458 0.9830 -0.1776
vn -0.2595 0.9566 -0.1328
vn -0.2173 0.9667 -0.1355
vn 0.0388 0.9858 -0.1632
vn 0.0410 0.9857 -0.1636
vn -0.0794 0.9085 -0.4102
vn -0.0235 0.9203 -0.3904
vn 0.2356 0.8949 -0.3789
vn 0.2975 0.8898 -0.3460
vn -0.0313 0.9873 -0.1558
vn 0.2015 0.9706 -0.1314
vn 0.1833 0.9601 -0.2111
vn 0.0996 0.9852 -0.1396
vn 0.1058 0.9801 -0.1681
vn -0.2251 0.9618 -0.1557
vn -0.0165 0.9874 -0.1574
vn -0.0154 0.8988 -0.4382
vn 0.0568 0.8976 -0.4371
vn 0.2915 0.8800 -0.3751
vn -0.2806 0.8915 -0.3557
vn -0.1135 0.8849 -0.4518
vn -0.0153 0.8844 -0.4664
vn 0.0563 0.8881 -0.4562
vn 0.0825 0.9144 -0.3963
vn -0.0630 0.9340 -0.3517
vn -0.0545 0.9792 -0.1955
vn 0.0806 0.9831 -0.1645
vn 0.1477 0.9684 -0.2012
vn -0.0602 0.9830 -0.1737
vn -0.1228 0.9773 -0.1728
vn -0.3058 0.9312 -0.1984
vn -0.1577 0.9661 -0.2046
vn 0.1125 0.9626 -0.2466
vn -0.0298 0.8862 -0.4624
vn 0.1353 0.8852 -0.4452
vn 0.2811 0.8921 -0.3536
vn -0.0234 0.8746 -0.4842
vn -0.1150 0.9594 -0.2575
vn -0.0906 0.9760 -0.1979
vn 0.1361 0.9672 -0.2144
vn 0.0435 0.9789 -0.1997
vn -0.1031 0.9693 -0.2232
vn -0.2397 0.9391 -0.2464
vn 0.0908 0.9451 -0.3139
vn 0.0032 0.9143 -0.4051
vn 0.0196 0.8675 -0.4971
vn 0.0526 0.8675 -0.4947
vn -0.2054 0.8695 -0.4493
vn -0.0241 0.8670 -0.4977
vn -0.0741 0.9721 -0.2227
vn 0.0258 0.9759 -0.2166
vn 0.1792 0.9498 -0.2566
vn 0.1660 0.9513 -0.2597
vn 0.0072 0.9737 -0.2275
vn -0.0778 0.9717 -0.2229
vn -0.2754 0.9173 -0.2876
vn -0.0560 0.9647 -0.2574
vn 0.0979 0.9698 -0.2235
vn -0.0868 0.8549 -0.5114
vn -0.0594 0.9301 -0.3624
vn -0.1904 0.9307 -0.3124
vn 0.1261 0.9349 -0.3318
vn 0.2244 0.9184 -0.3259
vn 0.0589 0.9734 -0.2215
vn -0.0655 0.9775 -0.2005
vn -0.1043 0.9750 -0.1963
vn -0.0342 0.9798 -0.1972
vn 0.0008 0.9785 -0.2064
vn 0.0383 0.9781 -0.2044
vn 0.0815 0.9768 -0.1978
vn -0.1177 0.9515 -0.2843
vn -0.0861 0.9539 -0.2874
vn 0.0275 0.8936 -0.4481
vn 0.0794 0.8520 -0.5175
vn 0.1874 0.8579 -0.4785
vn -0.2959 0.9156 0.2723
vn -0.2420 0.9327 0.2675
vn -0.2179 0.9373 0.2720
vn -0.3603 0.8886 0.2839
vn 0.0283 0.9996 -0.0002
vn -0.1706 0.9661 0.1938
vn 0.0092 0.9999 0.0142
vn -0.0006 0.9670 -0.2547
vn 0.0482 0.9860 -0.1594
vn 0.0263 0.9461 -0.3227
vn 0.0150 0.9119 -0.4101
vn -0.0253 0.9602 -0.2783
vn -0.0021 0.9129 -0.4081
vn -0.0081 0.9941 -0.1081
vn 0.2540 0.9385 0.2340
vn 0.3433 0.8893 0.3023
vn -0.2603 0.9325 0.2504
vn -0.2965 0.9121 0.2831
vn -0.1118 0.9896 0.0910
vn -0.0139 0.9998 0.0137
vn 0.0854 0.9930 -0.0815
vn 0.0213 0.8866 -0.4620
vn -0.0186 0.8891 -0.4573
vn -0.0193 0.8869 -0.4616
vn 0.0326 0.9128 -0.4071
vn 0.0496 0.9403 -0.3368
vn -0.0640 0.9938 -0.0905
vn -0.0805 0.9909 -0.1081
vn 0.0997 0.9861 -0.1328
vn -0.0362 0.9992 -0.0154
vn -0.0255 0.9996 0.0113
vn 0.0521 0.9956 0.0782
vn 0.2573 0.9308 0.2597
vn 0.2251 0.9375 0.2655
vn 0.2174 0.9378 0.2706
vn 0.3125 0.9142 0.2581
vn -0.2485 0.9159 0.3151
vn -0.3360 0.9166 0.2165
vn 0.1073 0.9932 -0.0450
vn 0.1696 0.9825 -0.0767
vn 0.0956 0.9756 -0.1975
vn 0.0550 0.9261 -0.3733
vn 0.1130 0.9641 -0.2405
vn 0.3283 0.9189 0.2187
vn -0.0285 0.9070 -0.4202
vn -0.0797 0.9844 -0.1570
vn -0.1072 0.9942 -0.0084
vn -0.0260 0.9993 0.0250
vn 0.1526 0.9750 0.1617
vn 0.2283 0.9549 0.1901
vn 0.3732 0.8883 0.2677
vn 0.3011 0.9114 0.2804
vn -0.2580 0.9308 0.2588
vn 0.0060 0.9965 0.0832
vn 0.1629 0.9847 -0.0615
vn -0.0197 0.8958 -0.4440
vn -0.1008 0.9617 -0.2548
vn -0.0640 0.9640 -0.2582
vn -0.0867 0.9932 0.0772
vn 0.0062 0.9959 0.0902
vn 0.0172 0.9947 0.1011
vn 0.0746 0.9908 0.1127
vn 0.0183 0.9927 0.1195
vn 0.2410 0.9058 0.3486
vn -0.2841 0.9187 0.2744
vn -0.1423 0.9784 0.1501
vn 0.1527 0.9519 -0.2656
vn 0.1527 0.9849 -0.0815
vn 0.1839 0.9641 -0.1915
vn -0.1308 0.9423 -0.3081
vn -0.0377 0.9329 -0.3581
vn 0.1073 0.9078 -0.4054
vn -0.0835 0.9309 -0.3556
vn -0.0683 0.9324 -0.3550
vn -0.1533 0.9628 -0.2224
vn -0.1662 0.9742 -0.1526
vn -0.0408 0.9886 0.1448
vn 0.2965 0.9237 0.2427
vn -0.2226 0.9598 0.1708
vn -0.3008 0.9230 0.2399
vn 0.0055 0.9902 0.1396
vn -0.0458 0.9819 0.1837
vn 0.1498 0.9792 -0.1369
vn 0.2097 0.9595 -0.1883
vn 0.2266 0.9290 -0.2927
vn 0.1624 0.9251 -0.3431
vn 0.0680 0.8954 -0.4400
vn -0.1205 0.8977 -0.4239
vn -0.1796 0.9256 -0.3333
vn 0.1500 0.9885 0.0178
vn -0.0741 0.9911 0.1103
vn 0.1851 0.9678 0.1706
vn 0.2912 0.9179 0.2696
vn -0.3056 0.9238 0.2307
vn -0.2827 0.9303 0.2337
vn -0.0793 0.9783 0.1912
vn -0.0112 0.9876 0.1565
vn 0.1537 0.9799 -0.1276
vn 0.1075 0.9081 -0.4048
vn -0.1573 0.8996 -0.4074
vn -0.1995 0.9526 -0.2296
vn -0.1439 0.9816 -0.1254
vn 0.0631 0.9819 0.1785
vn 0.0813 0.9795 0.1843
vn 0.3189 0.9194 0.2302
vn 0.0909 0.9942 0.0575
vn 0.1395 0.9659 -0.2180
vn 0.2232 0.9653 -0.1354
vn -0.2883 0.8764 -0.3858
vn 0.1872 0.9445 -0.2701
vn 0.2756 0.9001 -0.3374
vn 0.1674 0.8600 -0.4820
vn 0.0672 0.8952 -0.4405
vn 0.0077 0.8863 -0.4630
vn -0.0790 0.8733 -0.4808
vn -0.1637 0.8434 -0.5118
vn -0.1937 0.9796 -0.0538
vn 0.2887 0.9006 0.3249
vn 0.2199 0.9541 0.2035
vn 0.1425 0.9465 0.2894
vn 0.2584 0.9548 -0.1467
vn 0.3714 0.8888 0.2684
vn -0.1314 0.9635 0.2334
vn 0.2307 0.9633 -0.1370
vn 0.3352 0.8252 -0.4547
vn 0.2455 0.8351 -0.4924
vn 0.1559 0.8347 -0.5282
vn 0.0371 0.8655 -0.4995
vn -0.0220 0.8526 -0.5221
vn -0.2554 0.7962 -0.5485
vn -0.1615 0.9376 -0.3080
vn 0.0695 0.9844 0.1614
vn 0.0808 0.9837 0.1609
vn 0.3007 0.9230 0.2403
vn -0.2258 0.9581 0.1761
vn 0.1696 0.9847 -0.0410
vn 0.1307 0.9352 -0.3290
vn 0.1853 0.9356 -0.3004
vn -0.3424 0.7944 -0.5016
vn 0.2258 0.8664 -0.4454
vn 0.3103 0.7784 -0.5457
vn 0.1827 0.7937 -0.5803
vn 0.1052 0.8343 -0.5411
vn -0.0179 0.8490 -0.5282
vn -0.0643 0.8131 -0.5786
vn -0.1280 0.7750 -0.6189
vn -0.2738 0.8005 -0.5331
vn -0.2374 0.9396 0.2466
vn -0.1788 0.9601 -0.2150
vn -0.2528 0.9484 -0.1914
vn -0.0285 0.9929 0.1154
vn 0.0081 0.9926 0.1210
vn 0.3687 0.9064 0.2059
vn 0.3457 0.9125 0.2188
vn 0.3136 0.6949 -0.6471
vn -0.0115 0.9933 0.1153
vn 0.3170 0.9087 -0.2718
vn -0.0137 0.7840 -0.6206
vn 0.1983 0.7291 -0.6551
vn 0.1109 0.7353 -0.6686
vn 0.0510 0.7854 -0.6169
vn -0.2314 0.8435 -0.4847
vn -0.0903 0.6939 -0.7143
vn -0.1653 0.7374 -0.6549
vn -0.1212 0.9079 -0.4013
vn 0.2459 0.9554 0.1636
vn -0.2641 0.9551 -0.1343
vn 0.1068 0.9943 -0.0063
vn -0.1128 0.9829 0.1458
vn -0.0307 0.9907 0.1323
vn -0.0865 0.9841 0.1552
vn 0.1110 0.8612 -0.4960
vn 0.3656 0.8718 -0.3259
vn 0.2060 0.8728 -0.4426
vn -0.4006 0.6666 -0.6286
vn 0.3103 0.7373 -0.6000
vn 0.4054 0.6675 -0.6245
vn 0.0980 0.6507 -0.7529
vn -0.0445 0.6762 -0.7354
vn -0.2870 0.6928 -0.6616
vn -0.1102 0.8479 -0.5185
vn -0.2091 0.8045 -0.5559
vn -0.1917 0.8975 -0.3971
vn -0.0005 0.7085 -0.7057
vn -0.2275 0.9073 -0.3536
vn -0.1234 0.9922 -0.0148
vn 0.0817 0.9872 0.1370
vn 0.2549 0.9421 0.2180
vn 0.2480 0.9357 0.2508
vn -0.0254 0.9966 0.0782
vn 0.1943 0.9704 -0.1435
vn 0.2726 0.8362 -0.4758
vn 0.1248 0.8279 -0.5468
vn 0.2104 0.7226 -0.6584
vn 0.3303 0.6297 -0.7031
vn 0.0788 0.6788 -0.7301
vn -0.2807 0.7185 -0.6364
vn -0.0501 0.6594 -0.7501
vn -0.2036 0.6607 -0.7225
vn 0.0070 0.9979 0.0648
vn -0.1245 0.8230 -0.5542
vn -0.2944 0.8507 -0.4354
vn -0.1150 0.9907 -0.0733
vn 0.0098 0.9993 0.0368
vn 0.1562 0.9761 0.1512
vn -0.3019 0.9373 0.1743
vn -0.2483 0.9435 0.2195
vn -0.2334 0.9536 0.1900
vn 0.1504 0.9828 -0.1070
vn 0.3415 0.7836 -0.5190
vn 0.2039 0.7765 -0.5963
vn 0.0761 0.7521 -0.6547
vn -0.0583 0.7406 -0.6694
vn 0.1587 0.7061 -0.6901
vn 0.1749 0.6472 -0.7419
vn 0.0803 0.7074 -0.7022
vn 0.0332 0.7970 -0.6031
vn 0.0009 0.7449 -0.6671
vn -0.0766 0.7601 -0.6453
vn -0.3167 0.6148 -0.7224
vn -0.1972 0.7090 -0.6771
vn -0.2031 0.7788 -0.5935
vn -0.3714 0.8309 -0.4143
vn 0.2524 0.9451 0.2076
vn -0.1857 0.9725 -0.1407
vn 0.3587 0.8575 -0.3687
vn 0.3530 0.9226 0.1553
vn -0.2293 0.9546 0.1900
vn 0.1064 0.9883 -0.1091
vn 0.0352 0.8672 -0.4967
vn 0.2720 0.6859 -0.6749
vn 0.1970 0.7269 -0.6579
vn 0.1082 0.8219 -0.5592
vn -0.0102 0.8620 -0.5068
vn -0.1784 0.7521 -0.6344
vn -0.0747 0.8610 -0.5031
vn -0.4024 0.5666 -0.7190
vn -0.2351 0.9445 -0.2295
vn -0.2886 0.7463 -0.5998
vn -0.0807 0.9957 -0.0445
vn -0.2568 0.9485 -0.1857
vn -0.3793 0.9203 0.0959
vn 0.4052 0.9106 0.0818
vn 0.1572 0.9789 -0.1308
vn -0.2582 0.9538 0.1534
vn 0.0747 0.9942 -0.0769
vn 0.1838 0.6968 -0.6933
vn 0.3088 0.6854 -0.6594
vn -0.2626 0.6191 -0.7401
vn 0.3560 0.5731 -0.7381
vn 0.2780 0.7093 -0.6478
vn 0.1470 0.8538 -0.4995
vn 0.0978 0.8771 -0.4702
vn 0.0349 0.9408 -0.3372
vn -0.0291 0.9539 -0.2988
vn -0.0941 0.8889 -0.4483
vn -0.3366 0.5900 -0.7339
vn -0.1625 0.6993 -0.6961
vn -0.0538 0.6979 -0.7142
vn 0.4288 0.7672 -0.4770
vn -0.3722 0.7508 -0.5456
vn -0.0056 1.0000 -0.0058
vn 0.3107 0.9420 0.1267
vn 0.4117 0.9099 0.0509
vn -0.4070 0.9127 0.0364
vn -0.3071 0.9479 0.0843
vn -0.2121 0.9736 0.0839
vn -0.0288 0.9982 -0.0530
vn 0.4377 0.7260 -0.5304
vn 0.2618 0.7812 -0.5667
vn 0.3937 0.6683 -0.6311
vn 0.1465 0.6589 -0.7378
vn 0.3468 0.6931 -0.6319
vn -0.1298 0.8800 -0.4569
vn 0.1309 0.8675 -0.4799
vn 0.0198 0.9771 -0.2117
vn -0.0268 0.9661 -0.2566
vn -0.2586 0.7725 -0.5800
vn -0.4348 0.7398 -0.5134
vn -0.2907 0.6845 -0.6685
vn -0.1906 0.9632 -0.1894
vn -0.3757 0.8218 -0.4283
vn -0.0256 0.9892 -0.1442
vn -0.0190 0.9941 -0.1069
vn 0.2705 0.9580 0.0951
vn 0.3612 0.9307 0.0587
vn -0.2610 0.9644 0.0425
vn -0.1373 0.9887 -0.0605
vn 0.1175 0.9716 -0.2053
vn 0.3852 0.8500 -0.3595
vn 0.2568 0.9209 -0.2934
vn 0.1831 0.8939 -0.4091
vn 0.1310 0.7268 -0.6742
vn 0.2742 0.6416 -0.7163
vn 0.3544 0.7553 -0.5512
vn -0.0196 0.9856 -0.1678
vn 0.0591 0.9540 -0.2940
vn -0.0001 0.9908 -0.1352
vn -0.4011 0.8328 -0.3814
vn -0.0841 0.9438 -0.3196
vn -0.2269 0.8496 -0.4761
vn -0.2772 0.6829 -0.6758
vn -0.3777 0.6638 -0.6455
vn -0.0420 0.9846 -0.1694
vn -0.2424 0.9342 -0.2617
vn 0.2719 0.9622 0.0134
vn 0.2027 0.9792 0.0036
vn -0.4538 0.8869 -0.0870
vn -0.2632 0.9631 -0.0559
vn -0.3529 0.9311 -0.0923
vn 0.0525 0.9582 -0.2812
vn 0.0124 0.9956 -0.0934
vn 0.5434 0.6986 -0.4656
vn 0.1120 0.7269 -0.6776
vn 0.2852 0.7343 -0.6160
vn 0.1527 0.9448 -0.2899
vn -0.4935 0.7309 -0.4714
vn 0.0039 0.9975 -0.0707
vn -0.0038 0.9992 -0.0398
vn -0.0686 0.9722 -0.2239
vn -0.1897 0.8919 -0.4106
vn -0.2307 0.7448 -0.6261
vn -0.2215 0.7524 -0.6204
vn -0.0952 0.7471 -0.6578
vn -0.4516 0.6543 -0.6066
vn -0.4644 0.7202 -0.5154
vn -0.2544 0.9474 -0.1940
vn 0.3424 0.9363 -0.0781
vn 0.4462 0.8903 -0.0911
vn -0.3362 0.9307 -0.1441
vn -0.1670 0.9647 -0.2035
vn 0.0788 0.9824 -0.1694
vn 0.1954 0.8801 -0.4326
vn 0.3865 0.7913 -0.4737
vn 0.2049 0.7779 -0.5941
vn 0.1171 0.8133 -0.5699
vn 0.2144 0.9179 -0.3339
vn -0.2458 0.8800 -0.4064
vn -0.0038 0.9991 -0.0416
vn -0.0405 0.9894 -0.1397
vn -0.1403 0.9304 -0.3388
vn -0.1264 0.7752 -0.6189
vn -0.1908 0.7602 -0.6211
vn -0.5124 0.7146 -0.4763
vn -0.0913 0.9312 -0.3529
vn 0.1668 0.9641 -0.2064
vn -0.4787 0.8540 -0.2036
vn 0.2562 0.9485 -0.1862
vn 0.4144 0.7537 -0.5101
vn -0.3720 0.9078 -0.1934
vn -0.2348 0.9239 -0.3022
vn -0.1225 0.9343 -0.3347
vn 0.0272 0.9187 -0.3941
vn 0.5089 0.6903 -0.5144
vn 0.1301 0.9554 -0.2650
vn 0.1000 0.9018 -0.4205
vn -0.0926 0.9777 -0.1888
vn -0.2548 0.8189 -0.5142
vn -0.1019 0.8838 -0.4567
vn -0.1196 0.8603 -0.4955
vn 0.4612 0.8684 -0.1821
vn -0.3506 0.7614 -0.5452
vn -0.5583 0.6463 -0.5202
vn 0.2342 0.8260 -0.5127
vn -0.4991 0.8462 -0.1866
vn -0.2035 0.9105 -0.3598
vn -0.0731 0.9725 -0.2212
vn 0.3504 0.7685 -0.5354
vn 0.5196 0.7052 -0.4824
vn 0.1446 0.9429 -0.3000
vn 0.1055 0.9374 -0.3318
vn -0.0014 1.0000 -0.0097
vn -0.2418 0.9118 -0.3319
vn -0.0960 0.9605 -0.2613
vn -0.4170 0.7996 -0.4323
vn -0.4785 0.7340 -0.4820
vn -0.5200 0.6892 -0.5046
vn -0.5921 0.6475 -0.4797
vn 0.1190 0.9155 -0.3843
vn -0.3353 0.7855 -0.5202
vn -0.1095 0.8965 -0.4292
vn 0.2068 0.9094 -0.3608
vn -0.0632 0.8753 -0.4793
vn -0.3061 0.9160 -0.2593
vn -0.0283 0.9258 -0.3768
vn -0.2135 0.8841 -0.4158
vn 0.0723 0.8682 -0.4909
vn 0.5300 0.7442 -0.4065
vn 0.4565 0.7181 -0.5253
vn 0.5934 0.6986 -0.3999
vn 0.3474 0.8991 -0.2663
vn 0.4784 0.8326 -0.2791
vn 0.1117 0.9850 -0.1317
vn -0.2336 0.9477 -0.2175
vn -0.3992 0.8625 -0.3110
vn -0.6043 0.6805 -0.4144
vn -0.4779 0.7105 -0.5165
vn -0.3647 0.7661 -0.5292
vn 0.1594 0.9251 -0.3448
vn 0.5100 0.8240 -0.2468
vn -0.1257 0.9233 -0.3630
vn 0.4491 0.7319 -0.5125
vn -0.5168 0.7902 -0.3295
vn -0.5833 0.7429 -0.3285
vn -0.1042 0.8602 -0.4992
vn 0.0700 0.8718 -0.4849
vn 0.5782 0.7619 -0.2919
vn 0.1047 0.9547 -0.2784
vn -0.5714 0.7921 -0.2144
vn -0.1208 0.9388 -0.3226
vn 0.0843 0.9320 -0.3525
vn -0.1337 0.8715 -0.4718
vn 0.1151 0.8599 -0.4974
vn 0.3599 0.8076 -0.4671
vn 0.2144 0.9724 -0.0916
vn -0.5493 0.7530 -0.3624
vn 0.0016 1.0000 -0.0073
vn -0.3035 0.9422 -0.1421
vn -0.2315 0.9390 -0.2543
vn -0.4867 0.7779 -0.3975
vn -0.3918 0.8062 -0.4434
vn 0.0282 0.9094 -0.4149
vn -0.0244 0.9386 -0.3442
vn 0.4894 0.8456 -0.2131
vn -0.4331 0.8709 -0.2325
vn -0.1302 0.9899 -0.0561
vn -0.0949 0.9134 -0.3959
vn 0.4806 0.8069 -0.3435
vn 0.3242 0.9387 -0.1175
vn 0.1369 0.9461 -0.2935
vn -0.4475 0.8237 -0.3483
vn -0.3533 0.8286 -0.4342
vn 0.0600 0.8978 -0.4363
vn -0.0179 0.9367 -0.3496
vn 0.1908 0.9550 -0.2273
vn 0.5473 0.8174 -0.1797
vn 0.0379 0.9559 -0.2914
vn 0.0245 0.9027 -0.4297
vn -0.0912 0.9113 -0.4014
vn -0.0124 0.9072 -0.4204
vn -0.2346 0.9659 -0.1097
vn 0.3204 0.8908 -0.3222
vn 0.3990 0.8472 -0.3508
vn 0.5363 0.8211 -0.1953
vn 0.3162 0.9368 -0.1498
vn -0.5521 0.7875 -0.2739
vn -0.3198 0.8712 -0.3725
vn -0.2449 0.8893 -0.3862
vn 0.2371 0.8864 -0.3976
vn 0.4761 0.8452 -0.2429
vn 0.5329 0.8147 -0.2287
vn 0.1414 0.9884 -0.0545
vn -0.2935 0.8894 -0.3504
vn -0.4386 0.8481 -0.2971
vn 0.0352 0.9331 -0.3580
vn -0.1051 0.9374 -0.3320
vn 0.5622 0.8191 -0.1142
vn -0.0671 0.9843 -0.1634
vn 0.3651 0.9232 -0.1202
vn -0.5537 0.8273 -0.0946
vn 0.3879 0.8868 -0.2514
vn 0.0585 0.9812 -0.1838
vn 0.0853 0.9385 -0.3346
vn -0.0687 0.9884 -0.1354
vn -0.4396 0.8777 -0.1909
vn -0.3047 0.9163 -0.2598
vn -0.2876 0.9492 -0.1280
vn 0.3085 0.9202 -0.2410
vn -0.0097 0.9762 -0.2166
vn 0.0172 0.9722 -0.2337
vn 0.4908 0.8511 -0.1865
vn 0.2319 0.9654 -0.1196
vn -0.1862 0.9765 -0.1082
vn -0.4391 0.8714 -0.2186
vn -0.2067 0.9611 -0.1835
vn -0.2052 0.9651 -0.1626
vn -0.1501 0.9726 -0.1777
vn -0.1061 0.9839 -0.1439
vn 0.0566 0.9908 -0.1230
vn -0.5038 0.8430 -0.1886
vn 0.5366 0.8431 -0.0352
vn 0.2024 0.9665 -0.1577
vn 0.1804 0.9693 -0.1669
vn 0.0959 0.9936 -0.0598
vn 0.4861 0.8598 -0.1564
vn 0.2572 0.9642 -0.0648
vn 0.3547 0.9079 -0.2235
vn -0.3311 0.9248 -0.1876
vn -0.1920 0.9718 -0.1371
vn 0.0277 0.9905 -0.1349
vn 0.2083 0.9731 -0.0989
vn 0.3613 0.9168 -0.1702
vn -0.1589 0.9860 -0.0508
vn 0.0748 0.9964 -0.0401
vn -0.0002 1.0000 0.0009
vn -0.4542 0.8760 -0.1625
vn -0.4468 0.8878 -0.1107
vn 0.0093 0.9893 -0.1455
vn 0.1014 0.9926 -0.0663
vn 0.2546 0.9648 -0.0658
vn 0.0258 0.9878 -0.1539
vn -0.3158 0.9437 -0.0988
vn -0.2227 0.9721 -0.0741
vn -0.2179 0.9742 -0.0594
vn 0.0169 0.9994 -0.0289
vn 0.4729 0.8810 0.0124
vn -0.2369 0.9714 -0.0191
vn 0.3989 0.9065 -0.1383
vn 0.3606 0.9307 -0.0608
vn 0.4042 0.9095 -0.0972
vn -0.4658 0.8754 -0.1291
vn -0.3920 0.9145 -0.0997
vn -0.0131 0.9925 -0.1212
vn 0.2483 0.9672 -0.0538
vn 0.1652 0.9788 -0.1208
vn -0.0638 0.9977 0.0240
vn 0.4432 0.8942 -0.0633
vn 0.1421 0.9899 -0.0006
vn 0.1455 0.9882 -0.0480
vn 0.3884 0.9193 -0.0639
vn 0.0557 0.9983 0.0197
vn -0.1708 0.9851 -0.0174
vn -0.3876 0.9210 -0.0390
vn -0.4392 0.8975 -0.0407
vn -0.1389 0.9884 -0.0609
vn -0.0271 0.9994 -0.0214
vn 0.4131 0.9106 -0.0103
vn -0.4190 0.9079 -0.0107
vn 0.4136 0.9099 -0.0316
vn 0.0407 0.9990 0.0164
vn -0.2005 0.9759 -0.0860
vn 0.1972 0.9802 -0.0151
vn 0.1749 0.9845 -0.0158
vn 0.0662 0.9963 -0.0555
vn 0.3865 0.9223 0.0022
vn 0.4358 0.9000 -0.0063
vn -0.2131 0.9762 0.0396
vn -0.4118 0.9108 -0.0297
vn -0.4165 0.9068 -0.0648
vn -0.1150 0.9931 -0.0237
vn -0.2817 0.9593 -0.0185
vn 0.3904 0.9196 -0.0428
vn -0.0154 0.9998 -0.0143
vn 0.1843 0.9822 -0.0371
vn 0.2284 0.9730 -0.0348
vn 0.4110 0.9108 0.0388
vn -0.2973 0.9539 0.0408
vn -0.4224 0.9059 0.0314
vn -0.3687 0.9285 -0.0430
vn -0.2195 0.9752 -0.0290
vn 0.1667 0.9858 0.0183
vn 0.1697 0.9854 0.0172
vn 0.3774 0.9250 0.0440
vn 0.2807 0.9581 0.0574
vn 0.0637 0.9975 0.0291
vn -0.1716 0.9851 0.0117
vn 0.4334 0.9008 -0.0283
vn 0.3157 0.9480 0.0404
vn 0.3896 0.9173 0.0824
vn 0.2643 0.9634 0.0453
vn -0.3750 0.9262 0.0390
vn -0.2907 0.9568 -0.0019
vn -0.2099 0.9770 0.0368
vn -0.2241 0.9745 0.0071
vn 0.3254 0.9405 0.0976
vn -0.4130 0.9051 0.1009
vn -0.1897 0.9813 0.0314
vn -0.1155 0.9899 0.0818
vn 0.1639 0.9778 0.1303
vn 0.3123 0.9421 0.1218
vn 0.4188 0.9043 0.0828
vn 0.1173 0.9930 0.0153
vn -0.0929 0.9952 0.0316
vn -0.3309 0.9406 0.0757
vn -0.4387 0.8945 0.0864
vn -0.2929 0.9510 0.0987
vn -0.3426 0.9324 0.1154
vn -0.2977 0.9392 0.1710
vn 0.0569 0.9979 -0.0315
vn -0.4177 0.9079 -0.0347
vn 0.1466 0.9756 0.1632
vn 0.1264 0.9920 0.0037
vn 0.1142 0.9906 0.0756
vn 0.3232 0.9248 0.2005
vn 0.3813 0.9188 0.1016
vn -0.3035 0.9496 0.0783
vn -0.3867 0.9170 0.0982
vn -0.0819 0.9891 0.1225
vn -0.2270 0.9738 0.0147
vn 0.4155 0.9090 -0.0331
vn -0.2230 0.9742 -0.0343
vn -0.3633 0.9104 0.1981
vn -0.0458 0.9982 0.0385
vn 0.0297 0.9992 0.0283
vn -0.1098 0.9938 0.0151
vn -0.0139 0.9989 -0.0441
vn 0.0214 0.9992 0.0340
vn -0.0226 0.9996 0.0145
vn 0.1017 0.9948 0.0038
vn -0.0468 0.9988 0.0157
vn -0.3868 0.9089 0.1558
vn 0.0793 0.9966 0.0227
vn -0.0334 0.9990 0.0300
vn -0.0506 0.9983 -0.0299
vn 0.3816 0.9243 -0.0022
vn -0.2807 0.9556 0.0893
vn 0.4564 0.8784 0.1416
vn -0.2637 0.9626 0.0623
vn -0.4145 0.9012 0.1266
vn -0.4674 0.8701 0.1563
vn -0.3994 0.9046 0.1487
vn -0.1483 0.9879 0.0443
vn 0.4029 0.9075 0.1191
vn -0.1763 0.9842 -0.0138
vn -0.0397 0.9989 -0.0237
vn 0.0847 0.9953 0.0468
vn -0.0104 0.9956 0.0932
vn 0.0673 0.9947 0.0774
vn 0.2297 0.9719 0.0504
vn -0.0471 0.9989 0.0006
vn 0.1820 0.9833 0.0065
vn -0.3837 0.9233 0.0143
vn 0.4203 0.8854 0.1985
vn 0.1937 0.9647 0.1783
vn 0.0470 0.9989 -0.0007
vn -0.4603 0.8653 0.1985
vn -0.1145 0.9923 0.0465
vn -0.2630 0.9636 0.0471
vn 0.1076 0.9803 0.1659
vn -0.3435 0.9343 0.0954
vn 0.3268 0.9233 0.2017
vn -0.0006 1.0000 -0.0004
vn -0.5030 0.8457 0.1784
vn -0.4243 0.8842 0.1953
vn -0.0641 0.9933 0.0963
vn 0.0212 0.9950 0.0980
vn 0.3826 0.9239 0.0093
vn -0.0883 0.9909 0.1013
vn 0.0424 0.9892 0.1404
vn 0.2029 0.9789 0.0262
vn -0.5079 0.8426 0.1789
vn -0.3254 0.9247 0.1977
vn -0.2186 0.9583 0.1840
vn 0.0070 0.9972 0.0742
vn 0.0167 0.9910 0.1327
vn 0.4932 0.8548 0.1615
vn -0.2507 0.9651 0.0762
vn -0.0023 0.9903 0.1391
vn -0.0999 0.9834 0.1517
vn -0.0062 0.9920 0.1260
vn -0.0193 0.9854 0.1691
vn -0.4365 0.8994 0.0219
vn 0.2565 0.9487 0.1850
vn -0.1776 0.9836 0.0328
vn 0.3780 0.9258 0.0062
vn -0.3122 0.9479 0.0641
vn 0.0232 0.9594 0.2811
vn 0.5065 0.8443 0.1750
vn 0.5131 0.8457 0.1468
vn -0.4635 0.8756 0.1359
vn 0.0124 0.9871 0.1594
vn 0.0559 0.9865 0.1537
vn -0.0333 0.9928 0.1147
vn 0.1949 0.9427 0.2709
vn 0.4049 0.8962 0.1812
vn 0.2962 0.9262 0.2335
vn -0.2440 0.9688 0.0441
vn -0.0973 0.9949 0.0247
vn -0.1624 0.9439 0.2877
vn -0.5584 0.8133 0.1636
vn -0.3907 0.9034 0.1764
vn -0.2879 0.9242 0.2507
vn -0.0258 0.9661 0.2568
vn 0.1576 0.9827 0.0968
vn 0.3196 0.9460 0.0537
vn 0.4609 0.8873 0.0192
vn 0.2598 0.9644 0.0497
vn -0.0681 0.9838 0.1659
vn 0.3985 0.9147 0.0667
vn -0.5134 0.8564 0.0544
vn 0.0077 1.0000 0.0004
vn -0.4965 0.8507 0.1725
vn 0.4859 0.8740 -0.0029
vn 0.1472 0.9777 0.1501
vn -0.0004 0.9935 0.1140
vn 0.3042 0.9317 0.1984
vn 0.5344 0.8375 0.1137
vn -0.4347 0.8947 0.1029
vn -0.4220 0.8777 0.2269
vn 0.1250 0.9813 0.1460
vn 0.0778 0.9898 0.1192
vn 0.4471 0.8868 -0.1168
vn 0.0193 0.9895 0.1429
vn -0.1251 0.9808 0.1496
vn 0.0302 0.9890 0.1447
vn -0.1746 0.9741 0.1436
vn 0.4245 0.8790 0.2170
vn -0.5263 0.8240 0.2101
vn -0.4651 0.8633 0.1959
vn 0.0835 0.9877 0.1325
vn -0.0511 0.9903 0.1295
vn 0.2859 0.9500 0.1253
vn -0.5582 0.8254 0.0845
vn -0.1082 0.9853 0.1322
vn -0.2880 0.9462 0.1475
vn -0.3908 0.9178 0.0698
vn 0.1637 0.9864 0.0140
vn -0.2324 0.9714 0.0494
vn 0.4037 0.9130 0.0592
vn 0.2297 0.9516 0.2044
vn 0.5265 0.8291 0.1880
vn 0.5032 0.8614 0.0695
vn -0.1306 0.9736 0.1872
vn -0.5711 0.8079 0.1454
vn -0.5991 0.7792 0.1843
vn -0.4392 0.8830 0.1657
vn -0.0242 0.9900 0.1392
vn 0.1534 0.9816 0.1134
vn 0.4244 0.9014 0.0857
vn 0.5656 0.8220 0.0663
vn 0.0756 0.9942 0.0760
vn -0.4507 0.8892 0.0786
vn -0.5939 0.7987 0.0967
vn -0.3645 0.9127 0.1846
vn 0.5851 0.8059 0.0909
vn -0.5840 0.8083 0.0747
vn -0.1510 0.9806 0.1248
vn -0.6382 0.7573 0.1384
vn -0.2016 0.9605 0.1917
vn -0.0216 0.9970 0.0737
vn -0.3721 0.9277 0.0312
vn 0.0422 0.9819 0.1847
vn 0.6200 0.7747 0.1246
vn 0.5912 0.8036 0.0690
vn -0.5206 0.8435 0.1323
vn 0.5126 0.8583 0.0215
vn 0.1944 0.9808 0.0173
vn 0.5790 0.8087 0.1036
vn -0.2634 0.9646 0.0152
vn 0.3727 0.9110 0.1765
vn 0.3974 0.9011 0.1736
vn 0.6219 0.7826 0.0277
vn -0.0004 0.9973 0.0728
vn -0.2471 0.9688 0.0212
vn -0.6031 0.7972 0.0284
vn -0.6638 0.7438 0.0782
vn -0.5863 0.8039 0.0996
vn -0.4149 0.8951 0.1633
vn -0.2521 0.9543 0.1606
vn 0.1140 0.9850 0.1299
vn 0.1765 0.9761 0.1269
vn -0.5578 0.8295 0.0299
vn -0.1382 0.9887 0.0586
vn 0.5232 0.8506 0.0523
vn -0.1202 0.9827 0.1411
vn 0.1691 0.9695 0.1773
vn 0.5033 0.8542 0.1309
vn -0.0506 0.9987 -0.0008
vn -0.5389 0.8416 0.0351
vn 0.0962 0.9860 0.1363
vn 0.4118 0.9113 -0.0035
vn -0.0478 0.9878 0.1485
vn -0.4647 0.8850 0.0296
vn -0.1952 0.9751 0.1050
vn -0.0841 0.9867 0.1391
vn -0.0052 0.9881 0.1539
vn 0.4903 0.8614 0.1327
vn -0.6901 0.7231 -0.0298
vn 0.1985 0.9755 0.0952
vn -0.2226 0.9749 -0.0024
vn 0.3235 0.9360 0.1385
vn 0.5870 0.8057 0.0787
vn 0.3187 0.9478 -0.0124
vn -0.5249 0.8503 -0.0377
vn 0.4094 0.9067 0.1018
vn -0.2140 0.9768 0.0110
vn -0.2121 0.9712 0.1082
vn 0.0420 0.9890 0.1420
vn 0.2758 0.9506 0.1423
vn -0.2209 0.9650 0.1414
vn 0.6608 0.7496 -0.0388
vn -0.2320 0.9719 -0.0408
vn -0.6443 0.7623 0.0610
vn -0.4806 0.8708 0.1040
vn -0.3151 0.9408 0.1253
vn 0.2801 0.9597 -0.0228
vn -0.0212 0.9937 0.1102
vn -0.3701 0.9285 -0.0282
vn -0.0893 0.9891 0.1167
vn 0.4826 0.8701 0.0997
vn 0.7189 0.6921 -0.0645
vn -0.6899 0.7235 -0.0246
vn -0.5372 0.8391 0.0860
vn 0.1958 0.9806 -0.0062
vn 0.4066 0.9104 0.0769
vn -0.3678 0.9291 0.0395
vn -0.3317 0.9430 0.0252
vn 0.1301 0.9862 0.1022
vn 0.6865 0.7262 -0.0371
vn 0.4894 0.8708 -0.0466
vn 0.0001 1.0000 0.0001
vn -0.6243 0.7745 -0.1022
vn 0.0171 0.9953 0.0956
vn 0.2613 0.9624 0.0740
vn 0.0744 0.9937 0.0838
vn 0.6600 0.7510 -0.0203
vn -0.4681 0.8782 -0.0985
vn -0.5971 0.8012 0.0395
vn -0.1452 0.9859 0.0831
vn 0.2814 0.9572 0.0673
vn -0.2634 0.9625 0.0642
vn -0.2903 0.9551 0.0589
vn 0.6312 0.7709 -0.0860
vn 0.1376 0.9905 -0.0088
vn -0.2421 0.9689 -0.0503
vn -0.7066 0.7063 -0.0434
vn -0.4429 0.8952 0.0490
vn -0.3301 0.9423 0.0562
vn 0.5623 0.8269 -0.0053
vn -0.3123 0.9494 0.0335
vn 0.5083 0.8611 0.0138
vn 0.1787 0.9817 0.0664
vn 0.0012 1.0000 -0.0001
vn -0.0001 1.0000 0.0005
vn -0.5320 0.8467 0.0095
vn 0.0362 0.9974 0.0631
vn 0.0479 0.9969 0.0620
vn -0.1674 0.9838 0.0640
vn -0.3120 0.9491 0.0440
vn -0.3270 0.9432 0.0587
vn 0.0431 0.9983 0.0394
vn 0.7439 0.6563 -0.1261
vn 0.3160 0.9486 -0.0193
vn -0.0001 0.9996 0.0293
vn 0.0006 0.9998 0.0221
vn -0.7098 0.6916 -0.1337
vn 0.2711 0.9590 0.0828
vn 0.2116 0.9773 0.0028
vn 0.7408 0.6595 -0.1278
vn 0.5056 0.8622 -0.0323
vn -0.0029 0.9968 0.0801
vn -0.0049 0.9961 0.0883
vn -0.0711 0.9973 -0.0175
vn -0.6715 0.7355 -0.0900
vn -0.1093 0.9934 0.0344
vn 0.3190 0.9471 -0.0357
vn -0.5358 0.8424 -0.0565
vn 0.7043 0.6973 -0.1332
vn -0.0167 0.9962 0.0857
vn -0.0021 0.9923 0.1238
vn -0.0447 0.9853 0.1646
vn -0.0042 0.9765 0.2153
vn 0.0030 0.9954 0.0960
vn -0.3061 0.9514 -0.0339
vn -0.2984 0.9469 0.1199
vn -0.7460 0.6524 -0.1335
vn -0.4309 0.9008 -0.0539
vn -0.3365 0.9357 0.1059
vn 0.2203 0.9601 0.1722
vn -0.1754 0.9818 0.0730
vn 0.6159 0.7756 -0.1383
vn 0.6492 0.7601 0.0268
vn 0.0251 0.9926 0.1186
vn -0.0172 0.9930 0.1165
vn -0.0048 0.9860 0.1666
vn -0.0720 0.9604 0.2693
vn -0.0527 0.9326 0.3571
vn 0.0356 0.9301 0.3657
vn -0.0006 0.9830 0.1835
vn 0.0131 0.9866 0.1623
vn 0.0294 0.9919 0.1236
vn -0.6756 0.7350 -0.0578
vn -0.6886 0.7095 -0.1499
vn -0.3440 0.9375 -0.0519
vn 0.2972 0.9490 0.1051
vn 0.0852 0.9934 0.0769
vn 0.5170 0.8451 -0.1364
vn 0.7072 0.7059 0.0389
vn 0.4423 0.8854 0.1433
vn -0.0752 0.9009 0.4275
vn 0.0588 0.9848 0.1635
vn -0.0304 0.9484 0.3157
vn -0.0081 0.9590 0.2834
vn -0.2111 0.9621 0.1725
vn -0.0479 0.8689 0.4926
vn 0.0079 0.8396 0.5431
vn 0.0608 0.9230 0.3801
vn 0.0096 0.9462 0.3236
vn 0.0403 0.9676 0.2491
vn -0.4648 0.8775 0.1182
vn -0.0074 0.8959 0.4442
vn -0.5989 0.7869 -0.1486
vn -0.0793 0.9938 0.0773
vn 0.3745 0.9268 0.0285
vn -0.3732 0.9277 0.0075
vn -0.2463 0.9691 0.0135
vn 0.2973 0.9542 0.0343
vn 0.4208 0.8971 -0.1346
vn 0.6674 0.7439 -0.0343
vn 0.5885 0.7852 0.1926
vn -0.0421 0.9426 0.3313
vn -0.0605 0.9025 0.4264
vn 0.0365 0.8541 0.5189
vn -0.0574 0.8427 0.5353
vn -0.0964 0.8261 0.5552
vn 0.0189 0.8242 0.5659
vn 0.0356 0.8095 0.5861
vn 0.0833 0.8490 0.5217
vn 0.0065 0.8991 0.4378
vn -0.6846 0.7262 0.0626
vn 0.0446 0.9167 0.3971
vn 0.0514 0.9466 0.3183
vn -0.6265 0.7693 0.1252
vn 0.6555 0.7425 0.1382
vn -0.4872 0.8603 -0.1498
vn -0.2942 0.9545 0.0491
vn 0.0030 0.9973 0.0729
vn 0.1897 0.9802 0.0560
vn -0.4197 0.8891 0.1825
vn -0.3214 0.9403 0.1123
vn -0.2492 0.9683 0.0167
vn 0.4192 0.9069 -0.0418
vn 0.6659 0.7417 0.0810
vn 0.1655 0.9124 0.3744
vn 0.3663 0.8647 0.3436
vn -0.1491 0.9215 0.3585
vn 0.0155 0.9233 0.3839
vn -0.0598 0.8847 0.4624
vn -0.0247 0.7937 0.6077
vn -0.0027 0.7814 0.6240
vn 0.0373 0.8021 0.5961
vn -0.0008 0.8304 0.5571
vn 0.0516 0.9018 0.4290
vn -0.4249 0.8534 0.3019
vn -0.4557 0.8897 0.0275
vn -0.6641 0.7435 0.0782
vn -0.6346 0.7709 0.0550
vn -0.4447 0.8874 -0.1214
vn -0.6620 0.7362 -0.1404
vn -0.3863 0.9217 -0.0352
vn 0.3024 0.9439 0.1329
vn 0.3863 0.9102 0.1492
vn 0.4085 0.9122 -0.0319
vn -0.4592 0.8879 0.0261
vn -0.3161 0.9485 -0.0191
vn -0.0144 0.9990 -0.0412
vn -0.2108 0.9716 -0.1080
vn -0.1575 0.9871 -0.0285
vn 0.0067 0.9992 -0.0404
vn 0.6795 0.7155 -0.1623
vn 0.5504 0.8349 -0.0065
vn -0.0849 0.8683 0.4887
vn 0.0521 0.7706 0.6352
vn 0.0230 0.7610 0.6483
vn 0.0627 0.8113 0.5812
vn -0.5665 0.8211 -0.0692
vn 0.1948 0.9758 -0.0993
vn 0.4001 0.9141 -0.0659
vn 0.3447 0.9384 0.0243
vn -0.2817 0.9595 -0.0001
vn 0.4528 0.8750 -0.1715
vn 0.6558 0.7327 -0.1817
vn 0.5859 0.7713 0.2487
vn 0.4667 0.8844 -0.0079
vn 0.5762 0.7973 0.1797
vn 0.5068 0.7901 0.3448
vn -0.1373 0.8681 0.4770
vn 0.1026 0.8657 0.4899
vn -0.0467 0.7856 0.6170
vn -0.0229 0.7886 0.6145
vn -0.0776 0.7955 0.6009
vn -0.0683 0.7759 0.6272
vn 0.0364 0.8004 0.5984
vn 0.0764 0.7945 0.6024
vn 0.0276 0.7745 0.6320
vn -0.6028 0.7889 0.1197
vn -0.5545 0.7856 0.2746
vn -0.2824 0.9374 -0.2039
vn -0.4847 0.8747 0.0036
vn -0.3617 0.9305 -0.0577
vn 0.3799 0.9212 -0.0839
vn 0.4511 0.8914 -0.0434
vn -0.3890 0.9085 -0.1526
vn 0.3432 0.9381 0.0480
vn -0.2109 0.9760 -0.0549
vn 0.4891 0.8651 0.1113
vn 0.1088 0.8323 0.5436
vn 0.5733 0.7850 0.2349
vn 0.2909 0.8112 0.5073
vn -0.0785 0.8580 0.5077
vn -0.1228 0.7720 0.6237
vn -0.0473 0.7678 0.6390
vn -0.0230 0.8399 0.5423
vn -0.0141 0.8425 0.5385
vn 0.0765 0.8628 0.4997
vn -0.0413 0.8355 0.5480
vn 0.0252 0.8476 0.5301
vn -0.4572 0.7810 0.4255
vn 0.0530 0.7833 0.6194
vn 0.0688 0.7743 0.6290
vn 0.0881 0.8210 0.5641
vn -0.3362 0.8259 0.4527
vn -0.5430 0.7969 0.2646
vn -0.4771 0.8746 0.0861
vn -0.3279 0.9447 0.0047
vn -0.0341 0.9862 -0.1618
vn -0.1537 0.9698 -0.1893
vn 0.2957 0.9552 -0.0156
vn 0.3390 0.9250 -0.1719
vn 0.3155 0.9385 -0.1404
vn -0.3305 0.9436 -0.0200
vn -0.1741 0.9777 -0.1176
vn 0.1926 0.9640 -0.1836
vn 0.4524 0.7576 0.4705
vn 0.4466 0.8410 0.3055
vn 0.3710 0.7359 0.5664
vn -0.0737 0.9225 0.3789
vn 0.0292 0.8049 0.5927
vn 0.0108 0.9077 0.4195
vn -0.3943 0.8982 0.1945
vn -0.0126 0.9041 0.4272
vn 0.0686 0.9248 0.3743
vn 0.0312 0.9380 0.3453
vn -0.4172 0.7555 0.5052
vn -0.3957 0.7606 0.5146
vn -0.4209 0.8652 0.2723
vn 0.1704 0.9794 -0.1086
vn 0.0518 0.7225 0.6894
vn 0.3189 0.9473 -0.0300
vn 0.3372 0.9411 -0.0231
vn -0.3636 0.9309 -0.0354
vn -0.2340 0.9673 -0.0973
vn 0.2038 0.7212 0.6620
vn -0.0646 0.9737 0.2187
vn 0.0156 0.9742 0.2250
vn 0.0579 0.7783 0.6252
vn 0.0153 0.9758 0.2183
vn 0.0707 0.9746 0.2125
vn 0.0394 0.9861 0.1613
vn 0.1321 0.8915 0.4334
vn 0.0341 0.8571 0.5140
vn -0.0533 0.7261 0.6855
vn 0.1069 0.7096 0.6965
vn -0.2008 0.7381 0.6441
vn -0.1734 0.9849 -0.0007
vn -0.3985 0.7970 0.4539
vn -0.3806 0.8209 0.4258
vn -0.1970 0.9796 0.0401
vn 0.2972 0.9446 0.1396
vn 0.3474 0.9362 -0.0530
vn -0.3458 0.9367 -0.0540
vn -0.3360 0.9411 -0.0379
vn -0.0509 0.9752 -0.2156
vn 0.1222 0.9902 -0.0675
vn 0.0663 0.9615 0.2667
vn 0.3731 0.8771 0.3025
vn 0.0773 0.7757 0.6263
vn -0.0312 0.7674 0.6404
vn 0.0779 0.9182 0.3885
vn 0.0166 0.9942 0.1059
vn -0.0577 0.9944 0.0890
vn 0.0602 0.9948 0.0824
vn 0.0022 0.9949 0.1010
vn -0.0040 0.9899 0.1416
vn -0.3321 0.9101 0.2477
vn -0.0446 0.9870 0.1545
vn -0.2582 0.8421 0.4734
vn 0.1492 0.9746 -0.1673
vn -0.0804 0.9896 -0.1190
vn -0.0044 0.9873 -0.1586
vn 0.0730 0.9760 -0.2052
vn 0.2681 0.8938 0.3596
vn 0.2153 0.9653 -0.1479
vn -0.3604 0.9257 -0.1153
vn -0.3441 0.9349 -0.0873
vn -0.1511 0.9672 -0.2044
vn 0.0188 0.9786 -0.2047
vn 0.2437 0.9676 -0.0665
vn 0.3886 0.8787 0.2773
vn 0.1593 0.8795 0.4485
vn -0.0225 0.8884 0.4585
vn 0.0305 0.8855 0.4636
vn 0.0186 0.8973 0.4411
vn 0.0674 0.9373 0.3418
vn 0.0904 0.9945 0.0523
vn -0.0494 0.9987 0.0116
vn 0.0221 0.9993 -0.0305
vn 0.0014 0.9999 0.0139
vn -0.0624 0.9771 0.2034
vn -0.0448 0.9748 0.2185
vn -0.0260 0.9147 0.4034
vn -0.1477 0.8840 0.4436
vn -0.2589 0.9021 0.3453
vn 0.1058 0.9760 0.1905
vn -0.2495 0.9668 -0.0542
vn 0.3237 0.9397 -0.1104
vn -0.2218 0.9537 -0.2030
vn 0.0774 0.9652 -0.2497
vn 0.2519 0.9648 -0.0761
vn 0.1755 0.9840 0.0318
vn 0.2339 0.9624 0.1379
vn 0.1038 0.9835 0.1484
vn 0.0020 0.9641 0.2654
vn 0.1354 0.9890 0.0598
vn -0.1580 0.9837 0.0859
vn -0.0471 0.9979 -0.0439
vn -0.0707 0.9973 -0.0203
vn -0.0981 0.9775 0.1870
vn 0.0053 0.9800 0.1991
vn 0.2317 0.9489 -0.2144
vn -0.2998 0.9539 -0.0117
vn -0.1606 0.9609 -0.2254
vn -0.1369 0.9618 -0.2373
vn -0.0374 0.9651 -0.2590
vn 0.1275 0.9559 -0.2647
vn -0.3425 0.9160 -0.2088
vn -0.3101 0.9318 -0.1885
vn -0.2358 0.9427 -0.2360
vn -0.1220 0.9531 -0.2769
vn 0.1609 0.9465 -0.2796
vn 0.1648 0.9464 -0.2779
vn 0.0865 0.9960 -0.0221
vn 0.0038 0.9993 0.0365
vn 0.0741 0.9972 -0.0112
vn 0.1660 0.9810 -0.1004
vn 0.0831 0.9901 -0.1132
vn 0.0119 0.9928 -0.1189
vn -0.0122 0.9902 -0.1389
vn -0.0468 0.9893 -0.1381
vn -0.1348 0.9908 0.0134
vn -0.0045 0.9983 0.0574
vn -0.2020 0.9479 -0.2463
vn 0.0399 0.9581 -0.2838
vn -0.0411 0.9966 -0.0709
vn -0.1612 0.9377 -0.3078
vn -0.0029 0.9400 -0.3413
vn 0.1425 0.9631 -0.2283
vn 0.0829 0.9767 -0.1981
vn -0.1332 0.9332 -0.3337
vn 0.0325 0.9946 -0.0986
vn 0.0416 0.9909 -0.1282
vn -0.0061 0.9861 -0.1661
vn -0.0855 0.9934 -0.0771
vn -0.0060 0.9946 -0.1035
vn -0.1116 0.9817 -0.1543
vn -0.2012 0.9520 -0.2306
vn -0.0067 0.9943 -0.1063
vn 0.1544 0.9335 -0.3238
vn 0.1747 0.9297 -0.3242
vn 0.3388 0.9175 -0.2084
vn -0.3119 0.9069 -0.2833
vn -0.2193 0.9092 -0.3540
vn -0.1605 0.9303 -0.3299
vn 0.1012 0.9235 -0.3700
vn 0.1012 0.9336 -0.3438
vn 0.0909 0.9910 -0.0984
vn -0.0650 0.9477 -0.3124
vn 0.2011 0.9645 -0.1710
vn 0.0002 0.9828 -0.1846
vn 0.0205 0.9821 -0.1871
vn -0.0169 0.9259 -0.3774
vn 0.0960 0.9268 -0.3631
vn 0.2086 0.9091 -0.3606
vn 0.3412 0.9036 -0.2589
vn -0.2635 0.8805 -0.3941
vn 0.0138 0.9104 -0.4134
vn 0.0885 0.9111 -0.4025
vn 0.0120 0.9664 -0.2568
vn -0.0278 0.9824 -0.1846
vn 0.0397 0.9923 -0.1172
vn 0.1449 0.9685 -0.2025
vn 0.0990 0.9907 -0.0934
vn 0.0403 0.9838 -0.1749
vn -0.1314 0.9728 -0.1907
vn -0.1504 0.9846 -0.0891
vn 0.0143 0.9896 -0.1434
vn -0.0670 0.9633 -0.2598
vn -0.0108 0.9514 -0.3078
vn -0.1241 0.9174 -0.3782
vn 0.2083 0.9101 -0.3583
vn -0.2946 0.8729 -0.3889
vn -0.0805 0.8956 -0.4376
vn 0.0579 0.9007 -0.4307
vn -0.0696 0.9736 -0.2175
vn 0.0082 0.9866 -0.1631
vn 0.2877 0.9406 -0.1804
vn -0.0858 0.9814 -0.1717
vn 0.0795 0.9773 -0.1963
vn 0.1326 0.9792 -0.1538
vn 0.0738 0.9844 -0.1599
vn -0.1007 0.9770 -0.1877
vn -0.0978 0.9865 -0.1313
vn -0.0709 0.9893 -0.1278
vn -0.0392 0.9355 -0.3510
vn -0.2616 0.8865 -0.3817
vn -0.1705 0.8915 -0.4197
vn -0.0870 0.9734 -0.2122
vn 0.1358 0.9677 -0.2122
vn -0.1129 0.9792 -0.1688
vn 0.0569 0.9752 -0.2137
vn 0.0014 0.9612 -0.2759
vn 0.0758 0.9703 -0.2298
vn -0.1995 0.9597 -0.1979
vn -0.1287 0.9743 -0.1851
vn 0.0824 0.9686 -0.2346
vn -0.0688 0.8884 -0.4538
vn 0.0731 0.8823 -0.4650
vn -0.2631 0.8881 -0.3770
vn -0.0073 0.8752 -0.4838
vn -0.0377 0.9094 -0.4142
vn -0.1276 0.9569 -0.2610
vn -0.0512 0.9771 -0.2066
vn 0.0302 0.9769 -0.2117
vn 0.0971 0.9572 -0.2728
vn 0.2531 0.9248 -0.2841
vn -0.0418 0.9817 -0.1857
vn 0.1077 0.9760 -0.1893
vn 0.0880 0.9774 -0.1921
vn 0.0868 0.9776 -0.1919
vn -0.1654 0.9551 -0.2459
vn -0.0109 0.9146 -0.4042
vn -0.0166 0.8752 -0.4836
vn -0.1634 0.9585 -0.2336
vn 0.2534 0.9244 -0.2852
vn 0.0408 0.9790 -0.1997
vn 0.1135 0.9746 -0.1930
vn 0.0628 0.9753 -0.2117
vn -0.0580 0.9696 -0.2377
vn -0.1725 0.9426 -0.2859
vn -0.2373 0.9229 -0.3033
vn -0.0067 0.9730 -0.2305
vn 0.1699 0.9428 -0.2868
vn 0.1481 0.9403 -0.3063
vn 0.1582 0.8631 -0.4796
vn 0.2333 0.8792 -0.4153
vn -0.1850 0.8539 -0.4865
vn -0.0867 0.8550 -0.5113
vn -0.0784 0.9258 -0.3697
vn 0.0483 0.9621 -0.2684
vn 0.0982 0.9547 -0.2809
vn -0.0566 0.9791 -0.1955
vn -0.0898 0.9725 -0.2147
vn -0.0003 0.9792 -0.2028
vn -0.0015 0.9790 -0.2040
vn 0.0982 0.9767 -0.1910
vn -0.2179 0.9148 -0.3400
vn -0.0431 0.9751 -0.2175
vn 0.1085 0.9405 -0.3221
vn 0.0098 0.8954 -0.4452
vn 0.2673 0.8842 -0.3829
vt -14.402487 12.378418
vt -13.800929 12.253311
vt -14.396954 12.697289
vt -14.387105 11.971999
vt -14.247917 10.277554
vt -13.877187 10.567637
vt -14.321331 11.100564
vt -13.848923 5.671751
vt -13.101936 5.875996
vt -13.960617 6.109467
vt -14.213218 9.786486
vt -13.636753 9.897514
vt -13.583346 4.852045
vt -13.503546 4.518741
vt -13.118516 4.611429
vt -13.354235 3.353166
vt -12.647009 3.556270
vt -13.397768 3.888401
vt -13.336721 2.983162
vt -13.323557 1.729017
vt -12.552034 2.798644
vt -13.323412 -0.639192
vt -12.947985 0.492643
vt -13.302193 0.525105
vt -13.576436 -3.799637
vt -13.181014 -4.630973
vt -13.490519 -3.444312
vt -13.776659 -4.413541
vt -13.872703 -4.737411
vt -14.084944 -5.864662
vt -13.443708 -6.061911
vt -14.013664 -5.377293
vt -14.135828 -6.423714
vt -14.227803 -9.232411
vt -13.807537 -9.933472
vt -13.736869 -9.470615
vt -14.299060 -10.021563
vt -14.362783 -10.890937
vt -14.344398 -12.048160
vt -14.219267 -13.238168
vt -13.758495 -11.184464
vt -14.120352 15.468620
vt -13.490082 14.926430
vt -13.260303 15.473458
vt -13.173110 13.454393
vt -14.369101 13.140720
vt -13.163800 11.824478
vt -14.191477 8.636769
vt -14.173232 8.108772
vt -13.286971 9.026228
vt -12.710149 4.437710
vt -12.305589 -0.694166
vt -12.374891 1.858870
vt -13.336143 -1.923272
vt -12.635277 -2.305298
vt -13.347670 -2.210105
vt -13.390042 -2.800725
vt -12.602180 -2.850556
vt -14.155967 -6.908839
vt -12.957601 -6.834943
vt -14.182396 -8.096064
vt -12.812984 -8.647553
vt -14.171242 -7.447809
vt -12.208576 10.560049
vt -14.200979 9.112373
vt -12.562025 9.842585
vt -12.959383 7.731838
vt -12.621881 6.951988
vt -12.154141 2.862654
vt -12.098576 0.700241
vt -12.159336 1.491443
vt -12.126307 -1.383338
vt -12.178647 -0.984825
vt -12.304565 -3.953755
vt -11.975422 -3.281031
vt -12.989609 -4.975172
vt -12.609940 -5.625890
vt -12.671875 -7.442293
vt -13.251723 -12.207824
vt -13.174409 -10.739439
vt -12.820999 12.404860
vt -12.040963 11.128053
vt -12.588528 8.591868
vt -12.060478 8.138663
vt -12.026618 4.245730
vt -11.586080 5.151460
vt -12.524982 5.643342
vt -11.493678 1.762559
vt -12.142044 2.302500
vt -11.719551 -0.216645
vt -11.980725 -2.267996
vt -11.791189 -5.107266
vt -14.192183 -8.709169
vt -12.181298 -9.729569
vt -12.107965 -9.436090
vt -11.782558 -10.131367
vt -12.675353 -10.706148
vt -14.163918 -13.764379
vt -12.091043 -13.175772
vt -12.645882 11.832603
vt -11.481259 10.088926
vt -12.241506 9.592701
vt -12.234410 6.344955
vt -11.695064 6.822229
vt -12.023604 3.473804
vt -11.473524 4.048094
vt -11.385380 2.858053
vt -10.782931 1.099697
vt -10.733573 0.183714
vt -11.648779 -6.378341
vt -12.234601 -6.949305
vt -12.286584 -8.595934
vt -11.985847 -7.575854
vt -12.750935 -11.320543
vt -13.303622 -14.357685
vt -11.365556 -13.427437
vt -12.237466 13.203811
vt -12.201777 14.015080
vt -11.932211 12.314592
vt -12.097305 8.456920
vt -11.205303 9.680363
vt -11.580515 7.776588
vt -11.126583 4.622972
vt -10.983740 3.645898
vt -10.995399 1.923802
vt -10.408854 0.864142
vt -10.794107 -0.630621
vt -11.527150 -2.163638
vt -11.162926 -2.450444
vt -11.309438 -1.057456
vt -11.444811 -3.315285
vt -10.976770 -3.292903
vt -11.405066 -8.339879
vt -11.631037 -8.930269
vt -12.187398 -12.253411
vt -11.474721 14.533021
vt -11.722597 15.497011
vt -11.272746 11.800318
vt -10.688047 4.427351
vt -10.672928 2.217367
vt -10.595423 -2.569638
vt -10.682343 -4.290359
vt -11.361655 -6.489985
vt -11.141717 -4.628326
vt -11.319993 -7.873903
vt -12.057465 -11.043834
vt -11.694662 13.551250
vt -11.748113 12.904222
vt -10.410429 5.453790
vt -11.151801 5.549051
vt -10.485062 3.817331
vt -10.129781 2.012283
vt -10.105031 -0.688883
vt -10.076210 0.107712
vt -10.220580 -1.835053
vt -10.424073 -3.278262
vt -10.693865 -5.163079
vt -10.749203 14.216030
vt -11.363477 14.004538
vt -10.603401 11.043307
vt -11.154707 10.489632
vt -11.197441 9.362741
vt -11.230404 8.700840
vt -10.958960 9.228593
vt -9.857017 5.304551
vt -10.195657 4.263020
vt -9.828847 1.473002
vt -10.009357 -2.909536
vt -10.201597 -4.696779
vt -10.192211 -4.380858
vt -10.637830 -6.113866
vt -11.064907 -9.514998
vt -10.514881 -9.205305
vt -10.551303 15.488765
vt -10.737080 13.364246
vt -9.996219 5.961183
vt -10.637096 5.969881
vt -9.763803 4.512756
vt -10.138176 3.686066
vt -9.831714 3.967996
vt -9.808417 2.843106
vt -9.747077 -1.707618
vt -9.717578 -0.361802
vt -10.818556 -7.248544
vt -10.576969 -6.645274
vt -10.493062 -10.097957
vt -11.649976 -14.388084
vt -10.591366 -14.386110
vt -10.240687 11.763336
vt -10.556170 9.880693
vt -10.697661 8.253651
vt -10.049515 9.568588
vt -10.520473 9.276256
vt -10.270330 7.222808
vt -10.131823 7.661207
vt -11.065817 7.894557
vt -9.431993 5.800858
vt -9.511105 3.101934
vt -9.455328 2.079388
vt -9.795851 0.593761
vt -9.386156 1.026214
vt -9.509406 -1.281243
vt -9.384332 -0.134610
vt -9.809181 -3.374796
vt -9.474251 -2.847197
vt -10.093390 -6.006312
vt -10.846068 -8.433993
vt -10.938213 -7.875652
vt -10.744266 -10.810235
vt -11.678040 -12.435843
vt -10.644715 -12.354235
vt -11.772535 -11.747978
vt -9.719799 14.287527
vt -10.089846 10.674391
vt -10.209944 8.807522
vt -9.936625 8.072035
vt -9.049583 5.297220
vt -9.469405 3.976867
vt -8.803503 3.841001
vt -8.858324 -2.093457
vt -9.059606 -1.293190
vt -10.395812 -8.108337
vt -10.145405 -6.821230
vt -10.598349 -8.896202
vt -10.333813 -8.753094
vt -9.676787 -9.952898
vt -9.851091 15.483009
vt -9.640342 11.149032
vt -10.364239 9.665628
vt -10.212318 10.103555
vt -9.853415 8.679759
vt -9.769899 7.126163
vt -9.513348 7.353314
vt -9.096482 6.036646
vt -8.765911 5.760289
vt -9.003131 2.829557
vt -9.008799 1.776377
vt -9.161413 -3.373847
vt -8.689393 -2.923414
vt -9.744132 -5.953058
vt -9.542366 -6.229406
vt -9.238647 -4.894516
vt -9.956477 -7.130579
vt -10.074363 -8.401252
vt -9.545575 -11.000441
vt -9.444642 -10.507988
vt -9.644662 -12.868007
vt -9.402324 -12.211182
vt -10.791901 -13.114256
vt -9.850657 -14.381058
vt -9.371981 -13.422998
vt -9.649884 12.586273
vt -9.328174 13.429889
vt -9.443149 11.764698
vt -9.753922 10.633106
vt -9.298460 4.462039
vt -8.424584 4.504164
vt -8.776638 2.373316
vt -8.733953 3.249858
vt -9.009365 -0.556494
vt -8.778424 -0.733608
vt -8.760221 1.122267
vt -8.775844 -1.540640
vt -9.589963 -7.487182
vt -9.275014 -6.764589
vt -10.057543 -9.403647
vt -9.947289 -9.131734
vt -9.388329 11.095187
vt -9.998774 10.105423
vt -9.700037 10.288409
vt -9.201077 7.824759
vt -9.027946 8.196209
vt -9.443521 8.603048
vt -8.679889 6.135367
vt -8.242009 7.159581
vt -9.022624 7.296362
vt -7.896938 5.597624
vt -8.492283 3.266046
vt -8.384656 4.017592
vt -8.520984 2.605227
vt -8.545877 -0.963870
vt -8.507403 -2.157403
vt -8.348491 -3.405562
vt -8.296681 -3.078748
vt -9.323189 -9.030629
vt -9.693786 -8.202150
vt -9.520218 -9.658207
vt -8.974250 13.964957
vt -9.160522 12.431417
vt -9.143106 11.494028
vt -9.194276 10.263239
vt -9.172514 10.541484
vt -8.800881 8.679587
vt -8.049350 4.845593
vt -8.111798 4.306486
vt -8.222979 3.455088
vt -8.121664 2.877882
vt -8.528069 0.937077
vt -8.303693 0.449211
vt -8.233351 -2.084594
vt -8.219685 -2.733891
vt -8.767815 -4.990683
vt -7.662834 -5.298674
vt -7.616866 -4.814710
vt -9.004582 -6.189239
vt -7.688626 -6.041286
vt -9.111540 -7.147493
vt -7.733781 -6.345477
vt -9.307601 -10.202013
vt -8.985540 -12.500084
vt -8.632659 14.135911
vt -9.510274 15.465746
vt -8.752338 13.427073
vt -8.831675 12.135510
vt -9.192743 10.782983
vt -9.022449 11.304388
vt -7.668933 7.394250
vt -7.339975 7.690327
vt -7.640602 6.473476
vt -7.634620 6.012791
vt -7.881552 4.331346
vt -8.065020 -0.097731
vt -7.896068 1.442475
vt -7.967809 -2.663546
vt -7.848402 -4.371563
vt -7.921148 -3.649985
vt -8.857501 -7.752108
vt -7.414728 -6.643119
vt -9.107229 -9.866355
vt -8.961594 -10.536807
vt -9.057460 -11.258177
vt -9.120333 -14.323416
vt -8.680285 -12.998370
vt -8.617600 10.693802
vt -7.322420 7.980332
vt -7.388639 6.927150
vt -7.638842 4.414119
vt -7.943748 -3.246441
vt -7.699060 -3.061325
vt -7.693182 -3.538795
vt -7.652300 -3.973660
vt -9.392786 -9.197489
vt -8.666311 -9.735396
vt -8.440006 -9.608607
vt -8.661729 -10.096808
vt -8.489418 -12.282743
vt -8.347548 13.494202
vt -8.599762 11.780951
vt -8.491449 12.471834
vt -8.885878 10.059842
vt -8.254497 10.372246
vt -8.557171 9.539508
vt -8.111461 9.814536
vt -7.281525 8.472173
vt -7.313569 6.008184
vt -7.678291 4.874399
vt -7.459908 5.047587
vt -7.407267 4.671443
vt -7.395567 -3.462684
vt -7.808572 -0.028275
vt -7.453184 -3.808283
vt -7.405612 -4.294412
vt -8.383538 -8.632353
vt -7.333317 -7.433560
vt -8.765086 -10.557981
vt -8.533639 -10.726702
vt -8.667279 -11.331707
vt -8.180492 -14.158820
vt -8.124300 -12.959360
vt -8.583187 11.099898
vt -7.915005 11.637572
vt -8.283316 11.828590
vt -7.995965 11.031953
vt -6.953055 7.087650
vt -7.104212 6.119909
vt -7.263617 5.161534
vt -7.469058 1.338619
vt -7.101320 4.849488
vt -7.100391 -3.856030
vt -7.207505 -4.098091
vt -7.217199 -5.139252
vt -7.154040 -4.626593
vt -7.105918 -6.075282
vt -8.129321 -11.390786
vt -7.933687 -12.684006
vt -7.744347 10.572640
vt -6.849441 9.875465
vt -7.017879 8.886402
vt -6.820247 7.664593
vt -6.990756 5.274119
vt -6.943985 -4.703107
vt -7.912275 -9.018332
vt -6.867115 -7.692546
vt -8.084562 -10.129431
vt -8.111005 -9.502228
vt -7.778350 -12.284870
vt -7.723676 -14.083359
vt -7.597262 -13.714172
vt -8.089598 12.472770
vt -7.810619 12.014477
vt -7.500566 12.628157
vt -6.712758 10.701611
vt -6.604063 8.231318
vt -6.872229 8.280924
vt -6.540585 7.305610
vt -6.929932 5.942205
vt -6.757081 5.749300
vt -6.639728 6.818593
vt -6.699900 -4.730872
vt -8.172512 -10.792591
vt -7.599397 -10.936960
vt -7.551658 -10.598746
vt -7.392045 -13.192047
vt -7.634124 13.343835
vt -7.118886 13.850867
vt -7.827598 13.799481
vt -6.899652 10.397412
vt -6.349187 7.763181
vt -6.354410 6.744908
vt -6.584385 -5.625931
vt -6.315838 -5.683196
vt -6.822464 -10.102789
vt -7.118036 -12.454467
vt -7.186003 14.666516
vt -6.365903 14.988035
vt -7.609754 15.159156
vt -6.369776 9.897038
vt -6.524583 8.802235
vt -6.001909 7.221406
vt -6.527430 -6.019990
vt -6.948796 -8.783200
vt -6.715982 -9.131355
vt -6.568144 -8.586432
vt -6.604454 -10.522125
vt -7.382413 -12.128232
vt -6.521528 -11.624223
vt -7.565667 -11.459346
vt -6.062140 -11.798571
vt -5.899126 -12.908757
vt -7.334659 14.250957
vt -5.979958 14.529137
vt -6.798495 13.121397
vt -6.041079 13.083705
vt -7.061187 13.423805
vt -6.887899 11.232569
vt -5.853024 11.484971
vt -7.162998 11.628997
vt -6.114374 10.624694
vt -6.614333 -6.668203
vt -6.418821 -7.185344
vt -5.320696 -7.541698
vt -6.707096 -9.596266
vt -6.160257 -9.757713
vt -6.089822 -9.112158
vt -6.754232 -12.394252
vt -6.606360 -13.933043
vt -6.126183 -13.493354
vt -6.348325 13.541372
vt -5.703558 13.841492
vt -6.322796 8.147324
vt -5.594882 8.745145
vt -6.150774 8.687368
vt -6.249856 -7.604085
vt -6.338984 -10.863928
vt -5.802363 -10.429296
vt -5.630083 -12.509960
vt -5.460921 -11.924303
vt -5.766033 -13.126669
vt -5.747613 14.935591
vt -5.590268 11.763891
vt -6.478809 11.920033
vt -5.727488 9.785945
vt -5.445493 10.378862
vt -4.930980 7.331379
vt -5.124055 -8.002974
vt -5.948196 -8.467390
vt -5.767079 -9.734079
vt -5.235860 -8.995445
vt -6.046749 -11.259782
vt -5.552368 -10.679455
vt -5.648909 12.602037
vt -5.307944 12.999880
vt -3.431368 -7.161701
vt -5.124235 -6.606453
vt -5.460530 -12.782157
vt -5.808863 14.177703
vt -4.592388 14.467496
vt -4.767019 13.505661
vt -5.641359 13.522720
vt -5.529187 12.047113
vt -5.303966 10.996591
vt -5.083534 11.611651
vt -4.653375 9.678471
vt -4.551295 10.285317
vt -3.943838 8.842743
vt -4.418808 9.039771
vt -5.422477 -11.053017
vt -5.002671 -10.573561
vt -4.431061 13.817892
vt -4.873611 11.995584
vt -4.919004 7.795437
vt -3.586933 8.644887
vt -5.482497 7.932356
vt -5.231512 -9.727816
vt -4.573159 -9.814749
vt -4.294615 -9.427355
vt -5.145367 -13.454947
vt -4.401719 -13.102458
vt -4.493721 14.860370
vt -5.158704 14.904744
vt -4.149117 11.024364
vt -4.326628 11.600227
vt -3.999686 10.515775
vt -4.728035 10.846569
vt -3.535777 -7.555457
vt -4.336121 -7.927013
vt -4.587203 -7.482468
vt -3.986391 -8.844624
vt -4.571186 -13.799659
vt -4.542337 -13.408046
vt -3.674372 9.210114
vt -4.095180 -10.078050
vt -4.639383 -11.960820
vt -3.751548 -11.617111
vt -4.828516 -11.707532
vt -4.696663 12.836781
vt -3.653729 12.756882
vt -3.269431 10.242363
vt -3.400266 -8.138599
vt -3.097300 -10.915999
vt -2.985609 -10.491010
vt -3.273202 14.867272
vt -2.845702 11.930128
vt -3.282881 12.397208
vt -3.057544 -7.849679
vt -3.093418 -9.727975
vt -3.336356 -12.468792
vt -2.863823 -11.780176
vt -3.149547 -12.821012
vt -4.472466 -12.784925
vt -3.240437 13.526983
vt -3.002661 13.857580
vt -2.677249 8.932130
vt -2.649154 -10.115993
vt -3.038286 10.822301
vt -2.409475 11.176890
vt -3.378396 8.226011
vt -2.655860 8.660351
vt -0.668565 7.137883
vt -1.945860 14.886478
vt -2.404172 12.362479
vt -2.674613 9.216938
vt -2.529740 10.255251
vt -2.224190 -7.682415
vt -2.370726 -9.245179
vt -2.607546 -8.170766
vt -1.401454 -13.178635
vt -1.252873 14.213011
vt -1.609694 14.529081
vt -1.899914 11.020069
vt -0.994833 -6.264523
vt -3.050505 -9.242593
vt -3.044563 -11.292570
vt -2.376090 -10.948720
vt -2.052469 -13.858911
vt -1.688779 -13.501276
vt -2.562088 12.833841
vt -1.128239 13.568666
vt -2.541294 11.540653
vt -1.765198 11.928487
vt -1.417100 -7.957777
vt -1.749565 -8.265697
vt -1.857684 -10.057593
vt -1.729742 -10.544666
vt -1.673027 -11.001053
vt -0.241193 -12.909313
vt -0.285925 13.897847
vt -1.657075 9.241055
vt -1.655257 -9.269050
vt -2.037408 10.347122
vt -1.523352 10.041918
vt 0.332102 8.764273
vt -1.019766 14.893141
vt -0.744479 13.000142
vt -0.443308 8.379519
vt 0.041046 8.574986
vt -0.774834 7.622249
vt -2.039312 7.954030
vt -1.289454 -10.190833
vt -0.950824 12.413312
vt -1.373397 11.602461
vt -0.358360 -6.685519
vt -0.422829 -7.689578
vt -0.747185 -7.382848
vt -0.815494 11.321928
vt -0.775312 11.847498
vt -0.165213 10.160185
vt -1.167835 10.645196
vt 0.214320 9.121958
vt 0.971185 7.918532
vt -1.085183 -10.861446
vt -0.709674 -10.525556
vt 0.409928 13.121052
vt -0.202936 10.915164
vt -1.028050 -11.461218
vt -0.045839 -10.913664
vt -0.918305 -11.993908
vt -0.319980 -11.807411
vt 0.088408 -12.642430
vt -1.156286 -12.564266
vt -1.116097 -13.878056
vt 0.319227 -13.538046
vt 0.591384 14.510229
vt 0.266142 13.716933
vt -0.020757 12.255048
vt -0.178827 12.760962
vt 0.186010 -10.482141
vt -0.078658 -11.324276
vt 0.385778 -12.177102
vt 0.843809 14.183169
vt 0.462671 9.724066
vt -0.119962 -9.140274
vt 0.533806 -8.263441
vt 0.069801 -8.118635
vt 0.910377 14.855112
vt -0.032522 14.882976
vt 1.073727 13.738749
vt 0.602403 10.384104
vt 0.372468 11.315889
vt 2.541305 7.509255
vt 1.335007 -7.159896
vt 1.255433 -7.486578
vt 0.354564 -10.080112
vt 0.680199 -9.569368
vt -0.160431 -9.849556
vt 0.843027 -13.200158
vt 0.733872 -12.886945
vt 0.734494 12.378434
vt 1.360263 13.158255
vt -0.052127 11.874761
vt 1.236239 11.535767
vt 1.147422 -10.036142
vt 1.061788 -12.571221
vt 1.221374 12.022925
vt 1.262605 10.987534
vt 1.242074 8.577626
vt 1.851670 -6.817261
vt 3.054510 -6.213084
vt 1.782101 -7.596160
vt 1.142574 -12.204432
vt 0.840382 -13.865744
vt 1.388667 -13.546505
vt 1.879704 14.461412
vt 1.135256 8.920021
vt 2.409448 9.893863
vt 1.599671 -12.896746
vt 2.133670 14.804087
vt 2.034788 14.117847
vt 1.949079 12.154724
vt 1.596283 12.570701
vt 2.113024 10.375861
vt 2.598773 -6.513698
vt 2.157201 -9.390319
vt 0.621568 -9.057459
vt 2.862702 13.821303
vt 1.846159 8.055761
vt 2.413198 7.805987
vt 2.567627 -10.256761
vt 2.970942 -9.630185
vt 1.200945 -10.440462
vt 1.049420 -10.941601
vt 1.669938 -11.690230
vt 2.300985 -10.854556
vt 2.296513 -13.118963
vt 2.494395 8.191010
vt 2.759161 -12.218006
vt 2.385365 11.588161
vt 2.729237 12.271200
vt 3.087063 10.611819
vt 1.835405 8.849070
vt 3.014932 8.215216
vt 2.457157 -7.190135
vt 2.512738 -6.842619
vt 2.481349 -11.200089
vt 3.212804 14.088449
vt 3.996838 9.422460
vt 1.713270 -8.119314
vt 3.219740 -7.489850
vt 2.317554 -8.876835
vt 3.895490 -8.489287
vt 3.407772 -9.014399
vt 3.497844 9.975726
vt 3.426901 -6.844762
vt 2.708736 -11.587185
vt 3.208035 -11.031707
vt 3.626767 -11.845027
vt 2.930766 -12.878361
vt 3.099766 -12.626049
vt 2.790813 14.800371
vt 3.141598 14.361477
vt 3.207539 14.825634
vt 3.189152 12.015110
vt 3.398461 12.599200
vt 3.240057 7.236288
vt 3.751516 7.487147
vt 5.628783 6.889378
vt 3.182427 -10.402770
vt 3.578841 -9.658826
vt 3.704581 14.245274
vt 3.887594 10.351849
vt 3.237539 8.519442
vt 3.857261 7.756323
vt 4.201542 8.071091
vt 3.185248 -6.577532
vt 4.233144 -6.247876
vt 3.914981 -7.051892
vt 3.869439 -9.313757
vt 3.909863 -10.184641
vt 4.021455 -11.472524
vt 4.136730 -12.146473
vt 2.964338 13.424923
vt 4.019780 13.183115
vt 4.133089 13.773830
vt 3.230955 11.371450
vt 3.874025 10.770096
vt 4.199468 11.368925
vt 4.449919 -7.932802
vt 3.133575 -10.688239
vt 4.256320 -10.664542
vt 3.159583 -13.858762
vt 3.797698 -13.341221
vt 3.114887 -13.196681
vt 3.574414 -13.914369
vt 4.384387 14.031056
vt 4.414528 11.664030
vt 4.878546 11.908077
vt 4.109242 10.039149
vt 5.268100 7.193614
vt 6.473155 -5.895208
vt 4.375550 14.308946
vt 4.584496 13.085801
vt 4.648538 8.707151
vt 4.804262 7.510160
vt 4.396577 -8.766941
vt 4.851792 -8.360992
vt 4.846542 -9.370084
vt 4.795659 -11.033147
vt 5.055061 -12.110516
vt 4.898339 13.568822
vt 4.852491 9.469845
vt 5.072057 9.909424
vt 4.963327 7.819108
vt 5.044393 -7.428622
vt 5.281702 -9.928351
vt 5.201971 14.468817
vt 5.547768 14.776033
vt 5.557185 10.909029
vt 5.349267 -8.006230
vt 6.026936 -9.337358
vt 5.325672 -10.602453
vt 4.376643 -13.070545
vt 4.928639 -12.874179
vt 4.163090 -12.822567
vt 4.440536 15.010654
vt 5.457535 15.195491
vt 5.391524 8.258703
vt 5.688230 9.142882
vt 6.248209 -9.032622
vt 4.843594 -13.420836
vt 5.404714 -13.164242
vt 5.645545 13.936636
vt 5.688931 11.382872
vt 6.086289 10.508766
vt 6.074470 7.455188
vt 4.957096 -6.899096
vt 5.849046 -6.498691
vt 4.406243 -6.562413
vt 6.620062 -8.724208
vt 6.023134 -9.770443
vt 6.747663 -10.670433
vt 6.088650 15.289067
vt 5.527916 14.205023
vt 6.377603 14.790180
vt 5.152809 12.439932
vt 6.221443 13.198557
vt 6.559301 10.013886
vt 6.212754 8.278968
vt 5.910390 7.825635
vt 6.811518 -6.192578
vt 5.208487 -11.453545
vt 6.492404 -11.140938
vt 6.438263 -8.048813
vt 5.763933 -6.939145
vt 6.662932 -11.745782
vt 6.781896 -12.463434
vt 6.580435 15.338315
vt 6.748434 14.694252
vt 5.925184 13.589722
vt 7.125812 13.326060
vt 6.882273 9.198225
vt 7.044296 9.595172
vt 6.928913 7.166330
vt 6.337183 -7.301610
vt 6.687194 -6.814208
vt 6.486353 -13.969716
vt 7.112889 -13.392318
vt 6.551338 12.727080
vt 6.459680 12.020931
vt 7.522482 12.109119
vt 6.215907 11.106082
vt 7.032687 11.277679
vt 7.187699 10.637500
vt 6.795900 7.724474
vt 7.148101 -6.477290
vt 7.234935 -9.682885
vt 7.614126 -11.146926
vt 7.169596 15.364343
vt 7.523180 13.406173
vt 7.825750 14.023630
vt 7.162613 10.971332
vt 7.549819 9.990596
vt 7.533059 10.286646
vt 7.085901 8.165888
vt 7.491306 -9.315052
vt 7.948783 15.379825
vt 7.600046 11.779070
vt 7.544295 9.165173
vt 7.538652 7.414894
vt 7.213768 -7.901529
vt 7.812000 -7.074691
vt 7.054948 -8.543105
vt 8.028881 -14.439548
vt 7.156609 -14.427564
vt 8.123362 11.191880
vt 7.977027 9.689853
vt 8.260125 4.944617
vt 7.803592 -6.717502
vt 7.904536 -9.047132
vt 7.909416 -12.837219
vt 7.388228 -12.613596
vt 8.350721 10.647282
vt 8.329903 10.871229
vt 8.013527 7.702330
vt 8.655261 7.166461
vt 7.819615 -2.988745
vt 7.850568 2.538121
vt 7.546736 -6.405823
vt 8.003245 -8.649778
vt 7.925940 -10.386029
vt 8.334689 -10.123106
vt 7.234703 -10.017920
vt 8.919956 -11.144563
vt 9.149546 12.080664
vt 8.618562 12.849080
vt 8.381966 10.106283
vt 8.671442 8.072746
vt 8.645634 -6.144272
vt 8.345287 -9.684332
vt 8.542639 -9.468278
vt 8.712258 -13.728945
vt 8.568545 -13.026824
vt 8.858635 14.933497
vt 8.912532 15.393779
vt 8.620626 14.034688
vt 7.802437 11.527691
vt 8.829220 11.689898
vt 8.902435 8.579042
vt 8.776719 7.386813
vt 8.220132 0.810943
vt 8.309333 -3.726526
vt 8.523175 -7.555490
vt 8.736777 -12.320896
vt 8.834257 7.662583
vt 8.418454 0.387776
vt 8.613891 -6.404366
vt 8.603570 -9.114711
vt 8.796675 -10.658440
vt 9.104728 -10.399565
vt 8.992980 -14.452091
vt 8.569078 10.457234
vt 9.027611 10.761217
vt 9.299014 9.449072
vt 8.572062 2.260448
vt 8.676540 4.605203
vt 8.793338 1.461604
vt 8.755603 -1.586849
vt 8.739359 -0.054634
vt 8.692945 -3.377176
vt 8.849755 -7.038610
vt 9.340880 -8.551849
vt 8.476850 -9.896675
vt 8.973098 -9.760695
vt 9.428894 -12.996172
vt 9.405148 13.910780
vt 9.283787 13.313998
vt 9.661290 10.013567
vt 9.099817 8.006427
vt 8.945477 4.849378
vt 8.952258 7.153495
vt 8.764961 2.450164
vt 8.994421 2.679796
vt 9.069302 1.688954
vt 9.081090 0.860249
vt 9.009989 -0.276778
vt 9.164235 -2.062691
vt 8.974680 -2.948007
vt 8.904551 -4.764067
vt 8.922388 -6.312453
vt 8.832822 -6.672280
vt 9.098358 -7.466609
vt 9.506555 -9.125337
vt 9.516764 -10.207036
vt 9.516141 15.433939
vt 9.172457 11.300674
vt 9.883105 11.416644
vt 9.377821 11.156611
vt 9.666622 11.127672
vt 9.954689 10.433692
vt 9.348861 8.488224
vt 9.177320 5.218889
vt 9.186675 7.325843
vt 9.252965 2.889741
vt 9.377626 1.379310
vt 9.329561 -0.277774
vt 9.388988 0.536162
vt 9.310760 -1.590843
vt 9.167102 -4.144019
vt 9.160965 -6.322519
vt 9.230102 -7.017867
vt 9.763489 -9.528521
vt 8.862411 -10.829214
vt 9.835717 -10.456883
vt 9.433883 -12.416228
vt 9.555421 -13.526297
vt 9.811075 15.012861
vt 10.002224 15.453455
vt 9.666463 11.643011
vt 10.103331 11.838736
vt 10.094525 10.778994
vt 9.596577 9.235267
vt 9.249349 7.671642
vt 9.588549 8.055155
vt 9.689261 2.249067
vt 9.936200 0.852210
vt 9.665725 -1.391566
vt 9.700656 0.069297
vt 9.659028 -8.452210
vt 10.056486 -9.960266
vt 9.912832 -11.662885
vt 9.823421 -10.707834
vt 9.300787 -14.465840
vt 9.951671 -14.175463
vt 9.758296 -14.492628
vt 9.984510 13.647423
vt 9.899761 12.822639
vt 10.134823 11.308356
vt 10.306849 11.196732
vt 9.799398 8.526984
vt 9.553354 3.393521
vt 9.850496 4.892941
vt 9.548122 5.224942
vt 9.941726 3.279280
vt 10.247866 -0.053865
vt 10.596414 0.591195
vt 9.553227 -2.726009
vt 9.947422 -3.874230
vt 9.941239 -2.315648
vt 9.424758 -4.006327
vt 9.723947 -4.040605
vt 9.634233 -6.396749
vt 9.353394 -6.147995
vt 9.570717 -7.465655
vt 9.860896 -7.135521
vt 10.009122 -8.965489
vt 9.984748 -12.758253
vt 10.077894 -13.494609
vt 10.510577 12.966201
vt 10.469489 11.460416
vt 9.934389 9.214876
vt 10.290752 9.932137
vt 9.949849 6.362753
vt 9.674251 7.385932
vt 10.356999 3.096126
vt 10.358553 -2.085194
vt 9.892163 -5.414010
vt 9.942641 -6.431473
vt 10.307377 -9.516315
vt 10.774239 -11.354020
vt 10.456091 -10.648763
vt 10.266230 -14.497010
vt 10.445773 10.578333
vt 9.841318 7.758839
vt 10.273043 8.221625
vt 11.009339 5.941399
vt 10.609350 4.162955
vt 10.714171 1.754703
vt 10.701935 -0.579711
vt 10.561194 -3.516145
vt 10.714722 -2.045870
vt 10.220255 -6.835521
vt 9.619946 -6.729476
vt 9.945811 -8.245882
vt 10.107453 -7.595900
vt 10.375943 -8.997235
vt 10.279617 -10.425265
vt 10.938037 -10.444000
vt 10.531534 -10.260199
vt 10.544443 -12.108462
vt 10.990626 -14.456833
vt 10.533085 15.444192
vt 10.510438 14.778401
vt 11.244295 15.387055
vt 10.901693 13.585593
vt 10.320319 13.865287
vt 10.746819 11.344122
vt 10.861161 11.029472
vt 11.042488 11.261407
vt 10.282879 9.243179
vt 10.382829 8.712701
vt 10.625231 9.629549
vt 10.321884 7.459399
vt 10.003166 7.410625
vt 10.734646 2.989565
vt 11.053855 3.124847
vt 10.934325 -0.103662
vt 10.963904 1.482130
vt 10.836029 -4.654371
vt 10.927224 -3.688066
vt 10.509124 -5.355247
vt 10.333905 -6.474334
vt 10.918091 -10.248559
vt 11.323455 -10.730839
vt 10.248113 -12.937777
vt 11.014667 -13.313167
vt 11.407086 -13.727430
vt 10.677588 -13.766114
vt 11.277464 14.552351
vt 11.013597 12.431108
vt 11.433964 12.858747
vt 11.269646 11.400419
vt 10.734386 10.585261
vt 11.022058 10.192486
vt 10.837743 9.332358
vt 10.330498 7.838140
vt 11.219659 8.531637
vt 10.939854 4.343936
vt 11.300971 5.113696
vt 11.339434 3.472224
vt 11.166906 -0.003782
vt 11.193893 1.319594
vt 11.052566 -2.017535
vt 11.320753 -1.811234
vt 11.346852 -2.794416
vt 11.189721 -3.649993
vt 10.657537 -9.037788
vt 10.960443 -8.608625
vt 10.418365 -7.744978
vt 11.312506 -10.422819
vt 11.595706 11.961650
vt 11.855832 12.708770
vt 11.552823 10.563841
vt 11.305874 9.059673
vt 10.926059 8.864683
vt 10.855384 6.237489
vt 11.126663 7.605320
vt 11.514236 4.560072
vt 11.425704 1.051552
vt 11.459593 -0.536159
vt 11.520656 -3.878233
vt 11.431471 -4.494006
vt 11.481388 -5.695112
vt 11.057115 -6.564170
vt 11.426566 -6.599520
vt 11.047357 -7.996238
vt 11.351219 -7.481293
vt 10.288717 -7.133372
vt 11.858593 -10.755490
vt 12.134216 -14.339583
vt 11.932726 13.397688
vt 11.824819 10.887191
vt 11.527476 11.671247
vt 11.484371 9.386748
vt 11.628710 9.990343
vt 11.532844 6.418351
vt 11.238605 5.718942
vt 11.748912 5.608646
vt 11.705294 -0.260951
vt 11.327215 -7.078869
vt 10.866394 -9.899804
vt 11.463108 -9.289141
vt 11.043620 -9.165594
vt 11.779163 -12.455109
vt 12.041843 -12.131649
vt 11.301945 -11.592477
vt 12.319559 13.309319
vt 12.598368 14.435517
vt 12.329092 11.967940
vt 12.565766 12.678358
vt 12.375079 11.304950
vt 11.914824 10.321383
vt 11.761193 9.102587
vt 11.794068 4.452348
vt 12.032793 5.067621
vt 12.016128 3.355118
vt 12.250696 4.130007
vt 11.949183 0.877001
vt 11.685812 1.158169
vt 12.000398 -2.296180
vt 12.133228 -0.764923
vt 11.737492 -3.315081
vt 11.871496 -4.200263
vt 12.124922 -3.131077
vt 11.866119 -5.654978
vt 11.786656 -6.951717
vt 11.817290 -8.604777
vt 11.704212 -8.015826
vt 11.704720 -9.618737
vt 11.988346 -9.121890
vt 12.598286 -13.350750
vt 12.813351 -14.246876
vt 12.487830 10.894256
vt 12.148563 9.316107
vt 11.852567 6.730512
vt 12.159258 6.878252
vt 11.767539 7.999473
vt 12.386274 4.733289
vt 12.557943 3.114040
vt 12.413880 2.124845
vt 12.573552 0.468102
vt 12.612023 -2.175201
vt 12.583517 -3.252605
vt 12.219513 -3.876527
vt 12.190949 -5.707508
vt 12.102763 -7.281875
vt 11.745014 -7.535590
vt 12.240652 -8.171101
vt 11.873892 -10.113386
vt 12.383437 -9.904165
vt 12.628403 -10.389762
vt 12.185350 -11.004489
vt 12.088370 -11.639971
vt 12.722191 -11.795498
vt 13.147938 -12.513621
vt 13.168880 13.222246
vt 13.269355 14.057689
vt 13.127913 12.182492
vt 12.515488 9.140365
vt 12.088744 8.558085
vt 12.081001 8.123117
vt 12.533077 8.459572
vt 12.593252 7.115615
vt 12.686890 5.541031
vt 12.358489 6.246140
vt 12.870034 4.265416
vt 13.044900 -0.560235
vt 12.841132 -4.209865
vt 13.070814 -3.566302
vt 12.551570 -5.195967
vt 12.465412 -6.126086
vt 12.439712 -7.513431
vt 13.174913 11.295506
vt 12.841722 4.672587
vt 13.485675 5.210137
vt 13.482994 2.509919
vt 13.007572 3.508628
vt 13.358912 -1.702339
vt 13.190808 -6.295600
vt 13.208656 -5.531594
vt 12.942486 -7.770605
vt 12.966401 -8.448927
vt 12.329709 -9.298435
vt 13.049342 -9.063437
vt 13.013577 -10.042338
vt 13.491007 -13.369430
vt 13.260224 -14.184879
vt 13.629861 14.088425
vt 13.882642 12.756583
vt 14.274776 13.418443
vt 13.673424 12.221018
vt 12.866948 9.912612
vt 13.621375 10.007559
vt 13.171676 8.827358
vt 13.029996 9.413106
vt 13.715446 4.696640
vt 13.060858 1.545350
vt 12.882929 0.599274
vt 13.674229 0.489623
vt 13.654882 -0.905555
vt 14.067122 -3.208365
vt 12.988109 -11.152822
vt 13.541717 -11.132691
vt 13.664867 -12.972510
vt 13.537701 9.057838
vt 13.857799 6.214572
vt 14.061446 3.831613
vt 14.367497 4.410750
vt 14.320210 3.158738
vt 13.802209 1.549815
vt 13.268371 -2.708096
vt 14.191943 -2.231334
vt 13.609698 -4.193962
vt 14.099604 -3.690627
vt 13.913887 -4.988986
vt 14.070123 -7.559646
vt 14.173452 -6.756038
vt 13.616424 -8.374659
vt 13.661994 -10.295352
vt 13.840656 -9.412580
vt 14.396592 -12.948870
vt 14.365618 -12.355732
vt 13.881984 -14.095736
vt 13.365851 7.563327
vt 14.286014 7.736332
vt 14.290144 5.696483
vt 14.536836 4.951186
vt 14.094311 -0.709440
vt 14.561820 -1.377762
vt 14.408512 -4.648408
vt 14.311092 -5.696486
vt 14.114430 -11.134514
vt 13.823808 -11.698408
vt 14.164431 14.126384
vt 14.762566 14.916999
vt 13.783577 15.071186
vt 14.322661 12.528282
vt 14.559384 13.136178
vt 13.959090 11.635094
vt 14.007847 10.450658
vt 15.322131 11.094324
vt 14.662344 10.343558
vt 14.455860 9.728687
vt 14.517905 8.518787
vt 14.418763 6.712549
vt 13.879834 6.823614
vt 15.263021 2.656968
vt 14.808858 1.947999
vt 14.544985 -4.242654
vt 14.560819 -5.444370
vt 14.157954 -8.750095
vt 14.609303 -7.932589
vt 14.699691 -10.053866
vt 14.608038 -11.941232
vt 14.866074 -13.937875
vt 15.319732 11.575183
vt 15.361149 8.902320
vt 14.032913 9.351108
vt 14.976625 6.938834
vt 14.848664 6.051408
vt 15.284621 -2.417369
vt 15.333774 -3.297173
vt 15.355813 -3.786583
vt 14.800372 -9.339237
vt 14.791458 -8.805756
vt 15.330765 -11.210213
vt 15.322015 -10.610640
vt 15.385687 14.826088
vt 15.326762 12.248208
vt 15.380979 7.865972
vt 15.370865 8.377056
vt 15.349333 4.786826
vt 15.364174 5.309526
vt 15.328463 4.299719
vt 15.277671 2.271631
vt 15.371670 -4.293898
vt 15.395967 -6.300359
vt 15.375216 -7.421023
vt 15.341602 10.036170
vt 15.376312 6.036241
vt 15.388314 7.046716
vt 15.266566 3.129185
vt 14.897600 0.983027
vt 15.346715 1.058861
vt 15.316751 1.631130
vt 14.859847 -0.030422
vt 15.348109 -0.054601
vt 15.359739 0.501523
vt 15.304503 -0.886373
vt 15.269253 -1.999934
vt 15.267606 -1.659082
vt 15.389968 -5.368758
vt 14.965220 -5.114939
vt 15.327206 -9.927426
vt 15.360417 -12.318643
vt 15.395967 -13.861590
vt -14.219572 14.491915
vt -14.123709 7.193576
vt -14.044401 6.549626
vt -14.159883 7.729953
vt -13.441526 4.198056
vt -13.433687 -3.127826
vt -13.952660 -5.057703
vt -14.377942 -11.289231
vt -14.372386 -11.607975
vt -14.104855 -14.352084
vt -10.930764 7.239091
vt -11.436447 -12.836010
vt -9.593364 -4.300466
vt -9.785450 -4.816183
vt -9.009999 -4.197001
vt -8.892027 -4.563231
vt -9.519264 -9.409767
vt -9.543278 -14.366579
vt -9.094705 15.417069
vt -7.906030 4.757317
vt -8.886176 -8.842075
vt -8.759887 11.245686
vt -7.278522 -7.010153
vt -8.119339 15.242878
vt -8.099948 14.172520
vt -6.935458 -6.656127
vt -6.834134 -5.977396
vt -6.656575 -7.236729
vt -6.475656 12.410431
vt -6.355258 -6.411760
vt -5.997202 -13.873865
vt -5.265053 -13.837299
vt -4.434472 14.140102
vt -4.887799 -10.950884
vt -4.585625 -12.477156
vt -3.349110 -13.823323
vt -0.100021 -13.880753
vt 0.720507 -11.646775
vt 2.642228 11.124541
vt 1.813926 -13.835162
vt 2.703563 12.779559
vt 2.516820 -13.826371
vt 3.166727 11.675319
vt 3.041859 -13.469714
vt 2.865692 -13.837824
vt 3.556378 14.866124
vt 5.734983 -10.204335
vt 4.471203 -14.072883
vt 5.402788 -14.252357
vt 6.035111 -14.349039
vt 6.982271 -10.327812
vt 6.556638 11.604660
vt 6.553294 -14.403275
vt 7.763786 -10.799226
vt 9.212699 -6.679229
vt 9.446325 7.094687
vt 10.023341 14.276468
vt 10.329539 14.253059
vt 10.471422 11.632055
vt 10.622926 -9.670196
vt 11.286862 8.070191
vt 12.138751 15.294425
vt 11.632309 3.399566
vt 11.614983 -2.319002
vt 11.399862 -8.037834
vt 11.422414 7.679496
vt 11.749128 8.514249
vt 12.819167 15.202457
vt 13.966550 0.533853
vt 15.388186 -6.879397
vt 15.281198 -1.272228
vt 15.351712 -8.701188
vt 15.353075 13.319664
s 0
usemtl Grass
f 4/1/1 44/2/1 3/3/1
f 5/4/2 44/2/2 4/1/2
f 7/5/3 45/6/3 6/7/3
f 15/8/4 64/9/4 47/10/4
f 45/6/5 7/5/5 8/11/5 63/12/5
f 16/13/6 64/9/6 15/8/6
f 17/14/7 48/15/7 16/13/7
f 20/16/8 50/17/8 19/18/8
f 21/19/9 52/20/9 51/21/9
f 23/22/10 53/23/10 22/24/10
f 28/25/11 55/26/11 54/27/11
f 29/28/12 56/29/12 55/26/12
f 30/30/13 70/31/13 58/32/13
f 30/30/14 31/33/14 70/31/14
f 36/34/15 71/35/15 87/36/15
f 37/37/16 59/38/16 71/35/16
f 40/39/17 89/40/17 60/41/17
f 42/42/18 43/43/18 130/44/18
f 44/2/19 62/45/19 2/46/19
f 45/6/20 73/47/20 5/4/20
f 10/48/21 11/49/21 75/50/21
f 48/15/22 49/51/22 64/9/22
f 53/23/23 66/52/23 65/53/23
f 23/22/24 66/52/24 53/23/24
f 24/54/25 67/55/25 23/22/25
f 25/56/26 67/55/26 24/54/26
f 26/57/27 68/58/27 67/55/27
f 32/59/28 86/60/28 31/33/28
f 34/61/29 98/62/29 33/63/29
f 63/12/30 74/64/30 45/6/30
f 9/65/31 75/50/31 102/66/31
f 11/49/32 46/67/32 75/50/32
f 64/9/33 106/68/33 46/67/33
f 51/21/34 80/69/34 50/17/34
f 65/53/35 82/70/35 81/71/35
f 65/53/36 66/52/36 82/70/36
f 67/55/37 84/72/37 83/73/37
f 55/26/38 95/74/38 114/75/38
f 55/26/39 69/76/39 95/74/39
f 70/31/40 86/60/40 85/77/40
f 98/62/41 97/78/41 32/59/41
f 60/41/42 119/79/42 88/80/42
f 60/41/43 89/40/43 119/79/43
f 73/47/44 100/81/44 62/45/44
f 74/64/45 132/82/45 45/6/45
f 9/65/46 102/66/46 63/12/46
f 75/50/47 90/83/47 102/66/47
f 106/68/48 105/84/48 46/67/48
f 78/85/49 108/86/49 77/87/49
f 65/53/50 92/88/50 91/89/50
f 81/71/51 92/88/51 65/53/51
f 66/52/52 83/73/52 93/90/52
f 68/58/53 114/75/53 94/91/53
f 69/76/54 126/92/54 95/74/54
f 69/76/55 85/77/55 126/92/55
f 35/93/56 145/94/56 129/95/56
f 87/36/57 116/96/57 145/94/57
f 71/35/58 88/80/58 117/97/58
f 61/98/59 99/99/59 89/40/59
f 73/47/60 101/100/60 100/81/60
f 102/66/61 121/101/61 63/12/61
f 102/66/62 90/83/62 103/102/62
f 76/103/63 107/104/63 106/68/63
f 79/105/64 109/106/64 78/85/64
f 91/89/65 110/107/65 80/69/65
f 92/88/66 110/107/66 91/89/66
f 82/70/67 112/108/67 81/71/67
f 82/70/68 93/90/68 139/109/68
f 95/74/69 126/92/69 114/75/69
f 85/77/70 143/110/70 126/92/70
f 85/77/71 96/111/71 143/110/71
f 115/112/72 127/113/72 97/78/72
f 88/80/73 118/114/73 117/97/73
f 89/40/74 99/99/74 119/79/74
f 72/115/75 165/116/75 61/98/75
f 100/81/76 151/117/76 149/118/76
f 101/100/77 120/119/77 100/81/77
f 90/83/78 104/120/78 122/121/78
f 106/68/79 134/122/79 105/84/79
f 107/104/80 134/122/80 106/68/80
f 109/106/81 136/123/81 108/86/81
f 110/107/82 137/124/82 109/106/82
f 92/88/83 111/125/83 110/107/83
f 139/109/84 157/126/84 82/70/84
f 93/90/85 140/127/85 139/109/85
f 113/128/86 124/129/86 123/130/86
f 125/131/87 141/132/87 124/129/87
f 115/112/88 144/133/88 127/113/88
f 98/62/89 129/95/89 128/134/89
f 119/79/90 99/99/90 147/135/90
f 43/43/91 166/136/91 131/137/91
f 149/118/92 166/136/92 43/43/92
f 132/82/93 152/138/93 101/100/93
f 103/102/94 122/121/94 121/101/94
f 137/124/95 155/139/95 136/123/95
f 111/125/96 138/140/96 137/124/96
f 123/130/97 158/141/97 140/127/97
f 124/129/98 141/132/98 158/141/98
f 125/131/99 159/142/99 141/132/99
f 126/92/100 160/143/100 142/144/100
f 96/111/101 161/145/101 143/110/101
f 127/113/102 161/145/102 96/111/102
f 118/114/103 147/135/103 146/146/103
f 151/117/104 150/147/104 149/118/104
f 120/119/105 168/148/105 151/117/105
f 136/123/106 174/149/106 135/150/106
f 137/124/107 156/151/107 155/139/107
f 138/140/108 156/151/108 137/124/108
f 112/108/109 177/152/109 138/140/109
f 139/109/110 180/153/110 179/154/110
f 140/127/111 181/155/111 180/153/111
f 141/132/112 183/156/112 158/141/112
f 142/144/113 184/157/113 159/142/113
f 142/144/114 160/143/114 184/157/114
f 144/133/115 161/145/115 127/113/115
f 117/97/116 146/146/116 116/96/116
f 131/137/117 166/136/117 240/158/117
f 149/118/118 167/159/118 166/136/118
f 149/118/119 150/147/119 167/159/119
f 74/64/120 169/160/120 132/82/120
f 153/161/121 169/160/121 74/64/121
f 133/162/122 154/163/122 170/164/122
f 155/139/123 190/165/123 174/149/123
f 156/151/124 175/166/124 155/139/124
f 157/126/125 193/167/125 177/152/125
f 158/141/126 182/168/126 181/155/126
f 159/142/127 198/169/127 197/170/127
f 160/143/128 185/171/128 184/157/128
f 203/172/129 219/173/129 128/134/129
f 129/95/130 145/94/130 203/172/130
f 240/158/131 239/174/131 131/137/131
f 166/136/132 167/159/132 240/158/132
f 150/147/133 168/148/133 204/175/133
f 174/149/134 207/176/134 173/177/134
f 175/166/135 208/178/135 190/165/135
f 176/179/136 191/180/136 175/166/136
f 177/152/137 192/181/137 176/179/137
f 180/153/138 195/182/138 194/183/138
f 181/155/139 182/168/139 195/182/139
f 184/157/140 185/171/140 198/169/140
f 160/143/141 200/184/141 199/185/141
f 145/94/142 220/186/142 203/172/142
f 145/94/143 116/96/143 220/186/143
f 165/116/144 148/187/144 187/188/144
f 167/159/145 204/175/145 240/158/145
f 152/138/146 222/189/146 120/119/146
f 132/82/147 222/189/147 152/138/147
f 169/160/148 222/189/148 132/82/148
f 133/162/149 170/164/149 205/190/149
f 188/191/150 285/192/150 225/193/150
f 189/194/151 206/195/151 171/196/151
f 190/165/152 228/197/152 207/176/152
f 192/181/153 210/198/153 191/180/153
f 193/167/154 211/199/154 192/181/154
f 178/200/155 212/201/155 193/167/155
f 194/183/156 214/202/156 213/203/156
f 182/168/157 196/204/157 215/205/157
f 185/171/158 199/185/158 218/206/158
f 201/207/159 236/208/159 161/145/159
f 116/96/160 186/209/160 220/186/160
f 163/210/161 237/211/161 162/212/161
f 240/158/162 221/213/162 239/174/162
f 122/121/163 205/190/163 223/214/163
f 188/191/164 265/215/164 285/192/164
f 206/195/165 226/216/165 188/191/165
f 208/178/166 229/217/166 190/165/166
f 209/218/167 210/198/167 244/219/167
f 214/202/168 248/220/168 231/221/168
f 195/182/169 248/220/169 214/202/169
f 215/205/170 248/220/170 195/182/170
f 200/184/171 235/222/171 234/223/171
f 202/224/172 255/225/172 201/207/172
f 220/186/173 280/226/173 203/172/173
f 162/212/174 237/211/174 146/146/174
f 221/213/175 260/227/175 239/174/175
f 204/175/176 222/189/176 240/158/176
f 169/160/177 223/214/177 262/228/177
f 205/190/178 224/229/178 241/230/178
f 226/216/179 309/231/179 265/215/179
f 227/232/180 242/233/180 206/195/180
f 228/197/181 243/234/181 227/232/181
f 229/217/182 268/235/182 228/197/182
f 210/198/183 245/236/183 244/219/183
f 212/201/184 246/237/184 211/199/184
f 232/238/185 249/239/185 215/205/185
f 233/240/186 253/241/186 252/242/186
f 234/223/187 254/243/187 253/241/187
f 235/222/188 278/244/188 254/243/188
f 255/225/189 278/244/189 236/208/189
f 220/186/190 300/245/190 328/246/190
f 257/247/191 301/248/191 238/249/191
f 238/249/192 187/188/192 257/247/192
f 187/188/193 259/250/193 258/251/193
f 240/158/194 261/252/194 282/253/194
f 169/160/195 262/228/195 305/254/195
f 223/214/196 263/255/196 262/228/196
f 230/256/197 269/257/197 229/217/197
f 230/256/198 244/219/198 269/257/198
f 245/236/199 271/258/199 270/259/199
f 247/260/200 273/261/200 272/262/200
f 248/220/201 274/263/201 231/221/201
f 254/243/202 325/264/202 277/265/202
f 256/266/203 279/267/203 255/225/203
f 280/226/204 256/266/204 219/173/204
f 237/211/205 300/245/205 186/209/205
f 262/228/206 263/255/206 283/268/206
f 264/269/207 285/192/207 284/270/207
f 266/271/208 286/272/208 310/273/208
f 287/274/209 312/275/209 267/276/209
f 229/217/210 288/277/210 268/235/210
f 270/259/211 290/278/211 289/279/211
f 270/259/212 291/280/212 290/278/212
f 274/263/213 293/281/213 273/261/213
f 248/220/214 294/282/214 274/263/214
f 296/283/215 295/284/215 249/239/215
f 278/244/216 346/285/216 326/286/216
f 280/226/217 299/287/217 256/266/217
f 282/253/218 303/288/218 221/213/218
f 261/252/219 305/254/219 304/289/219
f 262/228/220 306/290/220 305/254/220
f 262/228/221 283/268/221 306/290/221
f 284/270/222 308/291/222 333/292/222
f 285/192/223 308/291/223 284/270/223
f 286/272/224 334/293/224 310/273/224
f 269/257/225 313/294/225 229/217/225
f 269/257/226 314/295/226 313/294/226
f 289/279/227 315/296/227 314/295/227
f 291/280/228 316/297/228 315/296/228
f 292/298/229 317/299/229 316/297/229
f 293/281/230 317/299/230 292/298/230
f 294/282/231 318/300/231 293/281/231
f 295/284/232 319/301/232 294/282/232
f 275/302/233 322/303/233 321/304/233
f 276/305/234 323/306/234 322/303/234
f 277/265/235 297/307/235 324/308/235
f 328/246/236 327/309/236 280/226/236
f 257/247/237 258/251/237 350/310/237
f 303/288/238 353/311/238 281/312/238
f 282/253/239 304/289/239 330/313/239
f 306/290/240 331/314/240 305/254/240
f 283/268/241 307/315/241 332/316/241
f 311/317/242 335/318/242 286/272/242
f 287/274/243 336/319/243 312/275/243
f 268/235/244 337/320/244 287/274/244
f 288/277/245 337/320/245 268/235/245
f 315/296/246 316/297/246 339/321/246
f 317/299/247 341/322/247 340/323/247
f 318/300/248 341/322/248 317/299/248
f 319/301/249 342/324/249 318/300/249
f 320/325/250 344/326/250 296/283/250
f 297/307/251 366/327/251 345/328/251
f 327/309/252 348/329/252 299/287/252
f 328/246/253 369/330/253 327/309/253
f 328/246/254 349/331/254 369/330/254
f 300/245/255 349/331/255 328/246/255
f 301/248/256 349/331/256 300/245/256
f 258/251/257 329/332/257 351/333/257
f 330/313/258 353/311/258 303/288/258
f 333/292/259 375/334/259 307/315/259
f 335/318/260 358/335/260 334/293/260
f 336/319/261 359/336/261 312/275/261
f 316/297/262 340/323/262 361/337/262
f 343/338/263 363/339/263 342/324/263
f 344/326/264 364/340/264 343/338/264
f 320/325/265 365/341/265 344/326/265
f 347/342/266 386/343/266 406/344/266
f 348/329/267 387/345/267 386/343/267
f 350/310/268 351/333/268 370/346/268
f 330/313/269 372/347/269 353/311/269
f 331/314/270 354/348/270 373/349/270
f 356/350/271 395/351/271 375/334/271
f 357/352/272 396/353/272 356/350/272
f 334/293/273 376/354/273 357/352/273
f 358/335/274 376/354/274 334/293/274
f 337/320/275 377/355/275 336/319/275
f 360/356/276 378/357/276 377/355/276
f 360/356/277 379/358/277 378/357/277
f 363/339/278 381/359/278 362/360/278
f 364/340/279 381/359/279 363/339/279
f 365/341/280 382/361/280 364/340/280
f 321/304/281 383/362/281 365/341/281
f 366/327/282 385/363/282 405/364/282
f 368/365/283 388/366/283 387/345/283
f 369/330/284 388/366/284 368/365/284
f 389/367/285 388/366/285 369/330/285
f 351/333/286 391/368/286 390/369/286
f 374/370/287 411/371/287 394/372/287
f 375/334/288 412/373/288 374/370/288
f 376/354/289 396/353/289 357/352/289
f 359/336/290 397/374/290 311/317/290
f 377/355/291 398/375/291 359/336/291
f 377/355/292 399/376/292 398/375/292
f 379/358/293 380/377/293 400/378/293
f 382/361/294 401/379/294 381/359/294
f 383/362/295 402/380/295 382/361/295
f 384/381/296 403/382/296 383/362/296
f 324/308/297 345/328/297 404/383/297
f 370/346/298 424/384/298 389/367/298
f 370/346/299 390/369/299 449/385/299
f 395/351/300 413/386/300 412/373/300
f 396/353/301 432/387/301 395/351/301
f 376/354/302 414/388/302 396/353/302
f 335/318/303 434/389/303 358/335/303
f 397/374/304 434/389/304 335/318/304
f 399/376/305 400/378/305 437/390/305
f 384/381/306 416/391/306 403/382/306
f 385/363/307 421/392/307 420/393/307
f 406/344/308 423/394/308 422/395/308
f 449/385/309 448/396/309 424/384/309
f 391/368/310 427/397/310 426/398/310
f 393/399/311 410/400/311 430/401/311
f 413/386/312 431/402/312 412/373/312
f 414/388/313 432/387/313 396/353/313
f 434/389/314 459/403/314 433/404/314
f 397/374/315 435/405/315 434/389/315
f 415/406/316 461/407/316 436/408/316
f 415/406/317 437/390/317 461/407/317
f 400/378/318 380/377/318 437/390/318
f 416/391/319 438/409/319 401/379/319
f 407/410/320 445/411/320 444/412/320
f 390/369/321 425/413/321 449/385/321
f 429/414/322 451/415/322 409/416/322
f 432/387/323 457/417/323 413/386/323
f 435/405/324 470/418/324 434/389/324
f 436/408/325 461/407/325 460/419/325
f 437/390/326 380/377/326 461/407/326
f 439/420/327 462/421/327 438/409/327
f 423/394/328 444/412/328 474/422/328
f 448/396/329 449/385/329 465/423/329
f 428/424/330 493/425/330 450/426/330
f 432/387/331 468/427/331 457/417/331
f 458/428/332 468/427/332 432/387/332
f 435/405/333 460/419/333 486/429/333
f 462/421/334 380/377/334 438/409/334
f 440/430/335 462/421/335 439/420/335
f 442/431/336 443/432/336 473/433/336
f 444/412/337 475/434/337 474/422/337
f 447/435/338 477/436/338 446/437/338
f 447/435/339 478/438/339 477/436/339
f 447/435/340 465/423/340 478/438/340
f 425/413/341 479/439/341 449/385/341
f 408/440/342 480/441/342 428/424/342
f 452/442/343 496/443/343 467/444/343
f 456/445/344 482/446/344 455/447/344
f 431/402/345 483/448/345 456/445/345
f 468/427/346 483/448/346 431/402/346
f 441/449/347 472/450/347 509/451/347
f 464/452/348 490/453/348 489/454/348
f 474/422/349 475/434/349 490/453/349
f 479/439/350 491/455/350 465/423/350
f 426/398/351 466/456/351 492/457/351
f 481/458/352 495/459/352 451/415/352
f 469/460/353 507/461/353 485/462/353
f 472/450/354 487/463/354 509/451/354
f 475/434/355 476/464/355 498/465/355
f 491/455/356 499/466/356 520/467/356
f 491/455/357 479/439/357 499/466/357
f 425/413/358 492/457/358 500/468/358
f 480/441/359 514/469/359 493/425/359
f 482/446/360 505/470/360 454/471/360
f 484/472/361 506/473/361 483/448/361
f 460/419/362 539/474/362 486/429/362
f 487/463/363 528/475/363 509/451/363
f 487/463/364 488/476/364 528/475/364
f 489/454/365 511/477/365 510/478/365
f 476/464/366 513/479/366 512/480/366
f 496/443/367 503/481/367 525/482/367
f 551/483/368 380/377/368 462/421/368
f 462/421/369 508/484/369 551/483/369
f 479/439/370 500/468/370 521/485/370
f 480/441/371 494/486/371 524/487/371
f 525/482/372 533/488/372 502/489/372
f 504/490/373 525/482/373 503/481/373
f 515/491/374 535/492/374 505/470/374
f 516/493/375 526/494/375 506/473/375
f 549/495/376 538/496/376 507/461/376
f 488/476/377 510/478/377 528/475/377
f 512/480/378 519/497/378 529/498/378
f 533/488/379 532/499/379 495/459/379
f 504/490/380 547/500/380 525/482/380
f 535/492/381 547/500/381 504/490/381
f 527/501/382 550/502/382 497/503/382
f 518/504/383 540/505/383 558/506/383
f 518/504/384 529/498/384 540/505/384
f 500/468/385 522/507/385 545/508/385
f 524/487/386 561/509/386 530/510/386
f 536/511/387 548/512/387 535/492/387
f 526/494/388 557/513/388 537/514/388
f 508/484/389 552/515/389 551/483/389
f 509/451/390 553/516/390 517/517/390
f 510/478/391 558/506/391 554/518/391
f 522/507/392 546/519/392 556/520/392
f 549/495/393 564/521/393 538/496/393
f 540/505/394 559/522/394 558/506/394
f 542/523/395 566/524/395 541/525/395
f 534/526/396 547/500/396 562/527/396
f 516/493/397 563/528/397 526/494/397
f 460/419/398 380/377/398 539/474/398
f 517/517/399 553/516/399 552/515/399
f 553/516/400 554/518/400 572/529/400
f 529/498/401 560/530/401 565/531/401
f 524/487/402 583/532/402 561/509/402
f 547/500/403 569/533/403 568/534/403
f 548/512/404 569/533/404 547/500/404
f 553/516/405 572/529/405 571/535/405
f 558/506/406 559/522/406 590/536/406
f 542/523/407 574/537/407 573/538/407
f 545/508/408 575/539/408 544/540/408
f 532/499/409 567/541/409 578/542/409
f 550/502/410 580/543/410 549/495/410
f 559/522/411 565/531/411 581/544/411
f 579/545/412 586/546/412 536/511/412
f 570/547/413 588/548/413 550/502/413
f 380/377/414 602/549/414 570/547/414
f 559/522/415 581/544/415 590/536/415
f 583/532/416 524/487/416 615/550/416
f 568/534/417 609/551/417 562/527/417
f 587/552/418 591/553/418 563/528/418
f 571/535/419 613/554/419 552/515/419
f 572/529/420 597/555/420 596/556/420
f 556/520/421 592/557/421 545/508/421
f 524/487/422 577/558/422 594/559/422
f 569/533/423 609/551/423 568/534/423
f 591/553/424 595/560/424 579/545/424
f 551/483/425 612/561/425 380/377/425
f 589/562/426 590/536/426 597/555/426
f 560/530/427 582/563/427 598/564/427
f 593/565/428 599/566/428 556/520/428
f 567/541/429 584/567/429 622/568/429
f 585/569/430 600/570/430 569/533/430
f 596/556/431 603/571/431 571/535/431
f 596/556/432 597/555/432 614/572/432
f 590/536/433 581/544/433 604/573/433
f 565/531/434 598/564/434 605/574/434
f 582/563/435 573/538/435 619/575/435
f 592/557/436 607/576/436 575/539/436
f 578/542/437 622/568/437 608/577/437
f 580/543/438 610/578/438 587/552/438
f 604/573/439 626/579/439 597/555/439
f 601/580/440 610/578/440 624/581/440
f 588/548/441 617/582/441 580/543/441
f 615/550/442 594/559/442 639/583/442
f 584/567/443 616/584/443 622/568/443
f 618/585/444 625/586/444 588/548/444
f 602/549/445 630/587/445 611/588/445
f 605/574/446 635/589/446 604/573/446
f 600/570/447 628/590/447 616/584/447
f 623/591/448 628/590/448 600/570/448
f 613/554/449 631/592/449 612/561/449
f 613/554/450 633/593/450 632/594/450
f 613/554/451 603/571/451 633/593/451
f 629/595/452 640/596/452 623/591/452
f 624/581/453 641/597/453 636/598/453
f 610/578/454 617/582/454 637/599/454
f 630/587/455 660/600/455 611/588/455
f 635/589/456 627/601/456 643/602/456
f 622/568/457 616/584/457 658/603/457
f 629/595/458 652/604/458 640/596/458
f 624/581/459 637/599/459 641/597/459
f 638/605/460 644/606/460 627/601/460
f 620/607/461 645/608/461 638/605/461
f 607/576/462 646/609/462 606/610/462
f 599/566/463 621/611/463 648/612/463
f 594/559/464 577/558/464 649/613/464
f 622/568/465 658/603/465 664/614/465
f 628/590/466 651/615/466 650/616/466
f 644/606/467 662/617/467 643/602/467
f 645/608/468 654/618/468 638/605/468
f 646/609/469 672/619/469 606/610/469
f 608/577/470 657/620/470 577/558/470
f 616/584/471 650/616/471 658/603/471
f 641/597/472 637/599/472 667/621/472
f 634/622/473 677/623/473 653/624/473
f 649/613/474 690/625/474 656/626/474
f 658/603/475 683/627/475 664/614/475
f 652/604/476 666/628/476 665/629/476
f 641/597/477 666/628/477 652/604/477
f 641/597/478 667/621/478 666/628/478
f 618/585/479 660/600/479 625/586/479
f 602/549/480 668/630/480 630/587/480
f 633/593/481 670/631/481 632/594/481
f 653/624/482 676/632/482 633/593/482
f 661/633/483 679/634/483 642/635/483
f 607/576/484 647/636/484 673/637/484
f 675/638/485 692/639/485 658/603/485
f 659/640/486 665/629/486 684/641/486
f 661/633/487 680/642/487 679/634/487
f 646/609/488 673/637/488 682/643/488
f 675/638/489 684/641/489 693/644/489
f 665/629/490 694/645/490 684/641/490
f 665/629/491 666/628/491 694/645/491
f 617/582/492 625/586/492 696/646/492
f 631/592/493 669/647/493 686/648/493
f 677/623/494 687/649/494 676/632/494
f 672/619/495 682/643/495 671/650/495
f 648/612/496 674/651/496 689/652/496
f 657/620/497 691/653/497 649/613/497
f 667/621/498 685/654/498 695/655/498
f 673/637/499 647/636/499 699/656/499
f 691/653/500 719/657/500 690/625/500
f 683/627/501 700/658/501 657/620/501
f 693/644/502 702/659/502 701/660/502
f 666/628/503 695/655/503 704/661/503
f 686/648/504 669/647/504 705/662/504
f 679/634/505 706/663/505 678/664/505
f 680/642/506 706/663/506 679/634/506
f 692/639/507 709/665/507 683/627/507
f 697/666/508 685/654/508 696/646/508
f 668/630/509 712/667/509 660/600/509
f 680/642/510 714/668/510 741/669/510
f 681/670/511 688/671/511 714/668/511
f 707/672/512 715/673/512 688/671/512
f 682/643/513 699/656/513 671/650/513
f 647/636/514 689/652/514 716/674/514
f 685/654/515 697/666/515 723/675/515
f 671/650/516 699/656/516 730/676/516
f 710/677/517 722/678/517 702/659/517
f 694/645/518 704/661/518 735/679/518
f 711/680/519 723/675/519 737/681/519
f 712/667/520 723/675/520 697/666/520
f 669/647/521 717/682/521 724/683/521
f 707/672/522 725/684/522 715/673/522
f 709/665/523 728/685/523 700/658/523
f 685/654/524 711/680/524 773/686/524
f 718/687/525 755/688/525 687/649/525
f 713/689/526 740/690/526 718/687/526
f 706/663/527 756/691/527 713/689/527
f 695/655/528 773/686/528 736/692/528
f 712/667/529 737/681/529 723/675/529
f 724/683/530 717/682/530 739/693/530
f 725/684/531 729/694/531 744/695/531
f 730/676/532 745/696/532 729/694/532
f 746/697/533 758/698/533 730/676/533
f 731/699/534 727/700/534 750/701/534
f 732/702/535 770/703/535 722/678/535
f 698/704/536 753/705/536 668/630/536
f 380/377/537 754/706/537 602/549/537
f 742/707/538 757/708/538 741/669/538
f 727/700/539 728/685/539 768/709/539
f 735/679/540 736/692/540 760/710/540
f 711/680/541 751/711/541 773/686/541
f 737/681/542 752/712/542 761/713/542
f 686/648/543 738/714/543 762/715/543
f 755/688/544 782/716/544 717/682/544
f 757/708/545 775/717/545 741/669/545
f 742/707/546 784/718/546 757/708/546
f 729/694/547 745/696/547 763/719/547
f 758/698/548 764/720/548 730/676/548
f 728/685/549 709/665/549 768/709/549
f 720/721/550 759/722/550 769/723/550
f 734/724/551 772/725/551 778/726/551
f 735/679/552 760/710/552 772/725/552
f 751/711/553 761/713/553 773/686/553
f 740/690/554 774/727/554 755/688/554
f 743/728/555 744/695/555 785/729/555
f 765/730/556 777/731/556 747/732/556
f 766/733/557 777/731/557 765/730/557
f 709/665/558 769/723/558 805/734/558
f 771/735/559 807/736/559 732/702/559
f 736/692/560 773/686/560 779/737/560
f 754/706/561 780/738/561 698/704/561
f 686/648/562 814/739/562 380/377/562
f 768/709/563 805/734/563 786/740/563
f 770/703/564 787/741/564 759/722/564
f 773/686/565 761/713/565 798/742/565
f 780/738/566 789/743/566 753/705/566
f 783/744/567 790/745/567 740/690/567
f 757/708/568 791/746/568 775/717/568
f 744/695/569 763/719/569 792/747/569
f 745/696/570 764/720/570 815/748/570
f 759/722/571 787/741/571 795/749/571
f 779/737/572 797/750/572 796/751/572
f 773/686/573 798/742/573 797/750/573
f 761/713/574 788/752/574 798/742/574
f 774/727/575 809/753/575 782/716/575
f 784/718/576 800/754/576 757/708/576
f 786/740/577 804/755/577 803/756/577
f 786/740/578 805/734/578 804/755/578
f 769/723/579 795/749/579 805/734/579
f 771/735/580 778/726/580 807/736/580
f 772/725/581 760/710/581 808/757/581
f 790/745/582 810/758/582 774/727/582
f 791/746/583 825/759/583 783/744/583
f 785/729/584 792/747/584 811/760/584
f 776/761/585 816/762/585 793/763/585
f 802/764/586 803/756/586 818/765/586
f 798/742/587 813/766/587 836/767/587
f 686/648/588 762/715/588 814/739/588
f 825/759/589 839/768/589 783/744/589
f 794/769/590 829/770/590 776/761/590
f 805/734/591 795/749/591 819/771/591
f 778/726/592 808/757/592 820/772/592
f 779/737/593 796/751/593 821/773/593
f 780/738/594 823/774/594 789/743/594
f 799/775/595 824/776/595 781/777/595
f 839/768/596 855/778/596 790/745/596
f 800/754/597 826/779/597 791/746/597
f 811/760/598 792/747/598 846/780/598
f 818/765/599 803/756/599 841/781/599
f 804/755/600 812/782/600 830/783/600
f 806/784/601 832/785/601 787/741/601
f 797/750/602 836/767/602 835/786/602
f 813/766/603 852/787/603 836/767/603
f 813/766/604 822/788/604 852/787/604
f 762/715/605 824/776/605 837/789/605
f 792/747/606 828/790/606 847/791/606
f 810/758/607 845/792/607 838/793/607
f 855/778/608 845/792/608 810/758/608
f 828/790/609 848/794/609 847/791/609
f 816/762/610 849/795/610 815/748/610
f 829/770/611 849/795/611 816/762/611
f 841/781/612 830/783/612 857/796/612
f 830/783/613 812/782/613 858/797/613
f 831/798/614 832/785/614 859/799/614
f 836/767/615 873/800/615 851/801/615
f 836/767/616 852/787/616 873/800/616
f 754/706/617 853/802/617 780/738/617
f 838/793/618 844/803/618 854/804/618
f 850/805/619 868/806/619 829/770/619
f 832/785/620 842/807/620 859/799/620
f 806/784/621 833/808/621 877/809/621
f 820/772/622 834/810/622 870/811/622
f 821/773/623 835/786/623 861/812/623
f 823/774/624 862/813/624 822/788/624
f 824/776/625 854/804/625 863/814/625
f 826/779/626 865/815/626 825/759/626
f 848/794/627 885/816/627 847/791/627
f 857/796/628 830/783/628 886/817/628
f 812/782/629 887/818/629 869/819/629
f 834/810/630 860/820/630 870/811/630
f 835/786/631 872/821/631 871/822/631
f 835/786/632 851/801/632 872/821/632
f 862/813/633 881/823/633 852/787/633
f 865/815/634 874/824/634 839/768/634
f 858/797/635 869/819/635 876/825/635
f 859/799/636 842/807/636 887/818/636
f 833/808/637 878/826/637 877/809/637
f 873/800/638 881/823/638 880/827/638
f 853/802/639 882/828/639 823/774/639
f 844/803/640 884/829/640 883/830/640
f 864/831/641 884/829/641 845/792/641
f 850/805/642 894/832/642 868/806/642
f 875/833/643 894/832/643 850/805/643
f 842/807/644 877/809/644 887/818/644
f 870/811/645 860/820/645 895/834/645
f 851/801/646 880/827/646 888/835/646
f 380/377/647 920/836/647 754/706/647
f 854/804/648 883/830/648 889/837/648
f 874/824/649 890/838/649 855/778/649
f 868/806/650 905/839/650 893/840/650
f 894/832/651 905/839/651 868/806/651
f 861/812/652 897/841/652 896/842/652
f 861/812/653 871/822/653 897/841/653
f 882/828/654 898/843/654 862/813/654
f 853/802/655 754/706/655 899/844/655
f 910/845/656 909/846/656 380/377/656
f 863/814/657 889/837/657 900/847/657
f 890/838/658 901/848/658 864/831/658
f 891/849/659 904/850/659 866/851/659
f 893/840/660 913/852/660 885/816/660
f 887/818/661 949/853/661 918/854/661
f 872/821/662 888/835/662 907/855/662
f 898/843/663 908/856/663 881/823/663
f 837/789/664 929/857/664 814/739/664
f 902/858/665 911/859/665 874/824/665
f 905/839/666 913/852/666 893/840/666
f 905/839/667 915/860/667 914/861/667
f 894/832/668 915/860/668 905/839/668
f 876/825/669 916/862/669 946/863/669
f 869/819/670 918/854/670 917/864/670
f 878/826/671 879/865/671 925/866/671
f 908/856/672 933/867/672 881/823/672
f 899/844/673 919/868/673 882/828/673
f 920/836/674 899/844/674 754/706/674
f 909/846/675 921/869/675 920/836/675
f 929/857/676 922/870/676 910/845/676
f 837/789/677 900/847/677 929/857/677
f 884/829/678 901/848/678 923/871/678
f 914/861/679 944/872/679 905/839/679
f 919/868/680 926/873/680 898/843/680
f 921/869/681 922/870/681 928/874/681
f 900/847/682 889/837/682 930/875/682
f 911/859/683 931/876/683 890/838/683
f 891/849/684 924/877/684 966/878/684
f 894/832/685 945/879/685 915/860/685
f 897/841/686 906/880/686 932/881/686
f 933/867/687 953/882/687 888/835/687
f 927/883/688 934/884/688 920/836/688
f 928/874/689 936/885/689 927/883/689
f 928/874/690 938/886/690 937/887/690
f 922/870/691 939/888/691 938/886/691
f 929/857/692 939/888/692 922/870/692
f 883/830/693 923/871/693 941/889/693
f 931/876/694 942/890/694 901/848/694
f 903/891/695 943/892/695 902/858/695
f 915/860/696 967/893/696 914/861/696
f 916/862/697 947/894/697 946/863/697
f 918/854/698 949/853/698 948/895/698
f 907/855/699 953/882/699 952/896/699
f 908/856/700 926/873/700 954/897/700
f 934/884/701 956/898/701 955/899/701
f 935/900/702 957/901/702 934/884/702
f 936/885/703 958/902/703 935/900/703
f 937/887/704 959/903/704 936/885/704
f 937/887/705 960/904/705 959/903/705
f 938/886/706 981/905/706 960/904/706
f 938/886/707 961/906/707 981/905/707
f 929/857/708 962/907/708 939/888/708
f 930/875/709 963/908/709 929/857/709
f 940/909/710 963/908/710 930/875/710
f 923/871/711 942/890/711 964/910/711
f 911/859/712 965/911/712 931/876/712
f 904/850/713 987/912/713 903/891/713
f 904/850/714 966/878/714 987/912/714
f 945/879/715 967/893/715 915/860/715
f 946/863/716 947/894/716 968/913/716
f 951/914/717 969/915/717 925/866/717
f 996/916/718 932/881/718 970/917/718
f 906/880/719 952/896/719 971/918/719
f 933/867/720 954/897/720 972/919/720
f 955/899/721 975/920/721 974/921/721
f 957/901/722 976/922/722 956/898/722
f 959/903/723 977/923/723 958/902/723
f 960/904/724 979/924/724 978/925/724
f 960/904/725 980/926/725 979/924/725
f 961/906/726 982/927/726 981/905/726
f 963/908/727 983/928/727 962/907/727
f 964/910/728 985/929/728 941/889/728
f 943/892/729 986/930/729 911/859/729
f 924/877/730 912/931/730 988/932/730
f 944/872/731 989/933/731 913/852/731
f 967/893/732 989/933/732 944/872/732
f 945/879/733 990/934/733 967/893/733
f 968/913/734 993/935/734 1014/936/734
f 950/937/735 995/938/735 949/853/735
f 932/881/736 971/918/736 997/939/736
f 953/882/737 972/919/737 998/940/737
f 954/897/738 973/941/738 999/942/738
f 977/923/739 1002/943/739 976/922/739
f 978/925/740 1003/944/740 977/923/740
f 979/924/741 1005/945/741 1004/946/741
f 965/911/742 1010/947/742 942/890/742
f 987/912/743 1011/948/743 943/892/743
f 913/852/744 1033/949/744 1012/950/744
f 913/852/745 989/933/745 1033/949/745
f 991/951/746 1013/952/746 990/934/746
f 992/953/747 1013/952/747 991/951/747
f 948/895/748 1016/954/748 947/894/748
f 994/955/749 1016/954/749 948/895/749
f 970/917/750 1017/956/750 996/916/750
f 970/917/751 997/939/751 1018/957/751
f 972/919/752 999/942/752 1020/958/752
f 1001/959/753 1041/960/753 1023/961/753
f 1002/943/754 1024/962/754 1001/959/754
f 1004/946/755 1043/963/755 1066/964/755
f 1004/946/756 1005/945/756 1043/963/756
f 1006/965/757 1045/966/757 1025/967/757
f 1007/968/758 1026/969/758 1045/966/758
f 1007/968/759 1027/970/759 1026/969/759
f 983/928/760 1027/970/760 1008/971/760
f 1009/972/761 1029/973/761 985/929/761
f 965/911/762 1031/974/762 1010/947/762
f 986/930/763 1031/974/763 965/911/763
f 989/933/764 1034/975/764 1033/949/764
f 967/893/765 1051/976/765 1034/975/765
f 1013/952/766 1051/976/766 990/934/766
f 994/955/767 1054/977/767 1016/954/767
f 994/955/768 995/938/768 1054/977/768
f 969/915/769 1017/956/769 1039/978/769
f 952/896/770 1019/979/770 1040/980/770
f 1023/961/771 1062/981/771 1022/982/771
f 1041/960/772 1062/981/772 1023/961/772
f 1024/962/773 1042/983/773 1041/960/773
f 1002/943/774 1042/983/774 1024/962/774
f 1003/944/775 1042/983/775 1002/943/775
f 1005/945/776 1044/984/776 1043/963/776
f 1027/970/777 1070/985/777 1045/966/777
f 1027/970/778 1071/986/778 1070/985/778
f 1011/948/779 1046/987/779 986/930/779
f 1012/950/780 1049/988/780 1048/989/780
f 1012/950/781 1033/949/781 1049/988/781
f 1035/990/782 1051/976/782 1013/952/782
f 971/918/783 1040/980/783 1057/991/783
f 999/942/784 1021/992/784 1060/993/784
f 1041/960/785 1106/994/785 1062/981/785
f 1042/983/786 1063/995/786 1041/960/786
f 1003/944/787 1066/964/787 1065/996/787
f 1044/984/788 1067/997/788 1043/963/788
f 1044/984/789 1069/998/789 1068/999/789
f 1029/973/790 1072/1000/790 1028/1001/790
f 1030/1002/791 1073/1003/791 1009/972/791
f 1046/987/792 1074/1004/792 1031/974/792
f 1047/1005/793 1075/1006/793 1032/1007/793
f 1095/1008/794 1049/988/794 1033/949/794
f 1035/990/795 1077/1009/795 1051/976/795
f 1052/1010/796 1036/1011/796 1098/1012/796
f 1054/977/797 1079/1013/797 1053/1014/797
f 1056/1015/798 1121/1016/798 1080/1017/798
f 1058/1018/799 1059/1019/799 1082/1020/799
f 1062/981/800 1104/1021/800 1061/1022/800
f 1064/1023/801 1085/1024/801 1063/995/801
f 1066/964/802 1087/1025/802 1086/1026/802
f 1067/997/803 1087/1025/803 1066/964/803
f 1069/998/804 1113/1027/804 1112/1028/804
f 1070/985/805 1089/1029/805 1113/1027/805
f 1070/985/806 1090/1030/806 1089/1029/806
f 1072/1000/807 1090/1030/807 1071/986/807
f 1075/1006/808 1116/1031/808 1032/1007/808
f 1048/989/809 1117/1032/809 1047/1005/809
f 1050/1033/810 1096/1034/810 1095/1008/810
f 1077/1009/811 1097/1035/811 1076/1036/811
f 1036/1011/812 1078/1037/812 1098/1012/812
f 1054/977/813 1055/1038/813 1099/1039/813
f 1056/1015/814 1080/1017/814 1120/1040/814
f 1081/1041/815 1122/1042/815 1121/1016/815
f 1082/1020/816 1101/1043/816 1122/1042/816
f 1060/993/817 1083/1044/817 1103/1045/817
f 1084/1046/818 1126/1047/818 1106/994/818
f 1085/1024/819 1107/1048/819 1084/1046/819
f 1087/1025/820 1109/1049/820 1108/1050/820
f 1088/1051/821 1110/1052/821 1087/1025/821
f 1088/1051/822 1132/1053/822 1110/1052/822
f 1112/1028/823 1111/1054/823 1132/1053/823
f 1093/1055/824 1115/1056/824 1092/1057/824
f 1075/1006/825 1138/1058/825 1116/1031/825
f 1117/1032/826 1138/1058/826 1075/1006/826
f 1096/1034/810 1097/1035/810 1095/1008/810
f 1079/1013/827 1099/1039/827 1078/1037/827
f 1055/1038/828 1100/1059/828 1119/1060/828
f 1121/1016/829 1144/1061/829 1080/1017/829
f 1101/1043/830 1146/1062/830 1122/1042/830
f 1101/1043/831 1102/1063/831 1146/1062/831
f 1105/1064/832 1124/1065/832 1104/1021/832
f 1107/1048/833 1127/1066/833 1126/1047/833
f 1109/1049/834 1129/1067/834 1108/1050/834
f 1110/1052/835 1130/1068/835 1109/1049/835
f 1111/1054/836 1155/1069/836 1132/1053/836
f 1112/1028/837 1156/1070/837 1155/1069/837
f 1113/1027/838 1157/1071/838 1156/1070/838
f 1089/1029/839 1133/1072/839 1158/1073/839
f 1114/1074/840 1135/1075/840 1091/1076/840
f 1117/1032/841 1139/1077/841 1138/1058/841
f 1077/1009/842 1164/1078/842 1097/1035/842
f 1099/1039/843 1119/1060/843 1142/1079/843
f 1120/1040/844 1169/1080/844 1143/1081/844
f 1080/1017/845 1144/1061/845 1169/1080/845
f 1122/1042/846 1145/1082/846 1171/1083/846
f 1102/1063/847 1103/1045/847 1146/1062/847
f 1105/1064/848 1148/1084/848 1124/1065/848
f 1106/994/849 1148/1084/849 1105/1064/849
f 1125/1085/850 1148/1084/850 1106/994/850
f 1126/1047/851 1176/1086/851 1125/1085/851
f 1130/1068/852 1152/1087/852 1129/1067/852
f 1134/1088/853 1158/1073/853 1133/1072/853
f 1137/1089/854 1160/1090/854 1136/1091/854
f 1140/1092/855 1163/1093/855 1118/1094/855
f 1142/1079/856 1165/1095/856 1191/1096/856
f 1142/1079/857 1119/1060/857 1165/1095/857
f 1100/1059/858 1167/1097/858 1166/1098/858
f 1143/1081/859 1168/1099/859 1167/1097/859
f 1144/1061/860 1170/1100/860 1169/1080/860
f 1145/1082/861 1172/1101/861 1171/1083/861
f 1149/1102/862 1177/1103/862 1176/1086/862
f 1150/1104/863 1178/1105/863 1149/1102/863
f 1152/1087/864 1179/1106/864 1151/1107/864
f 1153/1108/865 1198/1109/865 1152/1087/865
f 1154/1110/866 1181/1111/866 1180/1112/866
f 1156/1070/867 1182/1113/867 1181/1111/867
f 1134/1088/868 1183/1114/868 1158/1073/868
f 1160/1090/869 1186/1115/869 1185/1116/869
f 1161/1117/870 1187/1118/870 1160/1090/870
f 1164/1078/871 1209/1119/871 1140/1092/871
f 1164/1078/872 1190/1120/872 1209/1119/872
f 1169/1080/873 1170/1100/873 1192/1121/873
f 1172/1101/874 1193/1122/874 1171/1083/874
f 1175/1123/875 1196/1124/875 1174/1125/875
f 1178/1105/876 1197/1126/876 1177/1103/876
f 1150/1104/877 1218/1127/877 1178/1105/877
f 1150/1104/878 1219/1128/878 1218/1127/878
f 1198/1109/879 1220/1129/879 1179/1106/879
f 1153/1108/880 1199/1130/880 1198/1109/880
f 1180/1112/881 1199/1130/881 1153/1108/881
f 1180/1112/882 1200/1131/882 1199/1130/882
f 1180/1112/883 1201/1132/883 1200/1131/883
f 1181/1111/884 1202/1133/884 1201/1132/884
f 1183/1114/885 1203/1134/885 1202/1133/885
f 1184/1135/886 1203/1134/886 1183/1114/886
f 1186/1115/887 1187/1118/887 1204/1136/887
f 1162/1137/888 1206/1138/888 1161/1117/888
f 1139/1077/889 1207/1139/889 1162/1137/889
f 1188/1140/890 1207/1139/890 1139/1077/890
f 1189/1141/891 1208/1142/891 1188/1140/891
f 1209/1119/892 1239/1143/892 1163/1093/892
f 1165/1095/893 1211/1144/893 1227/1145/893
f 1167/1097/894 1168/1099/894 1212/1146/894
f 1193/1122/895 1214/1147/895 1170/1100/895
f 1194/1148/896 1214/1147/896 1193/1122/896
f 1195/1149/897 1228/1150/897 1194/1148/897
f 1196/1124/898 1215/1151/898 1195/1149/898
f 1197/1126/899 1249/1152/899 1216/1153/899
f 1178/1105/900 1229/1154/900 1197/1126/900
f 1179/1106/901 1220/1129/901 1219/1128/901
f 1199/1130/902 1232/1155/902 1198/1109/902
f 1201/1132/903 1254/1156/903 1221/1157/903
f 1201/1132/904 1222/1158/904 1254/1156/904
f 1202/1133/905 1223/1159/905 1222/1158/905
f 1203/1134/906 1224/1160/906 1223/1159/906
f 1203/1134/907 1204/1136/907 1224/1160/907
f 1168/1099/908 1192/1121/908 1244/1161/908
f 1217/1162/909 1261/1163/909 1249/1152/909
f 1218/1127/910 1263/1164/910 1230/1165/910
f 1218/1127/911 1219/1128/911 1263/1164/911
f 1198/1109/912 1232/1155/912 1220/1129/912
f 1199/1130/913 1266/1166/913 1232/1155/913
f 1223/1159/914 1235/1167/914 1234/1168/914
f 1223/1159/915 1236/1169/915 1235/1167/915
f 1204/1136/916 1237/1170/916 1236/1169/916
f 1205/1171/917 1238/1172/917 1237/1170/917
f 1207/1139/918 1255/1173/918 1206/1138/918
f 1209/1119/919 1240/1174/919 1239/1143/919
f 1190/1120/920 1226/1175/920 1240/1174/920
f 1211/1144/921 1241/1176/921 1227/1145/921
f 1211/1144/922 1242/1177/922 1309/1178/922
f 1212/1146/923 1243/1179/923 1242/1177/923
f 1212/1146/924 1244/1161/924 1243/1179/924
f 1213/1180/925 1245/1181/925 1192/1121/925
f 1228/1150/926 1247/1182/926 1246/1183/926
f 1229/1154/927 1250/1184/927 1217/1162/927
f 1219/1128/928 1251/1185/928 1263/1164/928
f 1231/1186/929 1252/1187/929 1251/1185/929
f 1232/1155/930 1252/1187/930 1231/1186/930
f 1266/1166/931 1265/1188/931 1232/1155/931
f 1200/1131/932 1221/1157/932 1253/1189/932
f 1222/1158/933 1234/1168/933 1254/1156/933
f 1225/1190/934 1256/1191/934 1207/1139/934
f 1239/1143/935 1240/1174/935 1273/1192/935
f 1247/1182/936 1280/1193/936 1246/1183/936
f 1249/1152/937 1260/1194/937 1216/1153/937
f 1261/1163/938 1260/1194/938 1249/1152/938
f 1262/1195/939 1283/1196/939 1229/1154/939
f 1230/1165/940 1284/1197/940 1262/1195/940
f 1230/1165/941 1263/1164/941 1284/1197/941
f 1251/1185/942 1264/1198/942 1263/1164/942
f 1251/1185/943 1252/1187/943 1264/1198/943
f 1233/1199/944 1267/1200/944 1266/1166/944
f 1254/1156/945 1269/1201/945 1268/1202/945
f 1254/1156/946 1270/1203/946 1269/1201/946
f 1236/1169/947 1288/1204/947 1302/1205/947
f 1236/1169/948 1271/1206/948 1288/1204/948
f 1255/1173/949 1290/1207/949 1289/1208/949
f 1256/1191/950 1290/1207/950 1255/1173/950
f 1273/1192/951 1306/1209/951 1292/1210/951
f 1240/1174/952 1257/1211/952 1273/1192/952
f 1248/1212/953 1281/1213/953 1280/1193/953
f 1261/1163/954 1282/1214/954 1260/1194/954
f 1250/1184/955 1295/1215/955 1261/1163/955
f 1265/1188/956 1286/1216/956 1252/1187/956
f 1266/1166/957 1297/1217/957 1265/1188/957
f 1269/1201/958 1270/1203/958 1300/1218/958
f 1235/1167/959 1302/1205/959 1287/1219/959
f 1256/1191/960 1291/1220/960 1290/1207/960
f 1272/1221/961 1291/1220/961 1256/1191/961
f 1273/1192/962 1257/1211/962 1306/1209/962
f 1275/1222/963 1308/1223/963 1274/1224/963
f 1242/1177/964 1276/1225/964 1310/1226/964
f 1258/1227/965 1276/1225/965 1243/1179/965
f 1277/1228/966 1338/1229/966 1258/1227/966
f 1245/1181/967 1320/1230/967 1277/1228/967
f 1278/1231/968 1320/1230/968 1245/1181/968
f 1281/1213/969 1293/1232/969 1280/1193/969
f 1260/1194/970 1294/1233/970 1259/1234/970
f 1283/1196/971 1295/1215/971 1250/1184/971
f 1263/1164/972 1325/1235/972 1284/1197/972
f 1264/1198/973 1314/1236/973 1263/1164/973
f 1269/1201/974 1300/1218/974 1299/1237/974
f 1270/1203/975 1301/1238/975 1300/1218/975
f 1271/1206/976 1304/1239/976 1303/1240/976
f 1290/1207/977 1291/1220/977 1305/1241/977
f 1292/1210/978 1319/1242/978 1272/1221/978
f 1257/1211/979 1307/1243/979 1306/1209/979
f 1338/1229/980 1311/1244/980 1258/1227/980
f 1293/1232/981 1321/1245/981 1279/1246/981
f 1294/1233/982 1312/1247/982 1259/1234/982
f 1282/1214/983 1313/1248/983 1294/1233/983
f 1253/1189/984 1317/1249/984 1267/1200/984
f 1268/1202/985 1327/1250/985 1253/1189/985
f 1299/1237/986 1328/1251/986 1268/1202/986
f 1304/1239/987 1334/1252/987 1333/1253/987
f 1289/1208/988 1305/1241/988 1334/1252/988
f 1291/1220/989 1355/1254/989 1318/1255/989
f 1291/1220/990 1319/1242/990 1355/1254/990
f 1310/1226/991 1335/1256/991 1309/1178/991
f 1311/1244/992 1337/1257/992 1276/1225/992
f 1323/1258/993 1322/1259/993 1293/1232/993
f 1312/1247/994 1323/1258/994 1281/1213/994
f 1295/1215/995 1342/1260/995 1324/1261/995
f 1295/1215/996 1283/1196/996 1342/1260/996
f 1283/1196/997 1262/1195/997 1343/1262/997
f 1314/1236/998 1345/1263/998 1325/1235/998
f 1300/1218/999 1329/1264/999 1299/1237/999
f 1287/1219/1000 1331/1265/1000 1301/1238/1000
f 1288/1204/1001 1303/1240/1001 1352/1266/1001
f 1276/1225/1002 1337/1257/1002 1310/1226/1002
f 1278/1231/1003 1339/1267/1003 1320/1230/1003
f 1321/1245/1004 1339/1267/1004 1278/1231/1004
f 1313/1248/1005 1341/1268/1005 1340/1269/1005
f 1313/1248/1006 1324/1261/1006 1341/1268/1006
f 1283/1196/1007 1343/1262/1007 1342/1260/1007
f 1262/1195/1008 1344/1270/1008 1343/1262/1008
f 1325/1235/1009 1344/1270/1009 1284/1197/1009
f 1296/1271/1010 1347/1272/1010 1346/1273/1010
f 1315/1274/1011 1349/1275/1011 1348/1276/1011
f 1315/1274/1012 1316/1277/1012 1349/1275/1012
f 1297/1217/1013 1298/1278/1013 1350/1279/1013
f 1301/1238/1014 1351/1280/1014 1330/1281/1014
f 1331/1265/1015 1351/1280/1015 1301/1238/1015
f 1305/1241/1016 1318/1255/1016 1354/1282/1016
f 1319/1242/1017 1356/1283/1017 1355/1254/1017
f 1292/1210/1018 1357/1284/1018 1356/1283/1018
f 42/42/1019 1/1285/1019 43/43/1019
f 1/1285/1020 2/46/1020 62/45/1020
f 3/3/1021 44/2/1021 2/46/1021
f 6/7/1022 45/6/1022 5/4/1022
f 46/67/1023 13/1286/1023 14/1287/1023 47/10/1023
f 8/11/1024 9/65/1024 63/12/1024
f 12/1288/1025 13/1286/1025 46/67/1025
f 48/15/1026 17/14/1026 18/1289/1026 49/51/1026
f 16/13/1027 48/15/1027 64/9/1027
f 49/51/1028 18/1289/1028 19/18/1028 50/17/1028
f 50/17/1029 20/16/1029 21/19/1029 51/21/1029
f 55/26/1030 68/58/1030 27/1290/1030 54/27/1030
f 52/20/1031 22/24/1031 53/23/1031
f 28/25/1032 29/28/1032 55/26/1032
f 35/93/1033 36/34/1033 87/36/1033
f 36/34/1034 37/37/1034 71/35/1034
f 43/43/1035 1/1285/1035 62/45/1035
f 5/4/1036 73/47/1036 44/2/1036
f 9/65/1037 10/48/1037 75/50/1037
f 11/49/1038 12/1288/1038 46/67/1038
f 47/10/1039 64/9/1039 46/67/1039
f 51/21/1040 52/20/1040 65/53/1040
f 52/20/1041 53/23/1041 65/53/1041
f 23/22/1042 67/55/1042 66/52/1042
f 25/56/1043 26/57/1043 67/55/1043
f 26/57/1044 27/1290/1044 68/58/1044
f 70/31/1045 69/76/1045 56/29/1045 57/1291/1045
f 55/26/1046 56/29/1046 69/76/1046
f 77/87/1047 64/9/1047 49/51/1047 78/85/1047
f 57/1291/1048 58/32/1048 70/31/1048
f 31/33/1049 86/60/1049 70/31/1049
f 33/63/1050 98/62/1050 32/59/1050
f 59/38/1051 38/1292/1051 60/41/1051
f 38/1292/1052 39/1293/1052 60/41/1052
f 39/1293/1053 40/39/1053 60/41/1053
f 41/1294/1054 72/115/1054 61/98/1054
f 44/2/1055 73/47/1055 62/45/1055
f 45/6/1056 132/82/1056 73/47/1056
f 64/9/1057 76/103/1057 106/68/1057
f 64/9/1058 77/87/1058 76/103/1058
f 78/85/1059 49/51/1059 50/17/1059 79/105/1059
f 80/69/1060 51/21/1060 65/53/1060 91/89/1060
f 50/17/1061 80/69/1061 79/105/1061
f 117/97/1062 116/96/1062 87/36/1062 71/35/1062
f 66/52/1063 67/55/1063 83/73/1063
f 68/58/1064 55/26/1064 114/75/1064
f 69/76/1065 70/31/1065 85/77/1065
f 32/59/1066 97/78/1066 86/60/1066
f 34/61/1067 35/93/1067 129/95/1067
f 35/93/1068 87/36/1068 145/94/1068
f 71/35/1069 59/38/1069 88/80/1069
f 59/38/1070 60/41/1070 88/80/1070
f 43/43/1071 62/45/1071 149/118/1071
f 75/50/1072 46/67/1072 90/83/1072
f 77/87/1073 108/86/1073 76/103/1073
f 82/70/1074 66/52/1074 93/90/1074
f 84/72/1075 67/55/1075 94/91/1075
f 67/55/1076 68/58/1076 94/91/1076
f 85/77/1077 86/60/1077 96/111/1077
f 86/60/1078 97/78/1078 96/111/1078
f 98/62/1079 115/112/1079 97/78/1079
f 34/61/1080 129/95/1080 98/62/1080
f 105/84/1081 104/120/1081 90/83/1081 46/67/1081
f 88/80/1082 119/79/1082 118/114/1082
f 62/45/1083 100/81/1083 149/118/1083
f 63/12/1084 121/101/1084 74/64/1084
f 109/106/1085 79/105/1085 80/69/1085 110/107/1085
f 76/103/1086 108/86/1086 107/104/1086
f 78/85/1087 109/106/1087 108/86/1087
f 113/128/1088 123/130/1088 84/72/1088 94/91/1088
f 81/71/1089 111/125/1089 92/88/1089
f 81/71/1090 112/108/1090 111/125/1090
f 93/90/1091 83/73/1091 123/130/1091
f 83/73/1092 84/72/1092 123/130/1092
f 125/131/1093 113/128/1093 94/91/1093 114/75/1093
f 142/144/1094 125/131/1094 114/75/1094 126/92/1094
f 97/78/1095 127/113/1095 96/111/1095
f 61/98/1096 165/116/1096 99/99/1096
f 100/81/1097 120/119/1097 151/117/1097
f 73/47/1098 132/82/1098 101/100/1098
f 102/66/1099 103/102/1099 121/101/1099
f 103/102/1100 90/83/1100 122/121/1100
f 108/86/1101 135/150/1101 107/104/1101
f 108/86/1102 136/123/1102 135/150/1102
f 109/106/1103 137/124/1103 136/123/1103
f 110/107/1104 111/125/1104 137/124/1104
f 82/70/1105 157/126/1105 112/108/1105
f 93/90/1106 123/130/1106 140/127/1106
f 113/128/1107 125/131/1107 124/129/1107
f 154/163/1108 104/120/1108 105/84/1108 134/122/1108
f 115/112/1109 98/62/1109 128/134/1109
f 117/97/1110 118/114/1110 146/146/1110
f 118/114/1111 119/79/1111 147/135/1111
f 130/44/1112 43/43/1112 131/137/1112
f 101/100/1113 152/138/1113 120/119/1113
f 121/101/1114 153/161/1114 74/64/1114
f 122/121/1115 104/120/1115 133/162/1115
f 107/104/1116 135/150/1116 134/122/1116
f 111/125/1117 112/108/1117 138/140/1117
f 123/130/1118 124/129/1118 158/141/1118
f 125/131/1119 142/144/1119 159/142/1119
f 126/92/1120 143/110/1120 160/143/1120
f 115/112/1121 128/134/1121 144/133/1121
f 128/134/1122 129/95/1122 203/172/1122
f 72/115/1123 148/187/1123 165/116/1123
f 133/162/1124 104/120/1124 154/163/1124
f 172/1295/1125 134/122/1125 135/150/1125 173/177/1125
f 134/122/1126 172/1295/1126 171/196/1126
f 197/170/1127 183/156/1127 141/132/1127 159/142/1127
f 135/150/1128 174/149/1128 173/177/1128
f 136/123/1129 155/139/1129 174/149/1129
f 138/140/1130 177/152/1130 156/151/1130
f 112/108/1131 157/126/1131 177/152/1131
f 139/109/1132 179/154/1132 157/126/1132
f 139/109/1133 140/127/1133 180/153/1133
f 140/127/1134 158/141/1134 181/155/1134
f 236/208/1135 160/143/1135 143/110/1135 161/145/1135
f 163/210/1136 147/135/1136 99/99/1136 164/1296/1136
f 146/146/1137 147/135/1137 162/212/1137
f 147/135/1138 163/210/1138 162/212/1138
f 225/193/1139 154/163/1139 171/196/1139 188/191/1139
f 99/99/1140 165/116/1140 164/1296/1140
f 150/147/1141 151/117/1141 168/148/1141
f 134/122/1142 171/196/1142 154/163/1142
f 155/139/1143 175/166/1143 190/165/1143
f 156/151/1144 176/179/1144 175/166/1144
f 156/151/1145 177/152/1145 176/179/1145
f 157/126/1146 178/200/1146 193/167/1146
f 157/126/1147 179/154/1147 178/200/1147
f 158/141/1148 183/156/1148 182/168/1148
f 159/142/1149 184/157/1149 198/169/1149
f 128/134/1150 202/224/1150 144/133/1150
f 128/134/1151 219/173/1151 202/224/1151
f 116/96/1152 146/146/1152 186/209/1152
f 167/159/1153 150/147/1153 204/175/1153
f 170/164/1154 154/163/1154 225/193/1154
f 189/194/1155 172/1295/1155 173/177/1155 207/176/1155
f 172/1295/1156 189/194/1156 171/196/1156
f 216/1297/1157 196/204/1157 183/156/1157 197/170/1157
f 174/149/1158 190/165/1158 207/176/1158
f 175/166/1159 191/180/1159 208/178/1159
f 176/179/1160 192/181/1160 191/180/1160
f 177/152/1161 193/167/1161 192/181/1161
f 178/200/1162 179/154/1162 194/183/1162
f 179/154/1163 180/153/1163 194/183/1163
f 180/153/1164 181/155/1164 195/182/1164
f 182/168/1165 183/156/1165 196/204/1165
f 204/175/1166 168/148/1166 120/119/1166 222/189/1166
f 185/171/1167 160/143/1167 199/185/1167
f 160/143/1168 236/208/1168 200/184/1168
f 144/133/1169 201/207/1169 161/145/1169
f 144/133/1170 202/224/1170 201/207/1170
f 165/116/1171 238/249/1171 164/1296/1171
f 165/116/1172 187/188/1172 238/249/1172
f 230/256/1173 208/178/1173 191/180/1173 209/218/1173
f 122/121/1174 133/162/1174 205/190/1174
f 171/196/1175 206/195/1175 188/191/1175
f 213/203/1176 212/201/1176 178/200/1176 194/183/1176
f 191/180/1177 210/198/1177 209/218/1177
f 192/181/1178 211/199/1178 210/198/1178
f 193/167/1179 212/201/1179 211/199/1179
f 217/1298/1180 216/1297/1180 197/170/1180 198/169/1180
f 194/183/1181 195/182/1181 214/202/1181
f 195/182/1182 182/168/1182 215/205/1182
f 218/206/1183 217/1298/1183 198/169/1183 185/171/1183
f 237/211/1184 163/210/1184 164/1296/1184 238/249/1184
f 200/184/1185 236/208/1185 235/222/1185
f 225/193/1186 224/229/1186 205/190/1186 170/164/1186
f 169/160/1187 153/161/1187 223/214/1187
f 153/161/1188 121/101/1188 223/214/1188
f 121/101/1189 122/121/1189 223/214/1189
f 227/232/1190 189/194/1190 207/176/1190 228/197/1190
f 188/191/1191 226/216/1191 265/215/1191
f 189/194/1192 227/232/1192 206/195/1192
f 250/1299/1193 232/238/1193 196/204/1193 216/1297/1193
f 190/165/1194 229/217/1194 228/197/1194
f 208/178/1195 230/256/1195 229/217/1195
f 210/198/1196 211/199/1196 245/236/1196
f 213/203/1197 214/202/1197 231/221/1197
f 215/205/1198 196/204/1198 232/238/1198
f 233/240/1199 252/242/1199 217/1298/1199 218/206/1199
f 216/1297/1200 217/1298/1200 252/242/1200
f 234/223/1201 233/240/1201 218/206/1201 199/185/1201
f 246/237/1202 212/201/1202 213/203/1202 247/260/1202
f 199/185/1203 200/184/1203 234/223/1203
f 201/207/1204 255/225/1204 236/208/1204
f 203/172/1205 280/226/1205 219/173/1205
f 220/186/1206 186/209/1206 300/245/1206
f 186/209/1207 146/146/1207 237/211/1207
f 223/214/1208 205/190/1208 241/230/1208
f 224/229/1209 225/193/1209 285/192/1209
f 206/195/1210 242/233/1210 226/216/1210
f 227/232/1211 243/234/1211 242/233/1211
f 228/197/1212 268/235/1212 243/234/1212
f 230/256/1213 209/218/1213 244/219/1213
f 211/199/1214 246/237/1214 245/236/1214
f 251/1300/1215 250/1299/1215 216/1297/1215 252/242/1215
f 213/203/1216 231/221/1216 247/260/1216
f 215/205/1217 249/239/1217 248/220/1217
f 255/225/1218 202/224/1218 219/173/1218 256/266/1218
f 233/240/1219 234/223/1219 253/241/1219
f 234/223/1220 235/222/1220 254/243/1220
f 235/222/1221 236/208/1221 278/244/1221
f 264/269/1222 263/255/1222 223/214/1222 241/230/1222
f 220/186/1223 328/246/1223 280/226/1223
f 240/158/1224 282/253/1224 221/213/1224
f 240/158/1225 222/189/1225 261/252/1225
f 222/189/1226 169/160/1226 305/254/1226
f 285/192/1227 264/269/1227 241/230/1227 224/229/1227
f 310/273/1228 309/231/1228 226/216/1228 266/271/1228
f 266/271/1229 226/216/1229 242/233/1229 267/276/1229
f 267/276/1230 242/233/1230 243/234/1230 287/274/1230
f 273/261/1231 247/260/1231 231/221/1231 274/263/1231
f 243/234/1232 268/235/1232 287/274/1232
f 244/219/1233 245/236/1233 270/259/1233
f 245/236/1234 246/237/1234 271/258/1234
f 246/237/1235 272/262/1235 271/258/1235
f 246/237/1236 247/260/1236 272/262/1236
f 276/305/1237 275/302/1237 252/242/1237 253/241/1237
f 232/238/1238 296/283/1238 249/239/1238
f 251/1300/1239 252/242/1239 275/302/1239
f 277/265/1240 276/305/1240 253/241/1240 254/243/1240
f 326/286/1241 325/264/1241 254/243/1241 278/244/1241
f 300/245/1242 237/211/1242 238/249/1242 301/248/1242
f 255/225/1243 279/267/1243 278/244/1243
f 308/291/1244 285/192/1244 265/215/1244 309/231/1244
f 257/247/1245 187/188/1245 258/251/1245
f 222/189/1246 305/254/1246 261/252/1246
f 263/255/1247 264/269/1247 284/270/1247
f 291/280/1248 271/258/1248 272/262/1248 292/298/1248
f 269/257/1249 244/219/1249 289/279/1249
f 244/219/1250 270/259/1250 289/279/1250
f 270/259/1251 271/258/1251 291/280/1251
f 292/298/1252 272/262/1252 273/261/1252 293/281/1252
f 294/282/1253 248/220/1253 249/239/1253 295/284/1253
f 274/263/1254 294/282/1254 293/281/1254
f 320/325/1255 296/283/1255 232/238/1255 250/1299/1255
f 347/342/1256 346/285/1256 278/244/1256 279/267/1256
f 277/265/1257 325/264/1257 297/307/1257
f 298/1301/1258 279/267/1258 256/266/1258 299/287/1258
f 279/267/1259 298/1301/1259 347/342/1259
f 281/312/1260 260/227/1260 221/213/1260 303/288/1260
f 258/251/1261 259/250/1261 302/1302/1261
f 333/292/1262 307/315/1262 263/255/1262 284/270/1262
f 282/253/1263 261/252/1263 304/289/1263
f 283/268/1264 263/255/1264 307/315/1264
f 311/317/1265 266/271/1265 267/276/1265 312/275/1265
f 266/271/1266 311/317/1266 286/272/1266
f 321/304/1267 320/325/1267 251/1300/1267 275/302/1267
f 229/217/1268 313/294/1268 288/277/1268
f 269/257/1269 289/279/1269 314/295/1269
f 289/279/1270 290/278/1270 315/296/1270
f 290/278/1271 291/280/1271 315/296/1271
f 291/280/1272 292/298/1272 316/297/1272
f 293/281/1273 318/300/1273 317/299/1273
f 294/282/1274 319/301/1274 318/300/1274
f 250/1299/1275 251/1300/1275 320/325/1275
f 324/308/1276 323/306/1276 276/305/1276 277/265/1276
f 275/302/1277 276/305/1277 322/303/1277
f 356/350/1278 308/291/1278 309/231/1278 357/352/1278
f 297/307/1279 325/264/1279 366/327/1279
f 280/226/1280 327/309/1280 299/287/1280
f 301/248/1281 257/247/1281 350/310/1281
f 258/251/1282 302/1302/1282 329/332/1282
f 281/312/1283 353/311/1283 352/1303/1283
f 303/288/1284 282/253/1284 330/313/1284
f 304/289/1285 305/254/1285 331/314/1285
f 306/290/1286 283/268/1286 332/316/1286
f 357/352/1287 309/231/1287 310/273/1287 334/293/1287
f 339/321/1288 338/1304/1288 313/294/1288 314/295/1288
f 286/272/1289 335/318/1289 334/293/1289
f 287/274/1290 337/320/1290 336/319/1290
f 313/294/1291 338/1304/1291 288/277/1291
f 342/324/1292 319/301/1292 295/284/1292 343/338/1292
f 314/295/1293 315/296/1293 339/321/1293
f 316/297/1294 317/299/1294 340/323/1294
f 318/300/1295 342/324/1295 341/322/1295
f 343/338/1296 295/284/1296 296/283/1296 344/326/1296
f 367/1305/1297 366/327/1297 325/264/1297 326/286/1297
f 324/308/1298 297/307/1298 345/328/1298
f 347/342/1299 298/1301/1299 299/287/1299 348/329/1299
f 326/286/1300 346/285/1300 367/1305/1300
f 355/1306/1301 354/348/1301 306/290/1301 332/316/1301
f 327/309/1302 369/330/1302 348/329/1302
f 301/248/1303 350/310/1303 349/331/1303
f 350/310/1304 258/251/1304 351/333/1304
f 330/313/1305 304/289/1305 331/314/1305
f 306/290/1306 354/348/1306 331/314/1306
f 374/370/1307 355/1306/1307 332/316/1307 307/315/1307
f 375/334/1308 333/292/1308 308/291/1308 356/350/1308
f 307/315/1309 375/334/1309 374/370/1309
f 361/337/1310 360/356/1310 338/1304/1310 339/321/1310
f 312/275/1311 359/336/1311 311/317/1311
f 288/277/1312 360/356/1312 337/320/1312
f 288/277/1313 338/1304/1313 360/356/1313
f 362/360/1314 341/322/1314 342/324/1314 363/339/1314
f 339/321/1315 316/297/1315 361/337/1315
f 340/323/1316 341/322/1316 362/360/1316
f 406/344/1317 367/1305/1317 346/285/1317 347/342/1317
f 343/338/1318 364/340/1318 363/339/1318
f 344/326/1319 365/341/1319 364/340/1319
f 320/325/1320 321/304/1320 365/341/1320
f 345/328/1321 366/327/1321 419/1307/1321
f 387/345/1322 348/329/1322 369/330/1322 368/365/1322
f 347/342/1323 348/329/1323 386/343/1323
f 389/367/1324 349/331/1324 350/310/1324 370/346/1324
f 349/331/1325 389/367/1325 369/330/1325
f 392/1308/1326 352/1303/1326 353/311/1326 371/1309/1326
f 373/349/1327 372/347/1327 330/313/1327 331/314/1327
f 353/311/1328 372/347/1328 371/1309/1328
f 394/372/1329 354/348/1329 355/1306/1329 374/370/1329
f 380/377/1330 379/358/1330 361/337/1330 340/323/1330
f 356/350/1331 396/353/1331 395/351/1331
f 336/319/1332 377/355/1332 359/336/1332
f 337/320/1333 360/356/1333 377/355/1333
f 360/356/1334 361/337/1334 379/358/1334
f 422/395/1335 385/363/1335 367/1305/1335 406/344/1335
f 340/323/1336 362/360/1336 380/377/1336
f 362/360/1337 381/359/1337 380/377/1337
f 364/340/1338 382/361/1338 381/359/1338
f 365/341/1339 383/362/1339 382/361/1339
f 321/304/1340 384/381/1340 383/362/1340
f 321/304/1341 322/303/1341 384/381/1341
f 322/303/1342 323/306/1342 384/381/1342
f 419/1307/1343 366/327/1343 405/364/1343
f 366/327/1344 367/1305/1344 385/363/1344
f 393/399/1345 409/416/1345 372/347/1345 373/349/1345
f 370/346/1346 351/333/1346 390/369/1346
f 351/333/1347 329/332/1347 391/368/1347
f 372/347/1348 409/416/1348 371/1309/1348
f 394/372/1349 393/399/1349 373/349/1349 354/348/1349
f 400/378/1350 399/376/1350 378/357/1350 379/358/1350
f 374/370/1351 412/373/1351 411/371/1351
f 375/334/1352 395/351/1352 412/373/1352
f 311/317/1353 397/374/1353 335/318/1353
f 359/336/1354 398/375/1354 397/374/1354
f 377/355/1355 378/357/1355 399/376/1355
f 423/394/1356 406/344/1356 386/343/1356 387/345/1356
f 381/359/1357 401/379/1357 380/377/1357
f 382/361/1358 402/380/1358 401/379/1358
f 383/362/1359 403/382/1359 402/380/1359
f 384/381/1360 323/306/1360 404/383/1360
f 323/306/1361 324/308/1361 404/383/1361
f 385/363/1362 422/395/1362 421/392/1362
f 407/410/1363 423/394/1363 387/345/1363 388/366/1363
f 407/410/1364 388/366/1364 389/367/1364 424/384/1364
f 450/426/1365 392/1308/1365 371/1309/1365 408/440/1365
f 370/346/1366 449/385/1366 424/384/1366
f 433/404/1367 376/354/1367 358/335/1367 434/389/1367
f 371/1309/1368 409/416/1368 408/440/1368
f 409/416/1369 393/399/1369 429/414/1369
f 393/399/1370 394/372/1370 410/400/1370
f 394/372/1371 411/371/1371 410/400/1371
f 395/351/1372 432/387/1372 413/386/1372
f 437/390/1373 415/406/1373 398/375/1373 399/376/1373
f 398/375/1374 415/406/1374 397/374/1374
f 401/379/1375 402/380/1375 403/382/1375 416/391/1375
f 418/1310/1376 417/1311/1376 404/383/1376 345/328/1376
f 384/381/1377 417/1311/1377 416/391/1377
f 384/381/1378 404/383/1378 417/1311/1378
f 426/398/1379 425/413/1379 390/369/1379 391/368/1379
f 345/328/1380 419/1307/1380 418/1310/1380
f 405/364/1381 385/363/1381 420/393/1381
f 455/447/1382 411/371/1382 412/373/1382 456/445/1382
f 408/440/1383 428/424/1383 450/426/1383
f 429/414/1384 393/399/1384 430/401/1384
f 438/409/1385 416/391/1385 417/1311/1385 439/420/1385
f 412/373/1386 431/402/1386 456/445/1386
f 376/354/1387 433/404/1387 414/388/1387
f 397/374/1388 436/408/1388 435/405/1388
f 397/374/1389 415/406/1389 436/408/1389
f 401/379/1390 438/409/1390 380/377/1390
f 441/449/1391 440/430/1391 417/1311/1391 418/1310/1391
f 417/1311/1392 440/430/1392 439/420/1392
f 463/1312/1393 441/449/1393 418/1310/1393 419/1307/1393
f 420/393/1394 463/1312/1394 419/1307/1394 405/364/1394
f 443/432/1395 442/431/1395 421/392/1395 422/395/1395
f 420/393/1396 421/392/1396 442/431/1396
f 445/411/1397 407/410/1397 424/384/1397 446/437/1397
f 422/395/1398 423/394/1398 474/422/1398
f 423/394/1399 407/410/1399 444/412/1399
f 446/437/1400 424/384/1400 448/396/1400 447/435/1400
f 453/1313/1401 430/401/1401 410/400/1401 454/471/1401
f 409/416/1402 451/415/1402 408/440/1402
f 429/414/1403 452/442/1403 467/444/1403
f 429/414/1404 430/401/1404 452/442/1404
f 454/471/1405 410/400/1405 411/371/1405 455/447/1405
f 458/428/1406 414/388/1406 433/404/1406 459/403/1406
f 413/386/1407 457/417/1407 431/402/1407
f 414/388/1408 458/428/1408 432/387/1408
f 469/460/1409 459/403/1409 434/389/1409 470/418/1409
f 485/462/1410 458/428/1410 459/403/1410 469/460/1410
f 435/405/1411 436/408/1411 460/419/1411
f 440/430/1412 441/449/1412 471/1314/1412
f 441/449/1413 463/1312/1413 472/450/1413
f 420/393/1414 442/431/1414 473/433/1414
f 443/432/1415 422/395/1415 464/452/1415
f 422/395/1416 474/422/1416 464/452/1416
f 447/435/1417 448/396/1417 465/423/1417
f 426/398/1418 427/397/1418 466/456/1418
f 451/415/1419 429/414/1419 467/444/1419
f 457/417/1420 468/427/1420 431/402/1420
f 487/463/1421 472/450/1421 463/1312/1421 420/393/1421
f 488/476/1422 487/463/1422 420/393/1422 473/433/1422
f 476/464/1423 475/434/1423 444/412/1423 445/411/1423
f 477/436/1424 476/464/1424 445/411/1424 446/437/1424
f 484/472/1425 468/427/1425 458/428/1425 485/462/1425
f 449/385/1426 479/439/1426 465/423/1426
f 428/424/1427 480/441/1427 493/425/1427
f 451/415/1428 467/444/1428 481/458/1428
f 467/444/1429 496/443/1429 481/458/1429
f 430/401/1430 453/1313/1430 452/442/1430
f 455/447/1431 482/446/1431 454/471/1431
f 456/445/1432 483/448/1432 482/446/1432
f 497/503/1433 470/418/1433 435/405/1433 486/429/1433
f 489/454/1434 488/476/1434 473/433/1434 443/432/1434
f 461/407/1435 380/377/1435 460/419/1435
f 471/1314/1436 441/449/1436 509/451/1436
f 494/486/1437 408/440/1437 451/415/1437 495/459/1437
f 443/432/1438 464/452/1438 489/454/1438
f 464/452/1439 474/422/1439 490/453/1439
f 476/464/1440 477/436/1440 513/479/1440
f 478/438/1441 465/423/1441 491/455/1441
f 425/413/1442 426/398/1442 492/457/1442
f 408/440/1443 494/486/1443 480/441/1443
f 508/484/1444 462/421/1444 440/430/1444 471/1314/1444
f 452/442/1445 453/1313/1445 496/443/1445
f 468/427/1446 484/472/1446 483/448/1446
f 470/418/1447 497/503/1447 469/460/1447
f 502/489/1448 481/458/1448 496/443/1448 525/482/1448
f 489/454/1449 490/453/1449 511/477/1449
f 490/453/1450 475/434/1450 498/465/1450
f 513/479/1451 477/436/1451 478/438/1451
f 478/438/1452 491/455/1452 520/467/1452
f 479/439/1453 425/413/1453 500/468/1453
f 492/457/1454 466/456/1454 501/1315/1454
f 481/458/1455 502/489/1455 495/459/1455
f 504/490/1456 453/1313/1456 454/471/1456 505/470/1456
f 496/443/1457 453/1313/1457 503/481/1457
f 453/1313/1458 504/490/1458 503/481/1458
f 517/517/1459 508/484/1459 471/1314/1459 509/451/1459
f 483/448/1460 515/491/1460 482/446/1460
f 483/448/1461 506/473/1461 515/491/1461
f 485/462/1462 507/461/1462 484/472/1462
f 549/495/1463 507/461/1463 469/460/1463 497/503/1463
f 488/476/1464 489/454/1464 510/478/1464
f 490/453/1465 498/465/1465 511/477/1465
f 498/465/1466 476/464/1466 512/480/1466
f 482/446/1467 515/491/1467 505/470/1467
f 484/472/1468 516/493/1468 506/473/1468
f 484/472/1469 507/461/1469 516/493/1469
f 527/501/1470 497/503/1470 486/429/1470 539/474/1470
f 512/480/1471 518/504/1471 511/477/1471 498/465/1471
f 510/478/1472 511/477/1472 518/504/1472
f 520/467/1473 519/497/1473 513/479/1473 478/438/1473
f 512/480/1474 513/479/1474 519/497/1474
f 522/507/1475 492/457/1475 501/1315/1475 523/1316/1475
f 499/466/1476 479/439/1476 521/485/1476
f 492/457/1477 522/507/1477 500/468/1477
f 524/487/1478 530/510/1478 514/469/1478 480/441/1478
f 537/514/1479 515/491/1479 506/473/1479 526/494/1479
f 502/489/1480 533/488/1480 495/459/1480
f 505/470/1481 535/492/1481 504/490/1481
f 531/1317/1482 494/486/1482 495/459/1482 532/499/1482
f 509/451/1483 528/475/1483 553/516/1483
f 518/504/1484 512/480/1484 529/498/1484
f 494/486/1485 531/1317/1485 524/487/1485
f 536/511/1486 535/492/1486 515/491/1486 537/514/1486
f 525/482/1487 547/500/1487 534/526/1487
f 541/525/1488 555/1318/1488 519/497/1488 520/467/1488
f 507/461/1489 538/496/1489 516/493/1489
f 497/503/1490 550/502/1490 549/495/1490
f 508/484/1491 517/517/1491 552/515/1491
f 510/478/1492 518/504/1492 558/506/1492
f 529/498/1493 519/497/1493 555/1318/1493
f 542/523/1494 520/467/1494 499/466/1494 543/1319/1494
f 520/467/1495 542/523/1495 541/525/1495
f 544/540/1496 543/1319/1496 499/466/1496 521/485/1496
f 545/508/1497 544/540/1497 521/485/1497 500/468/1497
f 554/518/1498 553/516/1498 528/475/1498 510/478/1498
f 522/507/1499 523/1316/1499 546/519/1499
f 533/488/1500 525/482/1500 534/526/1500
f 535/492/1501 548/512/1501 547/500/1501
f 527/501/1502 539/474/1502 550/502/1502
f 563/528/1503 516/493/1503 538/496/1503 564/521/1503
f 545/508/1504 522/507/1504 556/520/1504
f 537/514/1505 557/513/1505 536/511/1505
f 540/505/1506 529/498/1506 559/522/1506
f 529/498/1507 555/1318/1507 560/530/1507
f 541/525/1508 566/524/1508 555/1318/1508
f 534/526/1509 562/527/1509 533/488/1509
f 526/494/1510 563/528/1510 557/513/1510
f 574/537/1511 543/1319/1511 544/540/1511 575/539/1511
f 539/474/1512 570/547/1512 550/502/1512
f 539/474/1513 380/377/1513 570/547/1513
f 554/518/1514 558/506/1514 590/536/1514
f 559/522/1515 529/498/1515 565/531/1515
f 555/1318/1516 566/524/1516 560/530/1516
f 532/499/1517 533/488/1517 567/541/1517
f 533/488/1518 562/527/1518 567/541/1518
f 547/500/1519 568/534/1519 562/527/1519
f 552/515/1520 553/516/1520 571/535/1520
f 566/524/1521 542/523/1521 573/538/1521
f 542/523/1522 543/1319/1522 574/537/1522
f 578/542/1523 577/558/1523 531/1317/1523 532/499/1523
f 556/520/1524 546/519/1524 576/1320/1524
f 524/487/1525 531/1317/1525 577/558/1525
f 579/545/1526 536/511/1526 557/513/1526 563/528/1526
f 587/552/1527 564/521/1527 549/495/1527 580/543/1527
f 585/569/1528 548/512/1528 536/511/1528 586/546/1528
f 572/529/1529 554/518/1529 589/562/1529
f 554/518/1530 590/536/1530 589/562/1530
f 560/530/1531 566/524/1531 582/563/1531
f 562/527/1532 584/567/1532 567/541/1532
f 548/512/1533 585/569/1533 569/533/1533
f 612/561/1534 551/483/1534 552/515/1534 613/554/1534
f 564/521/1535 587/552/1535 563/528/1535
f 550/502/1536 588/548/1536 580/543/1536
f 562/527/1537 609/551/1537 584/567/1537
f 563/528/1538 591/553/1538 579/545/1538
f 588/548/1539 570/547/1539 611/588/1539
f 606/610/1540 574/537/1540 575/539/1540 607/576/1540
f 572/529/1541 596/556/1541 571/535/1541
f 572/529/1542 589/562/1542 597/555/1542
f 582/563/1543 566/524/1543 573/538/1543
f 545/508/1544 592/557/1544 575/539/1544
f 576/1320/1545 593/565/1545 556/520/1545
f 615/550/1546 524/487/1546 594/559/1546
f 579/545/1547 595/560/1547 586/546/1547
f 570/547/1548 602/549/1548 611/588/1548
f 565/531/1549 560/530/1549 598/564/1549
f 556/520/1550 599/566/1550 592/557/1550
f 578/542/1551 567/541/1551 622/568/1551
f 569/533/1552 600/570/1552 609/551/1552
f 591/553/1553 601/580/1553 595/560/1553
f 591/553/1554 587/552/1554 601/580/1554
f 571/535/1555 603/571/1555 613/554/1555
f 597/555/1556 590/536/1556 604/573/1556
f 581/544/1557 565/531/1557 605/574/1557
f 598/564/1558 582/563/1558 619/575/1558
f 574/537/1559 606/610/1559 573/538/1559
f 623/591/1560 585/569/1560 586/546/1560 595/560/1560
f 577/558/1561 578/542/1561 608/577/1561
f 585/569/1562 623/591/1562 600/570/1562
f 647/636/1563 592/557/1563 599/566/1563 648/612/1563
f 587/552/1564 610/578/1564 601/580/1564
f 603/571/1565 596/556/1565 614/572/1565
f 614/572/1566 597/555/1566 626/579/1566
f 581/544/1567 605/574/1567 604/573/1567
f 605/574/1568 598/564/1568 619/575/1568
f 584/567/1569 609/551/1569 616/584/1569
f 609/551/1570 600/570/1570 616/584/1570
f 595/560/1571 601/580/1571 624/581/1571
f 580/543/1572 617/582/1572 610/578/1572
f 611/588/1573 618/585/1573 588/548/1573
f 573/538/1574 620/607/1574 619/575/1574
f 593/565/1575 621/611/1575 599/566/1575
f 623/591/1576 595/560/1576 636/598/1576
f 595/560/1577 624/581/1577 636/598/1577
f 588/548/1578 625/586/1578 617/582/1578
f 604/573/1579 635/589/1579 626/579/1579
f 605/574/1580 627/601/1580 635/589/1580
f 605/574/1581 619/575/1581 627/601/1581
f 573/538/1582 606/610/1582 620/607/1582
f 623/591/1583 636/598/1583 629/595/1583
f 626/579/1584 634/622/1584 614/572/1584
f 627/601/1585 619/575/1585 638/605/1585
f 619/575/1586 620/607/1586 638/605/1586
f 623/591/1587 640/596/1587 628/590/1587
f 629/595/1588 636/598/1588 652/604/1588
f 624/581/1589 610/578/1589 637/599/1589
f 611/588/1590 660/600/1590 618/585/1590
f 631/592/1591 613/554/1591 632/594/1591
f 614/572/1592 653/624/1592 603/571/1592
f 614/572/1593 634/622/1593 653/624/1593
f 635/589/1594 643/602/1594 642/635/1594
f 635/589/1595 642/635/1595 626/579/1595
f 627/601/1596 644/606/1596 643/602/1596
f 592/557/1597 647/636/1597 607/576/1597
f 649/613/1598 656/626/1598 639/583/1598 594/559/1598
f 659/640/1599 651/615/1599 628/590/1599 640/596/1599
f 608/577/1600 622/568/1600 664/614/1600
f 616/584/1601 628/590/1601 650/616/1601
f 665/629/1602 659/640/1602 640/596/1602 652/604/1602
f 636/598/1603 641/597/1603 652/604/1603
f 603/571/1604 653/624/1604 633/593/1604
f 634/622/1605 626/579/1605 642/635/1605
f 638/605/1606 654/618/1606 644/606/1606
f 606/610/1607 672/619/1607 620/607/1607
f 621/611/1608 655/1321/1608 648/612/1608
f 577/558/1609 657/620/1609 649/613/1609
f 661/633/1610 642/635/1610 643/602/1610 662/617/1610
f 663/1322/1611 645/608/1611 620/607/1611 672/619/1611
f 645/608/1612 663/1322/1612 654/618/1612
f 670/631/1613 669/647/1613 631/592/1613 632/594/1613
f 608/577/1614 664/614/1614 657/620/1614
f 650/616/1615 675/638/1615 658/603/1615
f 650/616/1616 651/615/1616 675/638/1616
f 630/587/1617 668/630/1617 660/600/1617
f 688/671/1618 644/606/1618 654/618/1618 663/1322/1618
f 634/622/1619 642/635/1619 679/634/1619
f 684/641/1620 675/638/1620 651/615/1620 659/640/1620
f 663/1322/1621 672/619/1621 671/650/1621
f 646/609/1622 607/576/1622 673/637/1622
f 648/612/1623 655/1321/1623 674/651/1623
f 680/642/1624 661/633/1624 662/617/1624 681/670/1624
f 667/621/1625 637/599/1625 685/654/1625
f 633/593/1626 676/632/1626 670/631/1626
f 653/624/1627 677/623/1627 676/632/1627
f 634/622/1628 678/664/1628 677/623/1628
f 634/622/1629 679/634/1629 678/664/1629
f 681/670/1630 662/617/1630 644/606/1630 688/671/1630
f 696/646/1631 685/654/1631 637/599/1631 617/582/1631
f 672/619/1632 646/609/1632 682/643/1632
f 664/614/1633 683/627/1633 657/620/1633
f 658/603/1634 692/639/1634 683/627/1634
f 675/638/1635 701/660/1635 692/639/1635
f 675/638/1636 693/644/1636 701/660/1636
f 696/646/1637 625/586/1637 660/600/1637 697/666/1637
f 612/561/1638 631/592/1638 686/648/1638
f 647/636/1639 648/612/1639 689/652/1639
f 649/613/1640 691/653/1640 690/625/1640
f 666/628/1641 667/621/1641 695/655/1641
f 710/677/1642 684/641/1642 694/645/1642 703/1323/1642
f 602/549/1643 698/704/1643 668/630/1643
f 678/664/1644 713/689/1644 677/623/1644
f 682/643/1645 673/637/1645 699/656/1645
f 657/620/1646 700/658/1646 691/653/1646
f 684/641/1647 710/677/1647 693/644/1647
f 717/682/1648 670/631/1648 676/632/1648 687/649/1648
f 694/645/1649 666/628/1649 704/661/1649
f 612/561/1650 686/648/1650 380/377/1650
f 677/623/1651 718/687/1651 687/649/1651
f 678/664/1652 706/663/1652 713/689/1652
f 688/671/1653 663/1322/1653 707/672/1653
f 663/1322/1654 671/650/1654 707/672/1654
f 689/652/1655 674/651/1655 708/1324/1655
f 683/627/1656 709/665/1656 700/658/1656
f 693/644/1657 710/677/1657 702/659/1657
f 660/600/1658 712/667/1658 697/666/1658
f 677/623/1659 713/689/1659 718/687/1659
f 680/642/1660 741/669/1660 706/663/1660
f 680/642/1661 681/670/1661 714/668/1661
f 699/656/1662 647/636/1662 716/674/1662
f 692/639/1663 720/721/1663 709/665/1663
f 711/680/1664 685/654/1664 723/675/1664
f 669/647/1665 670/631/1665 717/682/1665
f 721/1325/1666 720/721/1666 692/639/1666 701/660/1666
f 714/668/1667 688/671/1667 715/673/1667
f 671/650/1668 730/676/1668 707/672/1668
f 722/678/1669 721/1325/1669 701/660/1669 702/659/1669
f 731/699/1670 719/657/1670 691/653/1670 727/700/1670
f 694/645/1671 735/679/1671 703/1323/1671
f 705/662/1672 669/647/1672 724/683/1672
f 689/652/1673 708/1324/1673 726/1326/1673
f 727/700/1674 691/653/1674 700/658/1674 728/685/1674
f 732/702/1675 722/678/1675 710/677/1675 733/1327/1675
f 695/655/1676 685/654/1676 773/686/1676
f 711/680/1677 737/681/1677 751/711/1677
f 687/649/1678 755/688/1678 717/682/1678
f 725/684/1679 707/672/1679 729/694/1679
f 707/672/1680 730/676/1680 729/694/1680
f 699/656/1681 746/697/1681 730/676/1681
f 733/1327/1682 710/677/1682 703/1323/1682 734/724/1682
f 736/692/1683 735/679/1683 704/661/1683 695/655/1683
f 703/1323/1684 735/679/1684 734/724/1684
f 739/693/1685 738/714/1685 705/662/1685 724/683/1685
f 686/648/1686 705/662/1686 738/714/1686
f 743/728/1687 742/707/1687 714/668/1687 715/673/1687
f 718/687/1688 740/690/1688 755/688/1688
f 706/663/1689 741/669/1689 756/691/1689
f 714/668/1690 742/707/1690 741/669/1690
f 744/695/1691 743/728/1691 715/673/1691 725/684/1691
f 746/697/1692 699/656/1692 716/674/1692 747/732/1692
f 748/1328/1693 747/732/1693 716/674/1693 689/652/1693
f 748/1328/1694 689/652/1694 726/1326/1694 749/1329/1694
f 752/712/1695 712/667/1695 668/630/1695 753/705/1695
f 722/678/1696 770/703/1696 721/1325/1696
f 737/681/1697 712/667/1697 752/712/1697
f 768/709/1698 767/1330/1698 750/701/1698 727/700/1698
f 602/549/1699 754/706/1699 698/704/1699
f 713/689/1700 756/691/1700 740/690/1700
f 749/1329/1701 765/730/1701 748/1328/1701
f 778/726/1702 771/735/1702 733/1327/1702 734/724/1702
f 720/721/1703 721/1325/1703 759/722/1703
f 734/724/1704 735/679/1704 772/725/1704
f 751/711/1705 737/681/1705 761/713/1705
f 717/682/1706 782/716/1706 739/693/1706
f 741/669/1707 775/717/1707 756/691/1707
f 744/695/1708 729/694/1708 763/719/1708
f 730/676/1709 764/720/1709 745/696/1709
f 748/1328/1710 765/730/1710 747/732/1710
f 709/665/1711 720/721/1711 769/723/1711
f 721/1325/1712 770/703/1712 759/722/1712
f 733/1327/1713 771/735/1713 732/702/1713
f 784/718/1714 742/707/1714 743/728/1714 785/729/1714
f 760/710/1715 736/692/1715 779/737/1715
f 756/691/1716 783/744/1716 740/690/1716
f 756/691/1717 775/717/1717 783/744/1717
f 793/763/1718 758/698/1718 746/697/1718 776/761/1718
f 758/698/1719 793/763/1719 764/720/1719
f 776/761/1720 746/697/1720 747/732/1720 777/731/1720
f 786/740/1721 802/764/1721 767/1330/1721 768/709/1721
f 806/784/1722 770/703/1722 732/702/1722 807/736/1722
f 768/709/1723 709/665/1723 805/734/1723
f 781/777/1724 738/714/1724 739/693/1724 782/716/1724
f 698/704/1725 780/738/1725 753/705/1725
f 762/715/1726 738/714/1726 781/777/1726
f 789/743/1727 788/752/1727 752/712/1727 753/705/1727
f 778/726/1728 772/725/1728 808/757/1728
f 779/737/1729 773/686/1729 797/750/1729
f 761/713/1730 752/712/1730 788/752/1730
f 827/1331/1731 784/718/1731 785/729/1731 811/760/1731
f 755/688/1732 774/727/1732 782/716/1732
f 740/690/1733 790/745/1733 774/727/1733
f 775/717/1734 791/746/1734 783/744/1734
f 785/729/1735 744/695/1735 792/747/1735
f 763/719/1736 745/696/1736 815/748/1736
f 777/731/1737 794/769/1737 776/761/1737
f 766/733/1738 801/1332/1738 777/731/1738
f 769/723/1739 759/722/1739 795/749/1739
f 782/716/1740 799/775/1740 781/777/1740
f 782/716/1741 809/753/1741 799/775/1741
f 757/708/1742 800/754/1742 791/746/1742
f 777/731/1743 801/1332/1743 794/769/1743
f 802/764/1744 786/740/1744 803/756/1744
f 770/703/1745 806/784/1745 787/741/1745
f 774/727/1746 810/758/1746 809/753/1746
f 784/718/1747 827/1331/1747 800/754/1747
f 815/748/1748 764/720/1748 793/763/1748 816/762/1748
f 804/755/1749 805/734/1749 812/782/1749
f 807/736/1750 778/726/1750 820/772/1750
f 797/750/1751 798/742/1751 836/767/1751
f 798/742/1752 788/752/1752 813/766/1752
f 783/744/1753 839/768/1753 790/745/1753
f 823/774/1754 822/788/1754 788/752/1754 789/743/1754
f 776/761/1755 829/770/1755 816/762/1755
f 801/1332/1756 817/1333/1756 794/769/1756
f 812/782/1757 805/734/1757 819/771/1757
f 808/757/1758 760/710/1758 821/773/1758
f 760/710/1759 779/737/1759 821/773/1759
f 813/766/1760 788/752/1760 822/788/1760
f 832/785/1761 831/798/1761 795/749/1761 787/741/1761
f 762/715/1762 781/777/1762 824/776/1762
f 809/753/1763 838/793/1763 799/775/1763
f 809/753/1764 810/758/1764 838/793/1764
f 790/745/1765 855/778/1765 810/758/1765
f 791/746/1766 826/779/1766 825/759/1766
f 800/754/1767 827/1331/1767 826/779/1767
f 792/747/1768 763/719/1768 828/790/1768
f 763/719/1769 815/748/1769 828/790/1769
f 803/756/1770 804/755/1770 830/783/1770
f 819/771/1771 795/749/1771 831/798/1771
f 850/805/1772 794/769/1772 817/1333/1772 840/1334/1772
f 807/736/1773 833/808/1773 806/784/1773
f 820/772/1774 808/757/1774 834/810/1774
f 796/751/1775 797/750/1775 835/786/1775
f 814/739/1776 762/715/1776 837/789/1776
f 824/776/1777 799/775/1777 838/793/1777
f 792/747/1778 847/791/1778 846/780/1778
f 794/769/1779 850/805/1779 829/770/1779
f 867/1335/1780 827/1331/1780 811/760/1780 846/780/1780
f 841/781/1781 803/756/1781 830/783/1781
f 832/785/1782 806/784/1782 842/807/1782
f 833/808/1783 807/736/1783 843/1336/1783
f 807/736/1784 820/772/1784 843/1336/1784
f 821/773/1785 796/751/1785 835/786/1785
f 838/793/1786 845/792/1786 844/803/1786
f 848/794/1787 828/790/1787 815/748/1787 849/795/1787
f 859/799/1788 812/782/1788 819/771/1788 831/798/1788
f 861/812/1789 860/820/1789 808/757/1789 821/773/1789
f 835/786/1790 836/767/1790 851/801/1790
f 780/738/1791 853/802/1791 823/774/1791
f 824/776/1792 838/793/1792 854/804/1792
f 840/1334/1793 856/1337/1793 850/805/1793
f 812/782/1794 859/799/1794 887/818/1794
f 842/807/1795 806/784/1795 877/809/1795
f 843/1336/1796 820/772/1796 870/811/1796
f 834/810/1797 808/757/1797 860/820/1797
f 866/851/1798 826/779/1798 827/1331/1798 867/1335/1798
f 822/788/1799 862/813/1799 852/787/1799
f 837/789/1800 824/776/1800 863/814/1800
f 855/778/1801 864/831/1801 845/792/1801
f 825/759/1802 865/815/1802 839/768/1802
f 826/779/1803 866/851/1803 865/815/1803
f 893/840/1804 849/795/1804 829/770/1804 868/806/1804
f 879/865/1805 878/826/1805 843/1336/1805 870/811/1805
f 858/797/1806 812/782/1806 869/819/1806
f 833/808/1807 843/1336/1807 878/826/1807
f 861/812/1808 835/786/1808 871/822/1808
f 852/787/1809 881/823/1809 873/800/1809
f 844/803/1810 845/792/1810 884/829/1810
f 839/768/1811 874/824/1811 855/778/1811
f 849/795/1812 893/840/1812 848/794/1812
f 856/1337/1813 875/833/1813 850/805/1813
f 886/817/1814 830/783/1814 876/825/1814
f 830/783/1815 858/797/1815 876/825/1815
f 892/1338/1816 846/780/1816 847/791/1816 885/816/1816
f 851/801/1817 873/800/1817 880/827/1817
f 823/774/1818 882/828/1818 862/813/1818
f 814/739/1819 910/845/1819 380/377/1819
f 854/804/1820 844/803/1820 883/830/1820
f 891/849/1821 867/1335/1821 846/780/1821 892/1338/1821
f 848/794/1822 893/840/1822 885/816/1822
f 879/865/1823 870/811/1823 895/834/1823
f 872/821/1824 851/801/1824 888/835/1824
f 863/814/1825 854/804/1825 889/837/1825
f 855/778/1826 890/838/1826 864/831/1826
f 867/1335/1827 891/849/1827 866/851/1827
f 896/842/1828 895/834/1828 860/820/1828 861/812/1828
f 887/818/1829 877/809/1829 949/853/1829
f 903/891/1830 865/815/1830 866/851/1830 904/850/1830
f 862/813/1831 898/843/1831 881/823/1831
f 853/802/1832 899/844/1832 882/828/1832
f 837/789/1833 863/814/1833 900/847/1833
f 864/831/1834 901/848/1834 884/829/1834
f 865/815/1835 902/858/1835 874/824/1835
f 865/815/1836 903/891/1836 902/858/1836
f 907/855/1837 906/880/1837 871/822/1837 872/821/1837
f 869/819/1838 887/818/1838 918/854/1838
f 897/841/1839 871/822/1839 906/880/1839
f 912/931/1840 892/1338/1840 885/816/1840 913/852/1840
f 380/377/1841 909/846/1841 920/836/1841
f 814/739/1842 929/857/1842 910/845/1842
f 874/824/1843 911/859/1843 890/838/1843
f 892/1338/1844 924/877/1844 891/849/1844
f 892/1338/1845 912/931/1845 924/877/1845
f 925/866/1846 949/853/1846 877/809/1846 878/826/1846
f 876/825/1847 869/819/1847 916/862/1847
f 869/819/1848 917/864/1848 916/862/1848
f 925/866/1849 879/865/1849 895/834/1849 951/914/1849
f 881/823/1850 933/867/1850 880/827/1850
f 882/828/1851 919/868/1851 898/843/1851
f 909/846/1852 910/845/1852 921/869/1852
f 910/845/1853 922/870/1853 921/869/1853
f 883/830/1854 884/829/1854 923/871/1854
f 905/839/1855 944/872/1855 913/852/1855
f 996/916/1856 951/914/1856 895/834/1856 896/842/1856
f 888/835/1857 880/827/1857 933/867/1857
f 898/843/1858 926/873/1858 908/856/1858
f 921/869/1859 927/883/1859 920/836/1859
f 921/869/1860 928/874/1860 927/883/1860
f 929/857/1861 900/847/1861 930/875/1861
f 890/838/1862 931/876/1862 901/848/1862
f 891/849/1863 966/878/1863 904/850/1863
f 932/881/1864 996/916/1864 896/842/1864 897/841/1864
f 941/889/1865 940/909/1865 889/837/1865 883/830/1865
f 907/855/1866 888/835/1866 953/882/1866
f 899/844/1867 920/836/1867 934/884/1867
f 927/883/1868 935/900/1868 934/884/1868
f 927/883/1869 936/885/1869 935/900/1869
f 928/874/1870 937/887/1870 936/885/1870
f 928/874/1871 922/870/1871 938/886/1871
f 930/875/1872 889/837/1872 940/909/1872
f 948/895/1873 947/894/1873 917/864/1873 918/854/1873
f 923/871/1874 901/848/1874 942/890/1874
f 902/858/1875 943/892/1875 911/859/1875
f 916/862/1876 917/864/1876 947/894/1876
f 974/921/1877 973/941/1877 926/873/1877 919/868/1877
f 925/866/1878 950/937/1878 949/853/1878
f 906/880/1879 907/855/1879 952/896/1879
f 908/856/1880 954/897/1880 933/867/1880
f 919/868/1881 899/844/1881 955/899/1881
f 899/844/1882 934/884/1882 955/899/1882
f 934/884/1883 957/901/1883 956/898/1883
f 935/900/1884 958/902/1884 957/901/1884
f 936/885/1885 959/903/1885 958/902/1885
f 937/887/1886 938/886/1886 960/904/1886
f 938/886/1887 939/888/1887 961/906/1887
f 939/888/1888 962/907/1888 961/906/1888
f 929/857/1889 963/908/1889 962/907/1889
f 941/889/1890 923/871/1890 964/910/1890
f 931/876/1891 965/911/1891 942/890/1891
f 903/891/1892 987/912/1892 943/892/1892
f 914/861/1893 967/893/1893 944/872/1893
f 925/866/1894 969/915/1894 950/937/1894
f 932/881/1895 906/880/1895 971/918/1895
f 953/882/1896 933/867/1896 972/919/1896
f 954/897/1897 926/873/1897 973/941/1897
f 976/922/1898 957/901/1898 958/902/1898 977/923/1898
f 919/868/1899 955/899/1899 974/921/1899
f 955/899/1900 956/898/1900 975/920/1900
f 956/898/1901 976/922/1901 975/920/1901
f 983/928/1902 963/908/1902 940/909/1902 984/1339/1902
f 959/903/1903 978/925/1903 977/923/1903
f 959/903/1904 960/904/1904 978/925/1904
f 960/904/1905 981/905/1905 980/926/1905
f 961/906/1906 962/907/1906 982/927/1906
f 962/907/1907 983/928/1907 982/927/1907
f 984/1339/1908 940/909/1908 941/889/1908 985/929/1908
f 1023/961/1909 975/920/1909 976/922/1909 1001/959/1909
f 911/859/1910 986/930/1910 965/911/1910
f 966/878/1911 924/877/1911 988/932/1911
f 945/879/1912 991/951/1912 990/934/1912
f 968/913/1913 947/894/1913 993/935/1913
f 949/853/1914 994/955/1914 948/895/1914
f 951/914/1915 996/916/1915 969/915/1915
f 970/917/1916 932/881/1916 997/939/1916
f 952/896/1917 953/882/1917 998/940/1917
f 972/919/1918 954/897/1918 999/942/1918
f 974/921/1919 975/920/1919 1000/1340/1919
f 975/920/1920 1023/961/1920 1000/1340/1920
f 1006/965/1921 1005/945/1921 980/926/1921 981/905/1921
f 976/922/1922 1002/943/1922 1001/959/1922
f 977/923/1923 1003/944/1923 1002/943/1923
f 978/925/1924 1004/946/1924 1003/944/1924
f 978/925/1925 979/924/1925 1004/946/1925
f 979/924/1926 980/926/1926 1005/945/1926
f 1007/968/1927 1006/965/1927 981/905/1927 982/927/1927
f 1009/972/1928 964/910/1928 942/890/1928 1010/947/1928
f 982/927/1929 983/928/1929 1007/968/1929
f 983/928/1930 1008/971/1930 1007/968/1930
f 964/910/1931 1009/972/1931 985/929/1931
f 1020/958/1932 1019/979/1932 998/940/1932 972/919/1932
f 943/892/1933 1011/948/1933 986/930/1933
f 987/912/1934 966/878/1934 988/932/1934
f 988/932/1935 912/931/1935 1012/950/1935
f 912/931/1936 913/852/1936 1012/950/1936
f 993/935/1937 947/894/1937 1015/1341/1937
f 947/894/1938 1016/954/1938 1015/1341/1938
f 949/853/1939 995/938/1939 994/955/1939
f 996/916/1940 1017/956/1940 969/915/1940
f 952/896/1941 998/940/1941 1019/979/1941
f 1022/982/1942 1021/992/1942 973/941/1942 974/921/1942
f 999/942/1943 973/941/1943 1021/992/1943
f 1027/970/1944 983/928/1944 984/1339/1944 1028/1001/1944
f 974/921/1945 1000/1340/1945 1022/982/1945
f 1000/1340/1946 1023/961/1946 1022/982/1946
f 1001/959/1947 1024/962/1947 1041/960/1947
f 1004/946/1948 1066/964/1948 1003/944/1948
f 1005/945/1949 1006/965/1949 1025/967/1949
f 1006/965/1950 1007/968/1950 1045/966/1950
f 1007/968/1951 1008/971/1951 1027/970/1951
f 1028/1001/1952 984/1339/1952 985/929/1952 1029/973/1952
f 1036/1011/1953 1052/1010/1953 1014/936/1953 993/935/1953
f 1010/947/1954 1030/1002/1954 1009/972/1954
f 1010/947/1955 1031/974/1955 1030/1002/1955
f 987/912/1956 1032/1007/1956 1011/948/1956
f 987/912/1957 1047/1005/1957 1032/1007/1957
f 987/912/1958 988/932/1958 1047/1005/1958
f 989/933/1959 967/893/1959 1034/975/1959
f 967/893/1960 990/934/1960 1051/976/1960
f 992/953/1961 1035/990/1961 1013/952/1961
f 1036/1011/1962 993/935/1962 1015/1341/1962 1037/1342/1962
f 1037/1342/1963 1015/1341/1963 1016/954/1963 1053/1014/1963
f 1038/1343/1964 950/937/1964 969/915/1964 1039/978/1964
f 1016/954/1965 1054/977/1965 1053/1014/1965
f 950/937/1966 1038/1343/1966 995/938/1966
f 1048/989/1967 1047/1005/1967 988/932/1967 1012/950/1967
f 1017/956/1968 970/917/1968 1018/957/1968
f 971/918/1969 952/896/1969 1040/980/1969
f 1022/982/1970 1062/981/1970 1061/1022/1970
f 1005/945/1971 1025/967/1971 1044/984/1971
f 1025/967/1972 1045/966/1972 1044/984/1972
f 1026/969/1973 1027/970/1973 1045/966/1973
f 986/930/1974 1046/987/1974 1031/974/1974
f 1050/1033/1975 1095/1008/1975 1033/949/1975 1034/975/1975
f 1057/991/1976 1056/1015/1976 1018/957/1976 997/939/1976
f 1034/975/1977 1051/976/1977 1050/1033/1977
f 1054/977/1978 995/938/1978 1055/1038/1978
f 1039/978/1979 1017/956/1979 1056/1015/1979
f 1017/956/1980 1018/957/1980 1056/1015/1980
f 1059/1019/1981 1058/1018/1981 1019/979/1981 1020/958/1981
f 997/939/1982 971/918/1982 1057/991/1982
f 1040/980/1983 1019/979/1983 1058/1018/1983
f 1060/993/1984 1059/1019/1984 1020/958/1984 999/942/1984
f 1071/986/1985 1027/970/1985 1028/1001/1985 1072/1000/1985
f 1021/992/1986 1022/982/1986 1061/1022/1986
f 1041/960/1987 1063/995/1987 1106/994/1987
f 1042/983/1988 1064/1023/1988 1063/995/1988
f 1042/983/1989 1065/996/1989 1064/1023/1989
f 1042/983/1990 1003/944/1990 1065/996/1990
f 1043/963/1991 1067/997/1991 1066/964/1991
f 1044/984/1992 1068/999/1992 1067/997/1992
f 1044/984/1993 1045/966/1993 1069/998/1993
f 1073/1003/1994 1030/1002/1994 1031/974/1994 1074/1004/1994
f 1009/972/1995 1073/1003/1995 1029/973/1995
f 1078/1037/1996 1037/1342/1996 1053/1014/1996 1079/1013/1996
f 1011/948/1997 1094/1344/1997 1046/987/1997
f 1011/948/1998 1032/1007/1998 1094/1344/1998
f 1050/1033/1999 1051/976/1999 1076/1036/1999
f 1051/976/2000 1077/1009/2000 1076/1036/2000
f 1036/1011/2001 1037/1342/2001 1078/1037/2001
f 1081/1041/2002 1121/1016/2002 1056/1015/2002 1057/991/2002
f 1055/1038/2003 995/938/2003 1038/1343/2003
f 1082/1020/2004 1081/1041/2004 1057/991/2004 1040/980/2004
f 1104/1021/2005 1083/1044/2005 1021/992/2005 1061/1022/2005
f 1040/980/2006 1058/1018/2006 1082/1020/2006
f 1060/993/2007 1021/992/2007 1083/1044/2007
f 1086/1026/2008 1085/1024/2008 1064/1023/2008 1065/996/2008
f 1062/981/2009 1105/1064/2009 1104/1021/2009
f 1062/981/2010 1106/994/2010 1105/1064/2010
f 1063/995/2011 1084/1046/2011 1106/994/2011
f 1063/995/2012 1085/1024/2012 1084/1046/2012
f 1087/1025/2013 1067/997/2013 1068/999/2013 1088/1051/2013
f 1065/996/2014 1066/964/2014 1086/1026/2014
f 1112/1028/2015 1088/1051/2015 1068/999/2015 1069/998/2015
f 1091/1076/2016 1029/973/2016 1073/1003/2016 1092/1057/2016
f 1069/998/2017 1045/966/2017 1113/1027/2017
f 1045/966/2018 1070/985/2018 1113/1027/2018
f 1070/985/2019 1071/986/2019 1090/1030/2019
f 1029/973/2020 1091/1076/2020 1072/1000/2020
f 1092/1057/2021 1073/1003/2021 1074/1004/2021 1093/1055/2021
f 1093/1055/2022 1074/1004/2022 1046/987/2022 1094/1344/2022
f 1137/1089/2023 1094/1344/2023 1032/1007/2023 1116/1031/2023
f 1143/1081/2024 1100/1059/2024 1038/1343/2024 1039/978/2024
f 1047/1005/2025 1117/1032/2025 1075/1006/2025
f 1095/1008/2026 1118/1094/2026 1049/988/2026
f 1050/1033/2027 1076/1036/2027 1096/1034/2027
f 1076/1036/2028 1097/1035/2028 1096/1034/2028
f 1079/1013/2029 1054/977/2029 1099/1039/2029
f 1055/1038/2030 1038/1343/2030 1100/1059/2030
f 1120/1040/2031 1143/1081/2031 1039/978/2031 1056/1015/2031
f 1102/1063/2032 1101/1043/2032 1082/1020/2032 1059/1019/2032
f 1081/1041/2033 1082/1020/2033 1122/1042/2033
f 1103/1045/2034 1102/1063/2034 1059/1019/2034 1060/993/2034
f 1108/1050/2035 1107/1048/2035 1085/1024/2035 1086/1026/2035
f 1106/994/2036 1126/1047/2036 1125/1085/2036
f 1084/1046/2037 1107/1048/2037 1126/1047/2037
f 1136/1091/2038 1093/1055/2038 1094/1344/2038 1137/1089/2038
f 1086/1026/2039 1087/1025/2039 1108/1050/2039
f 1087/1025/2040 1110/1052/2040 1109/1049/2040
f 1088/1051/2041 1112/1028/2041 1132/1053/2041
f 1092/1057/2042 1114/1074/2042 1091/1076/2042
f 1092/1057/2043 1115/1056/2043 1114/1074/2043
f 1093/1055/2044 1136/1091/2044 1115/1056/2044
f 1117/1032/2045 1048/989/2045 1049/988/2045 1118/1094/2045
f 1124/1065/2046 1123/1345/2046 1083/1044/2046 1104/1021/2046
f 1095/1008/2047 1140/1092/2047 1118/1094/2047
f 1095/1008/2048 1097/1035/2048 1140/1092/2048
f 1098/1012/2049 1078/1037/2049 1141/1346/2049
f 1099/1039/2050 1055/1038/2050 1119/1060/2050
f 1103/1045/2051 1083/1044/2051 1123/1345/2051
f 1129/1067/2052 1128/1347/2052 1107/1048/2052 1108/1050/2052
f 1107/1048/2053 1128/1347/2053 1127/1066/2053
f 1158/1073/2054 1157/1071/2054 1113/1027/2054 1089/1029/2054
f 1109/1049/2055 1130/1068/2055 1129/1067/2055
f 1110/1052/2056 1131/1348/2056 1130/1068/2056
f 1110/1052/2057 1132/1053/2057 1131/1348/2057
f 1111/1054/2058 1112/1028/2058 1155/1069/2058
f 1112/1028/2059 1113/1027/2059 1156/1070/2059
f 1133/1072/2060 1090/1030/2060 1072/1000/2060 1134/1088/2060
f 1089/1029/2061 1090/1030/2061 1133/1072/2061
f 1134/1088/2062 1072/1000/2062 1091/1076/2062 1135/1075/2062
f 1161/1117/2063 1137/1089/2063 1116/1031/2063 1138/1058/2063
f 1115/1056/2064 1159/1349/2064 1114/1074/2064
f 1115/1056/2065 1136/1091/2065 1159/1349/2065
f 1137/1089/2066 1161/1117/2066 1160/1090/2066
f 1171/1083/2067 1144/1061/2067 1121/1016/2067 1122/1042/2067
f 1097/1035/2068 1164/1078/2068 1140/1092/2068
f 1141/1346/2069 1078/1037/2069 1142/1079/2069
f 1078/1037/2070 1099/1039/2070 1142/1079/2070
f 1100/1059/2071 1143/1081/2071 1167/1097/2071
f 1120/1040/2072 1080/1017/2072 1169/1080/2072
f 1176/1086/2073 1126/1047/2073 1127/1066/2073 1149/1102/2073
f 1122/1042/2074 1146/1062/2074 1145/1082/2074
f 1123/1345/2075 1124/1065/2075 1147/1350/2075
f 1124/1065/2076 1148/1084/2076 1147/1350/2076
f 1125/1085/2077 1176/1086/2077 1148/1084/2077
f 1149/1102/2078 1127/1066/2078 1128/1347/2078 1150/1104/2078
f 1151/1107/2079 1150/1104/2079 1128/1347/2079 1129/1067/2079
f 1152/1087/2080 1130/1068/2080 1131/1348/2080 1153/1108/2080
f 1129/1067/2081 1152/1087/2081 1151/1107/2081
f 1154/1110/2082 1153/1108/2082 1131/1348/2082 1132/1053/2082
f 1185/1116/2083 1159/1349/2083 1136/1091/2083 1160/1090/2083
f 1132/1053/2084 1155/1069/2084 1154/1110/2084
f 1114/1074/2085 1159/1349/2085 1135/1075/2085
f 1188/1140/2086 1117/1032/2086 1118/1094/2086 1189/1141/2086
f 1138/1058/2087 1162/1137/2087 1161/1117/2087
f 1138/1058/2088 1139/1077/2088 1162/1137/2088
f 1117/1032/2089 1188/1140/2089 1139/1077/2089
f 1173/1351/2090 1172/1101/2090 1146/1062/2090 1103/1045/2090
f 1118/1094/2091 1163/1093/2091 1189/1141/2091
f 1141/1346/2092 1191/1096/2092 1210/1352/2092
f 1141/1346/2093 1142/1079/2093 1191/1096/2093
f 1119/1060/2094 1100/1059/2094 1166/1098/2094
f 1143/1081/2095 1169/1080/2095 1168/1099/2095
f 1144/1061/2096 1171/1083/2096 1170/1100/2096
f 1145/1082/2097 1146/1062/2097 1172/1101/2097
f 1174/1125/2098 1173/1351/2098 1103/1045/2098 1123/1345/2098
f 1174/1125/2099 1147/1350/2099 1148/1084/2099 1175/1123/2099
f 1123/1345/2100 1147/1350/2100 1174/1125/2100
f 1183/1114/2101 1182/1113/2101 1157/1071/2101 1158/1073/2101
f 1148/1084/2102 1176/1086/2102 1175/1123/2102
f 1149/1102/2103 1178/1105/2103 1177/1103/2103
f 1150/1104/2104 1151/1107/2104 1179/1106/2104
f 1152/1087/2105 1198/1109/2105 1179/1106/2105
f 1153/1108/2106 1154/1110/2106 1180/1112/2106
f 1154/1110/2107 1155/1069/2107 1181/1111/2107
f 1155/1069/2108 1156/1070/2108 1181/1111/2108
f 1156/1070/2109 1157/1071/2109 1182/1113/2109
f 1183/1114/2110 1134/1088/2110 1135/1075/2110 1184/1135/2110
f 1184/1135/2111 1135/1075/2111 1159/1349/2111 1185/1116/2111
f 1195/1149/2112 1194/1148/2112 1173/1351/2112 1174/1125/2112
f 1160/1090/2113 1187/1118/2113 1186/1115/2113
f 1140/1092/2114 1209/1119/2114 1163/1093/2114
f 1165/1095/2115 1119/1060/2115 1166/1098/2115
f 1168/1099/2116 1169/1080/2116 1192/1121/2116
f 1171/1083/2117 1193/1122/2117 1170/1100/2117
f 1172/1101/2118 1194/1148/2118 1193/1122/2118
f 1172/1101/2119 1173/1351/2119 1194/1148/2119
f 1196/1124/2120 1175/1123/2120 1176/1086/2120 1216/1153/2120
f 1174/1125/2121 1196/1124/2121 1195/1149/2121
f 1216/1153/2122 1176/1086/2122 1177/1103/2122 1197/1126/2122
f 1203/1134/2123 1184/1135/2123 1185/1116/2123 1204/1136/2123
f 1150/1104/2124 1179/1106/2124 1219/1128/2124
f 1180/1112/2125 1181/1111/2125 1201/1132/2125
f 1181/1111/2126 1182/1113/2126 1202/1133/2126
f 1182/1113/2127 1183/1114/2127 1202/1133/2127
f 1208/1142/2128 1189/1141/2128 1163/1093/2128 1239/1143/2128
f 1185/1116/2129 1186/1115/2129 1204/1136/2129
f 1161/1117/2130 1205/1171/2130 1187/1118/2130
f 1161/1117/2131 1206/1138/2131 1205/1171/2131
f 1162/1137/2132 1207/1139/2132 1206/1138/2132
f 1188/1140/2133 1208/1142/2133 1225/1190/2133
f 1274/1224/2134 1210/1352/2134 1191/1096/2134 1227/1145/2134
f 1191/1096/2135 1165/1095/2135 1227/1145/2135
f 1165/1095/2136 1166/1098/2136 1211/1144/2136
f 1166/1098/2137 1167/1097/2137 1212/1146/2137
f 1170/1100/2138 1213/1180/2138 1192/1121/2138
f 1170/1100/2139 1214/1147/2139 1213/1180/2139
f 1194/1148/2140 1228/1150/2140 1214/1147/2140
f 1195/1149/2141 1215/1151/2141 1228/1150/2141
f 1196/1124/2142 1216/1153/2142 1215/1151/2142
f 1197/1126/2143 1217/1162/2143 1249/1152/2143
f 1197/1126/2144 1229/1154/2144 1217/1162/2144
f 1178/1105/2145 1230/1165/2145 1229/1154/2145
f 1178/1105/2146 1218/1127/2146 1230/1165/2146
f 1200/1131/2147 1201/1132/2147 1221/1157/2147
f 1201/1132/2148 1202/1133/2148 1222/1158/2148
f 1202/1133/2149 1203/1134/2149 1223/1159/2149
f 1204/1136/2150 1187/1118/2150 1205/1171/2150
f 1188/1140/2151 1225/1190/2151 1207/1139/2151
f 1231/1186/2152 1251/1185/2152 1219/1128/2152 1220/1129/2152
f 1211/1144/2153 1166/1098/2153 1212/1146/2153
f 1212/1146/2154 1168/1099/2154 1244/1161/2154
f 1214/1147/2155 1246/1183/2155 1213/1180/2155
f 1214/1147/2156 1228/1150/2156 1246/1183/2156
f 1255/1173/2157 1238/1172/2157 1205/1171/2157 1206/1138/2157
f 1220/1129/2158 1232/1155/2158 1231/1186/2158
f 1199/1130/2159 1233/1199/2159 1266/1166/2159
f 1199/1130/2160 1200/1131/2160 1233/1199/2160
f 1222/1158/2161 1223/1159/2161 1234/1168/2161
f 1223/1159/2162 1224/1160/2162 1236/1169/2162
f 1224/1160/2163 1204/1136/2163 1236/1169/2163
f 1204/1136/2164 1205/1171/2164 1237/1170/2164
f 1247/1182/2165 1228/1150/2165 1215/1151/2165 1248/1212/2165
f 1208/1142/2166 1272/1221/2166 1225/1190/2166
f 1208/1142/2167 1239/1143/2167 1272/1221/2167
f 1209/1119/2168 1190/1120/2168 1240/1174/2168
f 1227/1145/2169 1241/1176/2169 1274/1224/2169
f 1211/1144/2170 1309/1178/2170 1241/1176/2170
f 1211/1144/2171 1212/1146/2171 1242/1177/2171
f 1192/1121/2172 1245/1181/2172 1244/1161/2172
f 1213/1180/2173 1246/1183/2173 1245/1181/2173
f 1259/1234/2174 1215/1151/2174 1216/1153/2174 1260/1194/2174
f 1289/1208/2175 1271/1206/2175 1237/1170/2175 1238/1172/2175
f 1217/1162/2176 1250/1184/2176 1261/1163/2176
f 1230/1165/2177 1262/1195/2177 1229/1154/2177
f 1233/1199/2178 1200/1131/2178 1253/1189/2178
f 1207/1139/2179 1256/1191/2179 1255/1173/2179
f 1225/1190/2180 1272/1221/2180 1256/1191/2180
f 1239/1143/2181 1273/1192/2181 1272/1221/2181
f 1240/1174/2182 1226/1175/2182 1257/1211/2182
f 1241/1176/2183 1309/1178/2183 1275/1222/2183
f 1243/1179/2184 1244/1161/2184 1258/1227/2184
f 1245/1181/2185 1277/1228/2185 1244/1161/2185
f 1246/1183/2186 1280/1193/2186 1245/1181/2186
f 1248/1212/2187 1280/1193/2187 1247/1182/2187
f 1215/1151/2188 1259/1234/2188 1248/1212/2188
f 1229/1154/2189 1283/1196/2189 1250/1184/2189
f 1232/1155/2190 1265/1188/2190 1252/1187/2190
f 1233/1199/2191 1253/1189/2191 1267/1200/2191
f 1221/1157/2192 1254/1156/2192 1268/1202/2192
f 1254/1156/2193 1234/1168/2193 1270/1203/2193
f 1235/1167/2194 1236/1169/2194 1302/1205/2194
f 1236/1169/2195 1237/1170/2195 1271/1206/2195
f 1278/1231/2196 1245/1181/2196 1280/1193/2196 1279/1246/2196
f 1238/1172/2197 1255/1173/2197 1289/1208/2197
f 1273/1192/2198 1292/1210/2198 1272/1221/2198
f 1241/1176/2199 1275/1222/2199 1274/1224/2199
f 1242/1177/2200 1243/1179/2200 1276/1225/2200
f 1244/1161/2201 1277/1228/2201 1258/1227/2201
f 1314/1236/2202 1264/1198/2202 1285/1353/2202 1296/1271/2202
f 1248/1212/2203 1259/1234/2203 1281/1213/2203
f 1261/1163/2204 1295/1215/2204 1282/1214/2204
f 1264/1198/2205 1252/1187/2205 1285/1353/2205
f 1252/1187/2206 1286/1216/2206 1285/1353/2206
f 1265/1188/2207 1297/1217/2207 1286/1216/2207
f 1266/1166/2208 1267/1200/2208 1297/1217/2208
f 1253/1189/2209 1221/1157/2209 1268/1202/2209
f 1270/1203/2210 1234/1168/2210 1287/1219/2210
f 1234/1168/2211 1235/1167/2211 1287/1219/2211
f 1271/1206/2212 1289/1208/2212 1304/1239/2212
f 1275/1222/2213 1309/1178/2213 1308/1223/2213
f 1309/1178/2214 1242/1177/2214 1310/1226/2214
f 1280/1193/2215 1293/1232/2215 1279/1246/2215
f 1260/1194/2216 1282/1214/2216 1294/1233/2216
f 1263/1164/2217 1314/1236/2217 1325/1235/2217
f 1352/1266/2218 1332/1354/2218 1302/1205/2218 1288/1204/2218
f 1285/1353/2219 1315/1274/2219 1296/1271/2219
f 1285/1353/2220 1286/1216/2220 1315/1274/2220
f 1268/1202/2221 1269/1201/2221 1299/1237/2221
f 1270/1203/2222 1287/1219/2222 1301/1238/2222
f 1288/1204/2223 1271/1206/2223 1303/1240/2223
f 1289/1208/2224 1290/1207/2224 1305/1241/2224
f 1272/1221/2225 1319/1242/2225 1291/1220/2225
f 1308/1223/2226 1309/1178/2226 1335/1256/2226
f 1258/1227/2227 1311/1244/2227 1276/1225/2227
f 1277/1228/2228 1320/1230/2228 1338/1229/2228
f 1279/1246/2229 1321/1245/2229 1278/1231/2229
f 1281/1213/2230 1323/1258/2230 1293/1232/2230
f 1259/1234/2231 1312/1247/2231 1281/1213/2231
f 1294/1233/2232 1313/1248/2232 1312/1247/2232
f 1282/1214/2233 1295/1215/2233 1313/1248/2233
f 1296/1271/2234 1346/1273/2234 1314/1236/2234
f 1286/1216/2235 1297/1217/2235 1316/1277/2235
f 1297/1217/2236 1267/1200/2236 1298/1278/2236
f 1267/1200/2237 1317/1249/2237 1298/1278/2237
f 1300/1218/2238 1301/1238/2238 1330/1281/2238
f 1304/1239/2239 1289/1208/2239 1334/1252/2239
f 1305/1241/2240 1291/1220/2240 1318/1255/2240
f 1293/1232/2241 1322/1259/2241 1321/1245/2241
f 1313/1248/2242 1295/1215/2242 1324/1261/2242
f 1315/1274/2243 1286/1216/2243 1316/1277/2243
f 1316/1277/2244 1297/1217/2244 1326/1355/2244
f 1253/1189/2245 1327/1250/2245 1317/1249/2245
f 1268/1202/2246 1328/1251/2246 1327/1250/2246
f 1299/1237/2247 1329/1264/2247 1328/1251/2247
f 1300/1218/2248 1330/1281/2248 1329/1264/2248
f 1287/1219/2249 1302/1205/2249 1331/1265/2249
f 1353/1356/2250 1352/1266/2250 1303/1240/2250 1333/1253/2250
f 1303/1240/2251 1304/1239/2251 1333/1253/2251
f 1319/1242/2252 1292/1210/2252 1356/1283/2252
f 1292/1210/2253 1306/1209/2253 1357/1284/2253
f 1310/1226/2254 1336/1357/2254 1335/1256/2254
f 1310/1226/2255 1337/1257/2255 1336/1357/2255
f 1320/1230/2256 1339/1267/2256 1338/1229/2256
f 1312/1247/2257 1340/1269/2257 1323/1258/2257
f 1312/1247/2258 1313/1248/2258 1340/1269/2258
f 1262/1195/2259 1284/1197/2259 1344/1270/2259
f 1314/1236/2260 1346/1273/2260 1345/1263/2260
f 1296/1271/2261 1348/1276/2261 1347/1272/2261
f 1296/1271/2262 1315/1274/2262 1348/1276/2262
f 1326/1355/2263 1297/1217/2263 1350/1279/2263
f 1330/1281/2264 1351/1280/2264 1329/1264/2264
f 1331/1265/2265 1302/1205/2265 1332/1354/2265
f 1354/1282/2266 1353/1356/2266 1333/1253/2266 1334/1252/2266
f 1334/1252/2267 1305/1241/2267 1354/1282/2267
f 1306/1209/2268 1307/1243/2268 1357/1284/2268
